problem,method,seed,completed,evaluation_count,final_regret,regret_area,cost_to_first_feasible,total_cost,constraint_violations,successes,scientific_infeasible,model_failures,timeouts,infrastructure_failures,optimizer_overhead_seconds,fallback_events,unresolved_fallback_suggestions,invalid_configurations,budget_overruns,replay_consistent,error
smooth_continuous,fixed,0,True,10,0.0,0.17777777777777778,1.0,10.0,0,10,0,0,0,0,0.01521291583776474,0,0,0,0,True,
smooth_continuous,fixed,1,True,10,0.0,0.17777777777777778,1.0,10.0,0,10,0,0,0,0,0.0026694159023463726,0,0,0,0,True,
smooth_continuous,fixed,2,True,10,0.0,0.17777777777777778,1.0,10.0,0,10,0,0,0,0,0.0031431270763278008,0,0,0,0,True,
smooth_continuous,fixed,3,True,10,0.0,0.17777777777777778,1.0,10.0,0,10,0,0,0,0,0.0029588770121335983,0,0,0,0,True,
smooth_continuous,fixed,4,True,10,0.0,0.17777777777777778,1.0,10.0,0,10,0,0,0,0,0.0027964571490883827,0,0,0,0,True,
smooth_continuous,fixed,5,True,10,0.0,0.17777777777777778,1.0,10.0,0,10,0,0,0,0,0.002834873739629984,0,0,0,0,True,
smooth_continuous,fixed,6,True,10,0.0,0.17777777777777778,1.0,10.0,0,10,0,0,0,0,0.002750042360275984,0,0,0,0,True,
smooth_continuous,fixed,7,True,10,0.0,0.17777777777777778,1.0,10.0,0,10,0,0,0,0,0.0026874197646975517,0,0,0,0,True,
smooth_continuous,fixed,8,True,10,0.0,0.17777777777777778,1.0,10.0,0,10,0,0,0,0,0.0069142053835093975,0,0,0,0,True,
smooth_continuous,fixed,9,True,10,0.0,0.17777777777777778,1.0,10.0,0,10,0,0,0,0,0.014178002718836069,0,0,0,0,True,
smooth_continuous,fixed,10,True,10,0.0,0.17777777777777778,1.0,10.0,0,10,0,0,0,0,0.004252544138580561,0,0,0,0,True,
smooth_continuous,fixed,11,True,10,0.0,0.17777777777777778,1.0,10.0,0,10,0,0,0,0,0.003109751269221306,0,0,0,0,True,
smooth_continuous,fixed,12,True,10,0.0,0.17777777777777778,1.0,10.0,0,10,0,0,0,0,0.002875369507819414,0,0,0,0,True,
smooth_continuous,fixed,13,True,10,0.0,0.17777777777777778,1.0,10.0,0,10,0,0,0,0,0.004518627189099789,0,0,0,0,True,
smooth_continuous,fixed,14,True,10,0.0,0.17777777777777778,1.0,10.0,0,10,0,0,0,0,0.004255210980772972,0,0,0,0,True,
smooth_continuous,fixed,15,True,10,0.0,0.17777777777777778,1.0,10.0,0,10,0,0,0,0,0.004839295521378517,0,0,0,0,True,
smooth_continuous,fixed,16,True,10,0.0,0.17777777777777778,1.0,10.0,0,10,0,0,0,0,0.005118126980960369,0,0,0,0,True,
smooth_continuous,fixed,17,True,10,0.0,0.17777777777777778,1.0,10.0,0,10,0,0,0,0,0.005125164985656738,0,0,0,0,True,
smooth_continuous,fixed,18,True,10,0.0,0.17777777777777778,1.0,10.0,0,10,0,0,0,0,0.0032671219669282436,0,0,0,0,True,
smooth_continuous,fixed,19,True,10,0.0,0.17777777777777778,1.0,10.0,0,10,0,0,0,0,0.009031083434820175,0,0,0,0,True,
smooth_continuous,fixed,20,True,10,0.0,0.17777777777777778,1.0,10.0,0,10,0,0,0,0,0.0029507060535252094,0,0,0,0,True,
smooth_continuous,fixed,21,True,10,0.0,0.17777777777777778,1.0,10.0,0,10,0,0,0,0,0.03522654063999653,0,0,0,0,True,
smooth_continuous,fixed,22,True,10,0.0,0.17777777777777778,1.0,10.0,0,10,0,0,0,0,0.003967208322137594,0,0,0,0,True,
smooth_continuous,fixed,23,True,10,0.0,0.17777777777777778,1.0,10.0,0,10,0,0,0,0,0.0029875831678509712,0,0,0,0,True,
smooth_continuous,fixed,24,True,10,0.0,0.17777777777777778,1.0,10.0,0,10,0,0,0,0,0.0030382047407329082,0,0,0,0,True,
smooth_continuous,fixed,25,True,10,0.0,0.17777777777777778,1.0,10.0,0,10,0,0,0,0,0.0033185011707246304,0,0,0,0,True,
smooth_continuous,fixed,26,True,10,0.0,0.17777777777777778,1.0,10.0,0,10,0,0,0,0,0.0027670012786984444,0,0,0,0,True,
smooth_continuous,fixed,27,True,10,0.0,0.17777777777777778,1.0,10.0,0,10,0,0,0,0,0.0028940443880856037,0,0,0,0,True,
smooth_continuous,fixed,28,True,10,0.0,0.17777777777777778,1.0,10.0,0,10,0,0,0,0,0.0029892073944211006,0,0,0,0,True,
smooth_continuous,fixed,29,True,10,0.0,0.17777777777777778,1.0,10.0,0,10,0,0,0,0,0.0029104999266564846,0,0,0,0,True,
smooth_continuous,random,0,True,10,0.023869400954399156,0.15174302200134196,1.0,10.0,0,10,0,0,0,0,0.001025250181555748,0,0,0,0,True,
smooth_continuous,random,1,True,10,0.0375539040478694,0.153838721435911,1.0,10.0,0,10,0,0,0,0,0.0021677492186427116,0,0,0,0,True,
smooth_continuous,random,2,True,10,0.04928753025681187,0.23580004052405296,1.0,10.0,0,10,0,0,0,0,0.001238171011209488,0,0,0,0,True,
smooth_continuous,random,3,True,10,0.001301118733746942,0.18485664457010637,1.0,10.0,0,10,0,0,0,0,0.0030742078088223934,0,0,0,0,True,
smooth_continuous,random,4,True,10,0.08945196081421969,0.2850338199923894,1.0,10.0,0,10,0,0,0,0,0.0009497092105448246,0,0,0,0,True,
smooth_continuous,random,5,True,10,0.014449571684567175,0.15377739580839153,1.0,10.0,0,10,0,0,0,0,0.0009659598581492901,0,0,0,0,True,
smooth_continuous,random,6,True,10,0.010840804968577089,0.10995811411348493,1.0,10.0,0,10,0,0,0,0,0.0010586660355329514,0,0,0,0,True,
smooth_continuous,random,7,True,10,0.013659368841833275,0.183450467284565,1.0,10.0,0,10,0,0,0,0,0.0010527893900871277,0,0,0,0,True,
smooth_continuous,random,8,True,10,0.023742234354698022,0.14319317615247967,1.0,10.0,0,10,0,0,0,0,0.0010657105594873428,0,0,0,0,True,
smooth_continuous,random,9,True,10,0.014208572784421447,0.16558455915029888,1.0,10.0,0,10,0,0,0,0,0.001024829689413309,0,0,0,0,True,
smooth_continuous,random,10,True,10,0.008459726345702356,0.2210702047363155,1.0,10.0,0,10,0,0,0,0,0.0009224605746567249,0,0,0,0,True,
smooth_continuous,random,11,True,10,0.0016624438055229396,0.12774876382423872,1.0,10.0,0,10,0,0,0,0,0.0009988308884203434,0,0,0,0,True,
smooth_continuous,random,12,True,10,0.04151121758179577,0.21238582248050938,1.0,10.0,0,10,0,0,0,0,0.000911543145775795,0,0,0,0,True,
smooth_continuous,random,13,True,10,0.020323617342222988,0.14804246196912157,1.0,10.0,0,10,0,0,0,0,0.0011351658031344414,0,0,0,0,True,
smooth_continuous,random,14,True,10,0.014748738559483887,0.11560892181819882,1.0,10.0,0,10,0,0,0,0,0.0009717079810798168,0,0,0,0,True,
smooth_continuous,random,15,True,10,0.021367807063300215,0.2176368882390201,1.0,10.0,0,10,0,0,0,0,0.0010264599695801735,0,0,0,0,True,
smooth_continuous,random,16,True,10,0.006850621918048749,0.15489155634904614,1.0,10.0,0,10,0,0,0,0,0.0010285419411957264,0,0,0,0,True,
smooth_continuous,random,17,True,10,0.0011203143961316941,0.2056185426759561,1.0,10.0,0,10,0,0,0,0,0.000930040143430233,0,0,0,0,True,
smooth_continuous,random,18,True,10,0.004992402421875042,0.13100468689308892,1.0,10.0,0,10,0,0,0,0,0.0009801657870411873,0,0,0,0,True,
smooth_continuous,random,19,True,10,0.04198949211495129,0.18628502269200303,1.0,10.0,0,10,0,0,0,0,0.0010396665893495083,0,0,0,0,True,
smooth_continuous,random,20,True,10,0.0005044596074718077,0.11313395998252171,1.0,10.0,0,10,0,0,0,0,0.001184125430881977,0,0,0,0,True,
smooth_continuous,random,21,True,10,0.0038825804783573226,0.12693767330970207,1.0,10.0,0,10,0,0,0,0,0.0011403737589716911,0,0,0,0,True,
smooth_continuous,random,22,True,10,0.02542018418640446,0.20725785929894172,1.0,10.0,0,10,0,0,0,0,0.001001874916255474,0,0,0,0,True,
smooth_continuous,random,23,True,10,0.008857025710343969,0.13455570277507803,1.0,10.0,0,10,0,0,0,0,0.0010318337008357048,0,0,0,0,True,
smooth_continuous,random,24,True,10,0.04249735266187493,0.14371619412069542,1.0,10.0,0,10,0,0,0,0,0.0010464168153703213,0,0,0,0,True,
smooth_continuous,random,25,True,10,0.008961798550847333,0.1416323504293726,1.0,10.0,0,10,0,0,0,0,0.0017771259881556034,0,0,0,0,True,
smooth_continuous,random,26,True,10,0.006523349983235671,0.29940580518222876,1.0,10.0,0,10,0,0,0,0,0.0009749988093972206,0,0,0,0,True,
smooth_continuous,random,27,True,10,0.10747914065783692,0.23046898636511984,1.0,10.0,0,10,0,0,0,0,0.0009010834619402885,0,0,0,0,True,
smooth_continuous,random,28,True,10,0.0033335001820568033,0.10300015016385103,1.0,10.0,0,10,0,0,0,0,0.0009514591656625271,0,0,0,0,True,
smooth_continuous,random,29,True,10,0.016747293449466794,0.12524085221424752,1.0,10.0,0,10,0,0,0,0,0.0009854184463620186,0,0,0,0,True,
smooth_continuous,sobol,0,True,10,0.008847787288107867,0.2310628099720553,1.0,10.0,0,10,0,0,0,0,0.0065529984422028065,0,0,0,0,True,
smooth_continuous,sobol,1,True,10,0.029958227063411225,0.19935120129610545,1.0,10.0,0,10,0,0,0,0,0.0024220854975283146,0,0,0,0,True,
smooth_continuous,sobol,2,True,10,0.019096436088546942,0.17078120656777745,1.0,10.0,0,10,0,0,0,0,0.0027007092721760273,0,0,0,0,True,
smooth_continuous,sobol,3,True,10,0.009124225995640223,0.16322313469523567,1.0,10.0,0,10,0,0,0,0,0.0024127489887177944,0,0,0,0,True,
smooth_continuous,sobol,4,True,10,0.011284997764202775,0.1101564979877824,1.0,10.0,0,10,0,0,0,0,0.0029829577542841434,0,0,0,0,True,
smooth_continuous,sobol,5,True,10,0.015276683558181126,0.12380361183854523,1.0,10.0,0,10,0,0,0,0,0.0024689999409019947,0,0,0,0,True,
smooth_continuous,sobol,6,True,10,0.002715135982525818,0.13707686974226013,1.0,10.0,0,10,0,0,0,0,0.002356873359531164,0,0,0,0,True,
smooth_continuous,sobol,7,True,10,0.03304853684412923,0.20168082022942416,1.0,10.0,0,10,0,0,0,0,0.002683042548596859,0,0,0,0,True,
smooth_continuous,sobol,8,True,10,0.011209164469077826,0.1420059504730699,1.0,10.0,0,10,0,0,0,0,0.0025127939879894257,0,0,0,0,True,
smooth_continuous,sobol,9,True,10,0.007521229686577535,0.2207166551293124,1.0,10.0,0,10,0,0,0,0,0.004743541125208139,0,0,0,0,True,
smooth_continuous,sobol,10,True,10,0.014771726406138996,0.1343877812409095,1.0,10.0,0,10,0,0,0,0,0.002506708260625601,0,0,0,0,True,
smooth_continuous,sobol,11,True,10,0.04592625386858695,0.17835949355516859,1.0,10.0,0,10,0,0,0,0,0.002437334507703781,0,0,0,0,True,
smooth_continuous,sobol,12,True,10,0.018449481208696605,0.16385844370684713,1.0,10.0,0,10,0,0,0,0,0.0026174141094088554,0,0,0,0,True,
smooth_continuous,sobol,13,True,10,0.012565116511821017,0.15762170572946682,1.0,10.0,0,10,0,0,0,0,0.002630791161209345,0,0,0,0,True,
smooth_continuous,sobol,14,True,10,0.03586157935437373,0.17558443563165843,1.0,10.0,0,10,0,0,0,0,0.002455286681652069,0,0,0,0,True,
smooth_continuous,sobol,15,True,10,0.053139036310548726,0.20083005098552476,1.0,10.0,0,10,0,0,0,0,0.002890833653509617,0,0,0,0,True,
smooth_continuous,sobol,16,True,10,0.001631962750500815,0.12229674343399544,1.0,10.0,0,10,0,0,0,0,0.0031068334355950356,0,0,0,0,True,
smooth_continuous,sobol,17,True,10,0.019760212560853696,0.1729653870221281,1.0,10.0,0,10,0,0,0,0,0.0036621252074837685,0,0,0,0,True,
smooth_continuous,sobol,18,True,10,0.006071977802252326,0.1271640177323627,1.0,10.0,0,10,0,0,0,0,0.004176873713731766,0,0,0,0,True,
smooth_continuous,sobol,19,True,10,0.039938088130175964,0.18868633134809007,1.0,10.0,0,10,0,0,0,0,0.002783125266432762,0,0,0,0,True,
smooth_continuous,sobol,20,True,10,0.013660354379324335,0.14553839377164174,1.0,10.0,0,10,0,0,0,0,0.0032202494330704212,0,0,0,0,True,
smooth_continuous,sobol,21,True,10,0.01683516125552076,0.11515164512996878,1.0,10.0,0,10,0,0,0,0,0.001818289514631033,0,0,0,0,True,
smooth_continuous,sobol,22,True,10,0.014425323187112205,0.14881458690562027,1.0,10.0,0,10,0,0,0,0,0.0031920867040753365,0,0,0,0,True,
smooth_continuous,sobol,23,True,10,0.02680797120727263,0.12931134793322804,1.0,10.0,0,10,0,0,0,0,0.0011030458845198154,0,0,0,0,True,
smooth_continuous,sobol,24,True,10,0.006865610385501708,0.13525154167306308,1.0,10.0,0,10,0,0,0,0,0.002799167763441801,0,0,0,0,True,
smooth_continuous,sobol,25,True,10,0.01335925426926754,0.21644364826519036,1.0,10.0,0,10,0,0,0,0,0.00271171098574996,0,0,0,0,True,
smooth_continuous,sobol,26,True,10,0.005667812336169864,0.1494938995344457,1.0,10.0,0,10,0,0,0,0,0.0026269974187016487,0,0,0,0,True,
smooth_continuous,sobol,27,True,10,0.016869717612567392,0.1296561570318752,1.0,10.0,0,10,0,0,0,0,0.0029450412839651108,0,0,0,0,True,
smooth_continuous,sobol,28,True,10,0.007049867748747274,0.16316208873161017,1.0,10.0,0,10,0,0,0,0,0.004351835232228041,0,0,0,0,True,
smooth_continuous,sobol,29,True,10,0.0008552101301495529,0.12904499181634527,1.0,10.0,0,10,0,0,0,0,0.012981872539967299,0,0,0,0,True,
smooth_continuous,smac,0,True,10,0.008847787288107867,0.2310628099720553,1.0,10.0,0,10,0,0,0,0,0.3882846222259104,0,0,0,0,,
smooth_continuous,smac,1,True,10,0.044179939371897126,0.20614686491363007,1.0,10.0,0,10,0,0,0,0,0.36728366557508707,0,0,0,0,,
smooth_continuous,smac,2,True,10,0.019096436088546942,0.17078120656777745,1.0,10.0,0,10,0,0,0,0,0.3921655402518809,0,0,0,0,,
smooth_continuous,smac,3,True,10,0.021583846536679996,0.16736767496047839,1.0,10.0,0,10,0,0,0,0,0.3247570423409343,0,0,0,0,,
smooth_continuous,smac,4,True,10,0.011284997764202775,0.1101564979877824,1.0,10.0,0,10,0,0,0,0,0.3485857089981437,0,0,0,0,,
smooth_continuous,smac,5,True,10,0.026226542602234892,0.1248985977429506,1.0,10.0,0,10,0,0,0,0,0.30019424809142947,0,0,0,0,,
smooth_continuous,smac,6,True,10,0.0008507280955190044,0.13798707210008526,1.0,10.0,0,10,0,0,0,0,0.35725199757143855,0,0,0,0,,
smooth_continuous,smac,7,True,10,0.05074857982572212,0.20590789572813373,1.0,10.0,0,10,0,0,0,0,0.30242949863895774,0,0,0,0,,
smooth_continuous,smac,8,True,10,0.011209164469077826,0.1420059504730699,1.0,10.0,0,10,0,0,0,0,0.33175691962242126,0,0,0,0,,
smooth_continuous,smac,9,True,10,0.0018970870936616535,0.21189353162560254,1.0,10.0,0,10,0,0,0,0,0.344546671025455,0,0,0,0,,
smooth_continuous,smac,10,True,10,0.023130105566725012,0.13522361915696812,1.0,10.0,0,10,0,0,0,0,0.030230334494262934,0,0,0,0,,
smooth_continuous,smac,11,True,10,0.03730369432315428,0.17491046973699548,1.0,10.0,0,10,0,0,0,0,0.36244633281603456,0,0,0,0,,
smooth_continuous,smac,12,True,10,0.04219571087802132,0.17098231260764454,1.0,10.0,0,10,0,0,0,0,0.363385496661067,0,0,0,0,,
smooth_continuous,smac,13,True,10,0.0343450349422143,0.15979969757250617,1.0,10.0,0,10,0,0,0,0,0.33839562349021435,0,0,0,0,,
smooth_continuous,smac,14,True,10,0.007750656104943743,0.17104800058809694,1.0,10.0,0,10,0,0,0,0,0.26543054496869445,0,0,0,0,,
smooth_continuous,smac,15,True,10,0.010166682607194777,0.18974533262465992,1.0,10.0,0,10,0,0,0,0,0.3354787933640182,0,0,0,0,,
smooth_continuous,smac,16,True,10,0.001631962750500815,0.12229674343399544,1.0,10.0,0,10,0,0,0,0,0.33282341714948416,0,0,0,0,,
smooth_continuous,smac,17,True,10,0.028391062637054598,0.17858440821134347,1.0,10.0,0,10,0,0,0,0,0.29892404517158866,0,0,0,0,,
smooth_continuous,smac,18,True,10,0.014081334340782847,0.13038894178954355,1.0,10.0,0,10,0,0,0,0,0.3344584610313177,0,0,0,0,,
smooth_continuous,smac,19,True,10,0.009404875372886812,0.1772402433133991,1.0,10.0,0,10,0,0,0,0,0.3307076236233115,0,0,0,0,,
smooth_continuous,smac,20,True,10,0.035077492939515675,0.14982182148368,1.0,10.0,0,10,0,0,0,0,0.3923055059276521,0,0,0,0,,
smooth_continuous,smac,21,True,10,0.007527192014023298,0.11265410971960459,1.0,10.0,0,10,0,0,0,0,0.3565758322365582,0,0,0,0,,
smooth_continuous,smac,22,True,10,0.010072666881152714,0.14839637705606618,1.0,10.0,0,10,0,0,0,0,0.356971625238657,0,0,0,0,,
smooth_continuous,smac,23,True,10,0.02680797120727263,0.12931134793322804,1.0,10.0,0,10,0,0,0,0,0.29333591600880027,0,0,0,0,,
smooth_continuous,smac,24,True,10,0.00030114677775472387,0.134380322962156,1.0,10.0,0,10,0,0,0,0,0.3328377087600529,0,0,0,0,,
smooth_continuous,smac,25,True,10,0.02367669920968718,0.22401370731281153,1.0,10.0,0,10,0,0,0,0,0.2982467105612159,0,0,0,0,,
smooth_continuous,smac,26,True,10,0.002547052204101452,0.14824559548161834,1.0,10.0,0,10,0,0,0,0,0.34208949701860547,0,0,0,0,,
smooth_continuous,smac,27,True,10,0.008102415397535201,0.12762700088347567,1.0,10.0,0,10,0,0,0,0,0.3152089579962194,0,0,0,0,,
smooth_continuous,smac,28,True,10,0.028508734656478407,0.17551583855829658,1.0,10.0,0,10,0,0,0,0,0.3978093364275992,0,0,0,0,,
smooth_continuous,smac,29,True,10,0.03553371775579062,0.13251284257890938,1.0,10.0,0,10,0,0,0,0,0.35640828916803,0,0,0,0,,
smooth_continuous,botorch,0,True,10,0.0001686680966681564,0.2293597487070315,1.0,10.0,0,10,0,0,0,0,2.0285437521524727,5,0,0,0,True,
smooth_continuous,botorch,1,True,10,3.579012483523325e-05,0.18818239048187907,1.0,10.0,0,10,0,0,0,0,0.7043722094967961,5,0,0,0,True,
smooth_continuous,botorch,2,True,10,0.0002145070673064131,0.16559713352358796,1.0,10.0,0,10,0,0,0,0,0.7398592070676386,5,0,0,0,True,
smooth_continuous,botorch,3,True,10,0.0037194690145876397,0.16450929182939916,1.0,10.0,0,10,0,0,0,0,0.5702785812318325,5,0,0,0,True,
smooth_continuous,botorch,4,True,10,7.266185961507521e-05,0.10685787789909892,1.0,10.0,0,10,0,0,0,0,0.7279717498458922,5,0,0,0,True,
smooth_continuous,botorch,5,True,10,0.00011372329825087846,0.11412145313555926,1.0,10.0,0,10,0,0,0,0,0.9609399549663067,5,0,0,0,True,
smooth_continuous,botorch,6,True,10,1.3102128304520733e-06,0.137412288737174,1.0,10.0,0,10,0,0,0,0,0.7017913344316185,5,0,0,0,True,
smooth_continuous,botorch,7,True,10,0.0004467692645691024,0.18100646972236611,1.0,10.0,0,10,0,0,0,0,0.7986386674456298,5,0,0,0,True,
smooth_continuous,botorch,8,True,10,0.00014865980528544487,0.1397938495403114,1.0,10.0,0,10,0,0,0,0,0.5742580844089389,5,0,0,0,True,
smooth_continuous,botorch,9,True,10,0.00019167303292577653,0.22462301482970962,1.0,10.0,0,10,0,0,0,0,0.5658617513254285,5,0,0,0,True,
smooth_continuous,botorch,10,True,10,0.001470299642909012,0.13089165797220492,1.0,10.0,0,10,0,0,0,0,0.6542734149843454,5,0,0,0,True,
smooth_continuous,botorch,11,True,10,9.324897345608374e-05,0.16064162702596502,1.0,10.0,0,10,0,0,0,0,0.6309822481125593,5,0,0,0,True,
smooth_continuous,botorch,12,True,10,0.00016817357064924376,0.15927184230768562,1.0,10.0,0,10,0,0,0,0,0.4960027923807502,5,0,0,0,True,
smooth_continuous,botorch,13,True,10,0.0004422774115609984,0.1477108762905625,1.0,10.0,0,10,0,0,0,0,0.8149475427344441,5,0,0,0,True,
smooth_continuous,botorch,14,True,10,0.001049324453233691,0.1691185082357148,1.0,10.0,0,10,0,0,0,0,0.5917127076536417,5,0,0,0,True,
smooth_continuous,botorch,15,True,10,0.0009015892500923162,0.18796855317268957,1.0,10.0,0,10,0,0,0,0,0.7699256241321564,5,0,0,0,True,
smooth_continuous,botorch,16,True,10,0.001631962750500815,0.12229674343399544,1.0,10.0,0,10,0,0,0,0,0.6266729547642171,5,0,0,0,True,
smooth_continuous,botorch,17,True,10,4.074305769219411e-05,0.1647354285292908,1.0,10.0,0,10,0,0,0,0,0.7984434147365391,5,0,0,0,True,
smooth_continuous,botorch,18,True,10,8.950796655782245e-05,0.12544702709131006,1.0,10.0,0,10,0,0,0,0,0.7900099568068981,5,0,0,0,True,
smooth_continuous,botorch,19,True,10,5.256329309788477e-05,0.17346165920745676,1.0,10.0,0,10,0,0,0,0,0.45937145641073585,5,0,0,0,True,
smooth_continuous,botorch,20,True,10,0.0010653552102056763,0.1366611107763708,1.0,10.0,0,10,0,0,0,0,0.5959615437313914,5,0,0,0,True,
smooth_continuous,botorch,21,True,10,3.067598487216383e-05,0.11025961551976424,1.0,10.0,0,10,0,0,0,0,0.7313095014542341,5,0,0,0,True,
smooth_continuous,botorch,22,True,10,0.00024712756212796894,0.14659853863001718,1.0,10.0,0,10,0,0,0,0,0.40070991590619087,5,0,0,0,True,
smooth_continuous,botorch,23,True,10,1.65973539762998e-05,0.11939532544524348,1.0,10.0,0,10,0,0,0,0,0.810827792622149,5,0,0,0,True,
smooth_continuous,botorch,24,True,10,7.114800369345531e-05,0.13394091279098044,1.0,10.0,0,10,0,0,0,0,0.6219295426271856,5,0,0,0,True,
smooth_continuous,botorch,25,True,10,0.00043540345535220126,0.2187114982931261,1.0,10.0,0,10,0,0,0,0,0.502836543135345,5,0,0,0,True,
smooth_continuous,botorch,26,True,10,6.79548373850869e-05,0.1483739280346888,1.0,10.0,0,10,0,0,0,0,0.6103194179013371,5,0,0,0,True,
smooth_continuous,botorch,27,True,10,5.225410601883418e-06,0.12536574571653275,1.0,10.0,0,10,0,0,0,0,1.209120374172926,5,0,0,0,True,
smooth_continuous,botorch,28,True,10,9.825914846728345e-05,0.15682291883975727,1.0,10.0,0,10,0,0,0,0,0.5822885013185441,5,0,0,0,True,
smooth_continuous,botorch,29,True,10,0.0001953620924155519,0.12005020132222151,1.0,10.0,0,10,0,0,0,0,0.6798796635121107,5,0,0,0,True,
constrained_continuous,fixed,0,True,10,0.08000000000000007,0.26400000000000007,2.0,10.0,8,10,0,0,0,0,0.003478082362562418,0,0,0,0,True,
constrained_continuous,fixed,1,True,10,0.08000000000000007,0.26400000000000007,2.0,10.0,8,10,0,0,0,0,0.0030785007402300835,0,0,0,0,True,
constrained_continuous,fixed,2,True,10,0.08000000000000007,0.26400000000000007,2.0,10.0,8,10,0,0,0,0,0.0028930874541401863,0,0,0,0,True,
constrained_continuous,fixed,3,True,10,0.08000000000000007,0.26400000000000007,2.0,10.0,8,10,0,0,0,0,0.0033248765394091606,0,0,0,0,True,
constrained_continuous,fixed,4,True,10,0.08000000000000007,0.26400000000000007,2.0,10.0,8,10,0,0,0,0,0.0065961661748588085,0,0,0,0,True,
constrained_continuous,fixed,5,True,10,0.08000000000000007,0.26400000000000007,2.0,10.0,8,10,0,0,0,0,0.00360166747123003,0,0,0,0,True,
constrained_continuous,fixed,6,True,10,0.08000000000000007,0.26400000000000007,2.0,10.0,8,10,0,0,0,0,0.003557003103196621,0,0,0,0,True,
constrained_continuous,fixed,7,True,10,0.08000000000000007,0.26400000000000007,2.0,10.0,8,10,0,0,0,0,0.0034022070467472076,0,0,0,0,True,
constrained_continuous,fixed,8,True,10,0.08000000000000007,0.26400000000000007,2.0,10.0,8,10,0,0,0,0,0.004920788574963808,0,0,0,0,True,
constrained_continuous,fixed,9,True,10,0.08000000000000007,0.26400000000000007,2.0,10.0,8,10,0,0,0,0,0.003119288943707943,0,0,0,0,True,
constrained_continuous,fixed,10,True,10,0.08000000000000007,0.26400000000000007,2.0,10.0,8,10,0,0,0,0,0.0030368338339030743,0,0,0,0,True,
constrained_continuous,fixed,11,True,10,0.08000000000000007,0.26400000000000007,2.0,10.0,8,10,0,0,0,0,0.003312292043119669,0,0,0,0,True,
constrained_continuous,fixed,12,True,10,0.08000000000000007,0.26400000000000007,2.0,10.0,8,10,0,0,0,0,0.0030772467143833637,0,0,0,0,True,
constrained_continuous,fixed,13,True,10,0.08000000000000007,0.26400000000000007,2.0,10.0,8,10,0,0,0,0,0.00732979504391551,0,0,0,0,True,
constrained_continuous,fixed,14,True,10,0.08000000000000007,0.26400000000000007,2.0,10.0,8,10,0,0,0,0,0.0033339201472699642,0,0,0,0,True,
constrained_continuous,fixed,15,True,10,0.08000000000000007,0.26400000000000007,2.0,10.0,8,10,0,0,0,0,0.003139123320579529,0,0,0,0,True,
constrained_continuous,fixed,16,True,10,0.08000000000000007,0.26400000000000007,2.0,10.0,8,10,0,0,0,0,0.007110787555575371,0,0,0,0,True,
constrained_continuous,fixed,17,True,10,0.08000000000000007,0.26400000000000007,2.0,10.0,8,10,0,0,0,0,0.007700794376432896,0,0,0,0,True,
constrained_continuous,fixed,18,True,10,0.08000000000000007,0.26400000000000007,2.0,10.0,8,10,0,0,0,0,0.0028827073983848095,0,0,0,0,True,
constrained_continuous,fixed,19,True,10,0.08000000000000007,0.26400000000000007,2.0,10.0,8,10,0,0,0,0,0.0035385838709771633,0,0,0,0,True,
constrained_continuous,fixed,20,True,10,0.08000000000000007,0.26400000000000007,2.0,10.0,8,10,0,0,0,0,0.0031448770314455032,0,0,0,0,True,
constrained_continuous,fixed,21,True,10,0.08000000000000007,0.26400000000000007,2.0,10.0,8,10,0,0,0,0,0.003011542372405529,0,0,0,0,True,
constrained_continuous,fixed,22,True,10,0.08000000000000007,0.26400000000000007,2.0,10.0,8,10,0,0,0,0,0.0036700419150292873,0,0,0,0,True,
constrained_continuous,fixed,23,True,10,0.08000000000000007,0.26400000000000007,2.0,10.0,8,10,0,0,0,0,0.003825790248811245,0,0,0,0,True,
constrained_continuous,fixed,24,True,10,0.08000000000000007,0.26400000000000007,2.0,10.0,8,10,0,0,0,0,0.005747999530285597,0,0,0,0,True,
constrained_continuous,fixed,25,True,10,0.08000000000000007,0.26400000000000007,2.0,10.0,8,10,0,0,0,0,0.0034022522158920765,0,0,0,0,True,
constrained_continuous,fixed,26,True,10,0.08000000000000007,0.26400000000000007,2.0,10.0,8,10,0,0,0,0,0.00378416758030653,0,0,0,0,True,
constrained_continuous,fixed,27,True,10,0.08000000000000007,0.26400000000000007,2.0,10.0,8,10,0,0,0,0,0.002988834399729967,0,0,0,0,True,
constrained_continuous,fixed,28,True,10,0.08000000000000007,0.26400000000000007,2.0,10.0,8,10,0,0,0,0,0.0029844585806131363,0,0,0,0,True,
constrained_continuous,fixed,29,True,10,0.08000000000000007,0.26400000000000007,2.0,10.0,8,10,0,0,0,0,0.003034749999642372,0,0,0,0,True,
constrained_continuous,random,0,True,10,1.0,1.0,,10.0,10,10,0,0,0,0,0.000983665231615305,0,0,0,0,True,
constrained_continuous,random,1,True,10,0.02819435659646119,0.2765240106364697,2.0,10.0,7,10,0,0,0,0,0.0010422887280583382,0,0,0,0,True,
constrained_continuous,random,2,True,10,0.07201709998120276,0.2576136799849621,2.0,10.0,8,10,0,0,0,0,0.0009887074120342731,0,0,0,0,True,
constrained_continuous,random,3,True,10,0.013341120558168162,0.15720241491419315,1.0,10.0,5,10,0,0,0,0,0.0012419167906045914,0,0,0,0,True,
constrained_continuous,random,4,True,10,0.09093619237292316,0.1873514803629334,1.0,10.0,7,10,0,0,0,0,0.0009883749298751354,0,0,0,0,True,
constrained_continuous,random,5,True,10,0.014942665495808582,0.14744370223035683,1.0,10.0,5,10,0,0,0,0,0.0009277071803808212,0,0,0,0,True,
constrained_continuous,random,6,True,10,0.06766298965901829,0.34748753285354805,3.0,10.0,7,10,0,0,0,0,0.0009067058563232422,0,0,0,0,True,
constrained_continuous,random,7,True,10,0.0014404429840652044,0.4522368981601952,4.0,10.0,7,10,0,0,0,0,0.001141624990850687,0,0,0,0,True,
constrained_continuous,random,8,True,10,0.07202707301959121,0.2847074393548188,2.0,10.0,8,10,0,0,0,0,0.0010689166374504566,0,0,0,0,True,
constrained_continuous,random,9,True,10,0.007316636941454457,0.21344306704565935,1.0,10.0,7,10,0,0,0,0,0.0010703783482313156,0,0,0,0,True,
constrained_continuous,random,10,True,10,0.01451811986911189,0.274380085674656,2.0,10.0,7,10,0,0,0,0,0.0010909195989370346,0,0,0,0,True,
constrained_continuous,random,11,True,10,0.012837865820553462,0.22672687084110957,2.0,10.0,4,10,0,0,0,0,0.0009876275435090065,0,0,0,0,True,
constrained_continuous,random,12,True,10,0.1102374562012528,0.2897197421392548,2.0,10.0,5,10,0,0,0,0,0.0009464169852435589,0,0,0,0,True,
constrained_continuous,random,13,True,10,0.07009517782726049,0.5350475889136304,5.0,10.0,8,10,0,0,0,0,0.002129332162439823,0,0,0,0,True,
constrained_continuous,random,14,True,10,0.0054540367464629425,0.30381782572252414,3.0,10.0,7,10,0,0,0,0,0.001039958093315363,0,0,0,0,True,
constrained_continuous,random,15,True,10,1.0,1.0,,10.0,10,10,0,0,0,0,0.0010884585790336132,0,0,0,0,True,
constrained_continuous,random,16,True,10,0.06319631996932629,0.2656892407176139,2.0,10.0,5,10,0,0,0,0,0.0010898765176534653,0,0,0,0,True,
constrained_continuous,random,17,True,10,0.20251876132435842,0.28226688519192267,1.0,10.0,9,10,0,0,0,0,0.001038289163261652,0,0,0,0,True,
constrained_continuous,random,18,True,10,0.11604464563551786,0.20444018107196618,1.0,10.0,5,10,0,0,0,0,0.0010047480463981628,0,0,0,0,True,
constrained_continuous,random,19,True,10,0.016082744952338746,0.7179202888358835,7.0,10.0,8,10,0,0,0,0,0.001201749313622713,0,0,0,0,True,
constrained_continuous,random,20,True,10,0.12271446948712761,0.21544978708573112,1.0,10.0,5,10,0,0,0,0,0.0010352511890232563,0,0,0,0,True,
constrained_continuous,random,21,True,10,0.003907554444803174,0.3699227198134759,3.0,10.0,6,10,0,0,0,0,0.0009379186667501926,0,0,0,0,True,
constrained_continuous,random,22,True,10,0.017006517517003106,0.19359547807797972,1.0,10.0,4,10,0,0,0,0,0.0012418776750564575,0,0,0,0,True,
constrained_continuous,random,23,True,10,0.0016810316975454098,0.7005043095092637,7.0,10.0,8,10,0,0,0,0,0.0012359591200947762,0,0,0,0,True,
constrained_continuous,random,24,True,10,0.037107240923569096,0.6148428963694276,6.0,10.0,8,10,0,0,0,0,0.0010831649415194988,0,0,0,0,True,
constrained_continuous,random,25,True,10,0.025616517777440007,0.31793156244420795,3.0,10.0,7,10,0,0,0,0,0.0010969568975269794,0,0,0,0,True,
constrained_continuous,random,26,True,10,0.0024462607156665594,0.2993643671075255,1.0,10.0,8,10,0,0,0,0,0.0009301262907683849,0,0,0,0,True,
constrained_continuous,random,27,True,10,0.003443342396074911,0.1271400731173152,1.0,10.0,4,10,0,0,0,0,0.0010314998216927052,0,0,0,0,True,
constrained_continuous,random,28,True,10,0.04816001468441222,0.8096320029368826,8.0,10.0,9,10,0,0,0,0,0.0010621226392686367,0,0,0,0,True,
constrained_continuous,random,29,True,10,0.018339839873124708,0.34401647834187543,3.0,10.0,6,10,0,0,0,0,0.001101624220609665,0,0,0,0,True,
constrained_continuous,sobol,0,True,10,0.14195190779605427,0.31356152623684325,2.0,10.0,8,10,0,0,0,0,0.0028696232475340366,0,0,0,0,True,
constrained_continuous,sobol,1,True,10,0.038998521160971356,0.40688029665124814,3.0,10.0,7,10,0,0,0,0,0.002755998633801937,0,0,0,0,True,
constrained_continuous,sobol,2,True,10,0.015958194737410003,0.34286955952664744,3.0,10.0,5,10,0,0,0,0,0.006987250410020351,0,0,0,0,True,
constrained_continuous,sobol,3,True,10,0.022851263512599918,0.21205780651937056,1.0,10.0,6,10,0,0,0,0,0.0026999581605196,0,0,0,0,True,
constrained_continuous,sobol,4,True,10,0.025380530390040956,0.12284247735103686,1.0,10.0,8,10,0,0,0,0,0.0026702508330345154,0,0,0,0,True,
constrained_continuous,sobol,5,True,10,0.07945020226781863,0.17150518204103665,1.0,10.0,8,10,0,0,0,0,0.0025820452719926834,0,0,0,0,True,
constrained_continuous,sobol,6,True,10,0.042223015704089595,0.4071464810596616,3.0,10.0,6,10,0,0,0,0,0.003010878339409828,0,0,0,0,True,
constrained_continuous,sobol,7,True,10,0.04183212122630631,0.13764890910367558,1.0,10.0,6,10,0,0,0,0,0.0028198785148561,0,0,0,0,True,
constrained_continuous,sobol,8,True,10,0.0016266334183445696,0.20711796983024583,2.0,10.0,6,10,0,0,0,0,0.002794664353132248,0,0,0,0,True,
constrained_continuous,sobol,9,True,10,0.02635919179752433,0.1237232726177719,1.0,10.0,6,10,0,0,0,0,0.002698832657188177,0,0,0,0,True,
constrained_continuous,sobol,10,True,10,0.18804349313514857,0.5261991828813812,4.0,10.0,8,10,0,0,0,0,0.00364695955067873,0,0,0,0,True,
constrained_continuous,sobol,11,True,10,0.027754288432178198,0.43274173775083896,4.0,10.0,7,10,0,0,0,0,0.002465335186570883,0,0,0,0,True,
constrained_continuous,sobol,12,True,10,0.014361055528648192,0.2658627537535165,1.0,10.0,7,10,0,0,0,0,0.0029738331213593483,0,0,0,0,True,
constrained_continuous,sobol,13,True,10,0.008896480225130787,0.20711718418010464,2.0,10.0,6,10,0,0,0,0,0.0024826242588460445,0,0,0,0,True,
constrained_continuous,sobol,14,True,10,0.0463563577826438,0.3742199295283771,3.0,10.0,5,10,0,0,0,0,0.0025212913751602173,0,0,0,0,True,
constrained_continuous,sobol,15,True,10,0.15396038771193898,0.23856434894074519,1.0,10.0,8,10,0,0,0,0,0.0046635838225483894,0,0,0,0,True,
constrained_continuous,sobol,16,True,10,0.035088308995926853,0.2280706471967413,2.0,10.0,7,10,0,0,0,0,0.0025455844588577747,0,0,0,0,True,
constrained_continuous,sobol,17,True,10,0.008698711450030205,0.4923126525252255,4.0,10.0,7,10,0,0,0,0,0.002590916119515896,0,0,0,0,True,
constrained_continuous,sobol,18,True,10,0.06044795974349659,0.3570446169395304,3.0,10.0,6,10,0,0,0,0,0.0034309574402868748,0,0,0,0,True,
constrained_continuous,sobol,19,True,10,0.09834822471213,0.4883594055255104,4.0,10.0,8,10,0,0,0,0,0.0028814170509576797,0,0,0,0,True,
constrained_continuous,sobol,20,True,10,0.0061677215403305174,0.3259259905420297,3.0,10.0,6,10,0,0,0,0,0.002674249466508627,0,0,0,0,True,
constrained_continuous,sobol,21,True,10,0.039067023683629354,0.4141621728583472,3.0,10.0,6,10,0,0,0,0,0.0026936661452054977,0,0,0,0,True,
constrained_continuous,sobol,22,True,10,0.043782949792233294,0.2776540126248757,2.0,10.0,8,10,0,0,0,0,0.0027203327044844627,0,0,0,0,True,
constrained_continuous,sobol,23,True,10,0.01072772685152712,0.604291090740611,6.0,10.0,8,10,0,0,0,0,0.002800125628709793,0,0,0,0,True,
constrained_continuous,sobol,24,True,10,0.01454395544089615,0.31018076880862716,3.0,10.0,7,10,0,0,0,0,0.002527042292058468,0,0,0,0,True,
constrained_continuous,sobol,25,True,10,0.03490857314610163,0.13141771583149148,1.0,10.0,6,10,0,0,0,0,0.0025181667879223824,0,0,0,0,True,
constrained_continuous,sobol,26,True,10,0.0016636186353762294,0.3622861886014973,3.0,10.0,7,10,0,0,0,0,0.0026541263796389103,0,0,0,0,True,
constrained_continuous,sobol,27,True,10,0.011549985294074139,0.2092399882352595,2.0,10.0,8,10,0,0,0,0,0.0026329169049859047,0,0,0,0,True,
constrained_continuous,sobol,28,True,10,0.009496318945342086,0.27520069453564555,2.0,10.0,5,10,0,0,0,0,0.0024405443109571934,0,0,0,0,True,
constrained_continuous,sobol,29,True,10,0.009778498194468965,0.1269876165626958,1.0,10.0,6,10,0,0,0,0,0.0023873713798820972,0,0,0,0,True,
constrained_continuous,smac,0,True,10,0.14195190779605427,0.31356152623684325,2.0,10.0,5,10,0,0,0,0,0.30098854191601276,0,0,0,0,,
constrained_continuous,smac,1,True,10,0.19816118483810785,0.43871282938667544,3.0,10.0,6,10,0,0,0,0,0.2978932075202465,0,0,0,0,,
constrained_continuous,smac,2,True,10,0.015958194737410003,0.34286955952664744,3.0,10.0,8,10,0,0,0,0,0.296513041947037,0,0,0,0,,
constrained_continuous,smac,3,True,10,0.15724118882175342,0.24417200400550915,1.0,10.0,8,10,0,0,0,0,0.32884770538657904,0,0,0,0,,
constrained_continuous,smac,4,True,10,0.025380530390040956,0.12284247735103686,1.0,10.0,8,10,0,0,0,0,0.5650234119966626,0,0,0,0,,
constrained_continuous,smac,5,True,10,0.07945020226781863,0.17150518204103665,1.0,10.0,6,10,0,0,0,0,0.3860046248883009,0,0,0,0,,
constrained_continuous,smac,6,True,10,0.11607827064620857,0.45887979257074807,3.0,10.0,5,10,0,0,0,0,0.4388877898454666,0,0,0,0,,
constrained_continuous,smac,7,True,10,0.041332520862103816,0.13759894906725534,1.0,10.0,5,10,0,0,0,0,0.35000387439504266,0,0,0,0,,
constrained_continuous,smac,8,True,10,0.0016266334183445696,0.20711796983024583,2.0,10.0,8,10,0,0,0,0,0.3375317081809044,0,0,0,0,,
constrained_continuous,smac,9,True,10,0.02635919179752433,0.1237232726177719,1.0,10.0,7,10,0,0,0,0,0.3222802490927279,0,0,0,0,,
constrained_continuous,smac,10,True,10,0.11536978616022053,0.5286070519183405,4.0,10.0,5,10,0,0,0,0,0.4603437092155218,0,0,0,0,,
constrained_continuous,smac,11,True,10,0.054569562918064474,0.43274173775083896,4.0,10.0,4,10,0,0,0,0,0.3452594168484211,0,0,0,0,,
constrained_continuous,smac,12,True,10,0.16349667455033223,0.3415897246410703,1.0,10.0,4,10,0,0,0,0,0.41413762466982007,0,0,0,0,,
constrained_continuous,smac,13,True,10,0.008896480225130787,0.20711718418010464,2.0,10.0,6,10,0,0,0,0,0.3687444142997265,0,0,0,0,,
constrained_continuous,smac,14,True,10,0.14636405819292653,0.41814573267830407,3.0,10.0,4,10,0,0,0,0,0.3758216672576964,0,0,0,0,,
constrained_continuous,smac,15,True,10,0.08289090839228686,0.2276478822743493,1.0,10.0,6,10,0,0,0,0,0.35984337609261274,0,0,0,0,,
constrained_continuous,smac,16,True,10,0.035088308995926853,0.2280706471967413,2.0,10.0,8,10,0,0,0,0,0.29727262491360307,0,0,0,0,,
constrained_continuous,smac,17,True,10,0.16167839501834314,0.5025913861516068,4.0,10.0,5,10,0,0,0,0,0.45353491604328156,0,0,0,0,,
constrained_continuous,smac,18,True,10,0.023901261775658433,0.3429995785872224,3.0,10.0,3,10,0,0,0,0,0.31224545603618026,0,0,0,0,,
constrained_continuous,smac,19,True,10,0.24510057820329145,0.5470603469219748,4.0,10.0,9,10,0,0,0,0,0.2745863292366266,0,0,0,0,,
constrained_continuous,smac,20,True,10,0.0061677215403305174,0.3259259905420297,3.0,10.0,3,10,0,0,0,0,0.30733087565749884,0,0,0,0,,
constrained_continuous,smac,21,True,10,0.24634612395939248,0.47244228677157485,3.0,10.0,8,10,0,0,0,0,0.3030948340892792,0,0,0,0,,
constrained_continuous,smac,22,True,10,0.0347372822952956,0.27494031237579425,2.0,10.0,4,10,0,0,0,0,0.27134849736467004,0,0,0,0,,
constrained_continuous,smac,23,True,10,0.002266926066956776,0.6011218872038302,6.0,10.0,8,10,0,0,0,0,0.4212362947873771,0,0,0,0,,
constrained_continuous,smac,24,True,10,0.01454395544089615,0.31018076880862716,3.0,10.0,5,10,0,0,0,0,0.33105145394802094,0,0,0,0,,
constrained_continuous,smac,25,True,10,1.2782773211261755e-05,0.12094897871962436,1.0,10.0,4,10,0,0,0,0,0.3272335845977068,0,0,0,0,,
constrained_continuous,smac,26,True,10,0.1086323547701159,0.3867348508241908,3.0,10.0,6,10,0,0,0,0,0.29339020885527134,0,0,0,0,,
constrained_continuous,smac,27,True,10,0.010174332409103704,0.20910242294676246,2.0,10.0,4,10,0,0,0,0,0.29959729220718145,0,0,0,0,,
constrained_continuous,smac,28,True,10,0.009496318945342086,0.27520069453564555,2.0,10.0,8,10,0,0,0,0,0.3428587932139635,0,0,0,0,,
constrained_continuous,smac,29,True,10,0.009778498194468965,0.1269876165626958,1.0,10.0,7,10,0,0,0,0,0.4341926244087517,0,0,0,0,,
constrained_continuous,botorch,0,True,10,0.00037764791898775574,0.2660463501796667,2.0,10.0,5,10,0,0,0,0,1.5389421246945858,5,0,0,0,True,
constrained_continuous,botorch,1,True,10,0.00019861109140695277,0.3697604887547731,3.0,10.0,4,10,0,0,0,0,1.7566189132630825,5,0,0,0,True,
constrained_continuous,botorch,2,True,10,0.00018566633855887638,0.33886123297442816,3.0,10.0,4,10,0,0,0,0,1.583588333800435,5,0,0,0,True,
constrained_continuous,botorch,3,True,10,0.0003879159137691879,0.18998263072769803,1.0,10.0,3,10,0,0,0,0,1.8286672485992312,5,0,0,0,True,
constrained_continuous,botorch,4,True,10,5.081840879772592e-05,0.11616361507926824,1.0,10.0,4,10,0,0,0,0,1.2860682918690145,5,0,0,0,True,
constrained_continuous,botorch,5,True,10,0.0008404441803573359,0.15349367438984482,1.0,10.0,5,10,0,0,0,0,1.6241008718498051,5,0,0,0,True,
constrained_continuous,botorch,6,True,10,0.00012320479857486077,0.37265147220317874,3.0,10.0,4,10,0,0,0,0,1.437168624252081,5,0,0,0,True,
constrained_continuous,botorch,7,True,10,7.516939065277395e-05,0.1210444888920097,1.0,10.0,5,10,0,0,0,0,1.6312359985895455,5,0,0,0,True,
constrained_continuous,botorch,8,True,10,3.499281106877916e-06,0.20681665287614387,2.0,10.0,5,10,0,0,0,0,1.3041098765097558,5,0,0,0,True,
constrained_continuous,botorch,9,True,10,9.785572718901125e-05,0.1166801153431503,1.0,10.0,4,10,0,0,0,0,1.1813314207829535,5,0,0,0,True,
constrained_continuous,botorch,10,True,10,0.0023545265061600817,0.4662960385029387,4.0,10.0,5,10,0,0,0,0,1.3733848752453923,5,0,0,0,True,
constrained_continuous,botorch,11,True,10,5.926952817880693e-05,0.41991812529360867,4.0,10.0,5,10,0,0,0,0,1.294827291276306,5,0,0,0,True,
constrained_continuous,botorch,12,True,10,0.013055594132446835,0.3014932749605528,1.0,10.0,5,10,0,0,0,0,1.6747548766434193,5,0,0,0,True,
constrained_continuous,botorch,13,True,10,8.639806052479493e-06,0.20377608003070705,2.0,10.0,3,10,0,0,0,0,1.6571001638658345,5,0,0,0,True,
constrained_continuous,botorch,14,True,10,7.692472343745482e-05,0.3659742135424212,3.0,10.0,3,10,0,0,0,0,1.7231070003472269,5,0,0,0,True,
constrained_continuous,botorch,15,True,10,0.01223827590543225,0.20607435217235573,1.0,10.0,6,10,0,0,0,0,1.2678780420683324,5,0,0,0,True,
constrained_continuous,botorch,16,True,10,0.00015862693162549402,0.21533361428169986,2.0,10.0,5,10,0,0,0,0,1.1575170867145061,5,0,0,0,True,
constrained_continuous,botorch,17,True,10,0.0005004560965317095,0.4645068742729288,4.0,10.0,6,10,0,0,0,0,1.4238423323258758,5,0,0,0,True,
constrained_continuous,botorch,18,True,10,0.0023908952661274574,0.35158249391433394,3.0,10.0,5,10,0,0,0,0,1.2949570384807885,5,0,0,0,True,
constrained_continuous,botorch,19,True,10,2.3239261762175722e-05,0.44995822764087895,4.0,10.0,4,10,0,0,0,0,1.692745003849268,5,0,0,0,True,
constrained_continuous,botorch,20,True,10,2.02276448494354e-05,0.3244934816270123,3.0,10.0,4,10,0,0,0,0,1.6202172101475298,5,0,0,0,True,
constrained_continuous,botorch,21,True,10,0.00013824068581158588,0.3999698606145324,3.0,10.0,5,10,0,0,0,0,1.3856175015680492,5,0,0,0,True,
constrained_continuous,botorch,22,True,10,0.0011517343632956312,0.2668239848212009,2.0,10.0,5,10,0,0,0,0,1.3321367092430592,5,0,0,0,True,
constrained_continuous,botorch,23,True,10,0.019299726901109926,0.7459463378313311,7.0,10.0,7,10,0,0,0,0,1.149475750979036,5,0,0,0,True,
constrained_continuous,botorch,24,True,10,0.00020361043305772153,0.3059775513152759,3.0,10.0,5,10,0,0,0,0,1.3835565391927958,5,0,0,0,True,
constrained_continuous,botorch,25,True,10,1.1056393469655035e-06,0.11837058361139405,1.0,10.0,3,10,0,0,0,0,1.6472759614698589,5,0,0,0,True,
constrained_continuous,botorch,26,True,10,0.0001909697802219279,0.35272220759621353,3.0,10.0,5,10,0,0,0,0,1.3723360397852957,5,0,0,0,True,
constrained_continuous,botorch,27,True,10,0.0003828448302929388,0.2071092194697716,2.0,10.0,5,10,0,0,0,0,1.1929732891730964,5,0,0,0,True,
constrained_continuous,botorch,28,True,10,6.227932949398607e-05,0.27277686868058026,2.0,10.0,4,10,0,0,0,0,1.9557403326034546,5,0,0,0,True,
constrained_continuous,botorch,29,True,10,0.0002988084958681636,0.12520060633588653,1.0,10.0,5,10,0,0,0,0,1.410672374535352,5,0,0,0,True,
mixed_space,fixed,0,True,10,0.04515625000000001,0.17425,1.0,10.0,0,10,0,0,0,0,0.005011292174458504,0,0,0,0,True,
mixed_space,fixed,1,True,10,0.04515625000000001,0.17425,1.0,10.0,0,10,0,0,0,0,0.006671249400824308,0,0,0,0,True,
mixed_space,fixed,2,True,10,0.04515625000000001,0.17425,1.0,10.0,0,10,0,0,0,0,0.002686958760023117,0,0,0,0,True,
mixed_space,fixed,3,True,10,0.04515625000000001,0.17425,1.0,10.0,0,10,0,0,0,0,0.0034180032089352608,0,0,0,0,True,
mixed_space,fixed,4,True,10,0.04515625000000001,0.17425,1.0,10.0,0,10,0,0,0,0,0.004941458348184824,0,0,0,0,True,
mixed_space,fixed,5,True,10,0.04515625000000001,0.17425,1.0,10.0,0,10,0,0,0,0,0.00621033413335681,0,0,0,0,True,
mixed_space,fixed,6,True,10,0.04515625000000001,0.17425,1.0,10.0,0,10,0,0,0,0,0.0034646280109882355,0,0,0,0,True,
mixed_space,fixed,7,True,10,0.04515625000000001,0.17425,1.0,10.0,0,10,0,0,0,0,0.007062708958983421,0,0,0,0,True,
mixed_space,fixed,8,True,10,0.04515625000000001,0.17425,1.0,10.0,0,10,0,0,0,0,0.0034486246295273304,0,0,0,0,True,
mixed_space,fixed,9,True,10,0.04515625000000001,0.17425,1.0,10.0,0,10,0,0,0,0,0.003691251389682293,0,0,0,0,True,
mixed_space,fixed,10,True,10,0.04515625000000001,0.17425,1.0,10.0,0,10,0,0,0,0,0.004237959161400795,0,0,0,0,True,
mixed_space,fixed,11,True,10,0.04515625000000001,0.17425,1.0,10.0,0,10,0,0,0,0,0.004570917226374149,0,0,0,0,True,
mixed_space,fixed,12,True,10,0.04515625000000001,0.17425,1.0,10.0,0,10,0,0,0,0,0.003681040834635496,0,0,0,0,True,
mixed_space,fixed,13,True,10,0.04515625000000001,0.17425,1.0,10.0,0,10,0,0,0,0,0.00426812469959259,0,0,0,0,True,
mixed_space,fixed,14,True,10,0.04515625000000001,0.17425,1.0,10.0,0,10,0,0,0,0,0.004588750656694174,0,0,0,0,True,
mixed_space,fixed,15,True,10,0.04515625000000001,0.17425,1.0,10.0,0,10,0,0,0,0,0.003441120032221079,0,0,0,0,True,
mixed_space,fixed,16,True,10,0.04515625000000001,0.17425,1.0,10.0,0,10,0,0,0,0,0.0034458772279322147,0,0,0,0,True,
mixed_space,fixed,17,True,10,0.04515625000000001,0.17425,1.0,10.0,0,10,0,0,0,0,0.0038800002075731754,0,0,0,0,True,
mixed_space,fixed,18,True,10,0.04515625000000001,0.17425,1.0,10.0,0,10,0,0,0,0,0.003598584793508053,0,0,0,0,True,
mixed_space,fixed,19,True,10,0.04515625000000001,0.17425,1.0,10.0,0,10,0,0,0,0,0.003878168296068907,0,0,0,0,True,
mixed_space,fixed,20,True,10,0.04515625000000001,0.17425,1.0,10.0,0,10,0,0,0,0,0.004686627071350813,0,0,0,0,True,
mixed_space,fixed,21,True,10,0.04515625000000001,0.17425,1.0,10.0,0,10,0,0,0,0,0.0036424556747078896,0,0,0,0,True,
mixed_space,fixed,22,True,10,0.04515625000000001,0.17425,1.0,10.0,0,10,0,0,0,0,0.0037745428271591663,0,0,0,0,True,
mixed_space,fixed,23,True,10,0.04515625000000001,0.17425,1.0,10.0,0,10,0,0,0,0,0.003721705637872219,0,0,0,0,True,
mixed_space,fixed,24,True,10,0.04515625000000001,0.17425,1.0,10.0,0,10,0,0,0,0,0.004124124068766832,0,0,0,0,True,
mixed_space,fixed,25,True,10,0.04515625000000001,0.17425,1.0,10.0,0,10,0,0,0,0,0.0038116686046123505,0,0,0,0,True,
mixed_space,fixed,26,True,10,0.04515625000000001,0.17425,1.0,10.0,0,10,0,0,0,0,0.003940253052860498,0,0,0,0,True,
mixed_space,fixed,27,True,10,0.04515625000000001,0.17425,1.0,10.0,0,10,0,0,0,0,0.0046304985880851746,0,0,0,0,True,
mixed_space,fixed,28,True,10,0.04515625000000001,0.17425,1.0,10.0,0,10,0,0,0,0,0.0034704143181443214,0,0,0,0,True,
mixed_space,fixed,29,True,10,0.04515625000000001,0.17425,1.0,10.0,0,10,0,0,0,0,0.0035889148712158203,0,0,0,0,True,
mixed_space,random,0,True,10,0.01281610175994452,0.15604497653713273,1.0,10.0,0,10,0,0,0,0,0.0012926282361149788,0,0,0,0,True,
mixed_space,random,1,True,10,0.04000346149020961,0.1723582618503941,1.0,10.0,0,10,0,0,0,0,0.0012289159931242466,0,0,0,0,True,
mixed_space,random,2,True,10,0.006866004832029038,0.2085695240439064,1.0,10.0,0,10,0,0,0,0,0.0011783726513385773,0,0,0,0,True,
mixed_space,random,3,True,10,3.334921198971941e-05,0.16731257592545332,1.0,10.0,0,10,0,0,0,0,0.0011731674894690514,0,0,0,0,True,
mixed_space,random,4,True,10,8.745496087958493e-05,0.15990349698109887,1.0,10.0,0,10,0,0,0,0,0.0011703744530677795,0,0,0,0,True,
mixed_space,random,5,True,10,0.12600283344207897,0.26487820699532116,1.0,10.0,0,10,0,0,0,0,0.0012378767132759094,0,0,0,0,True,
mixed_space,random,6,True,10,0.0014780782288489336,0.1169275109092871,1.0,10.0,0,10,0,0,0,0,0.0015992913395166397,0,0,0,0,True,
mixed_space,random,7,True,10,0.04077671870065347,0.19872469574707727,1.0,10.0,0,10,0,0,0,0,0.0015248330309987068,0,0,0,0,True,
mixed_space,random,8,True,10,0.04143407546189626,0.13922737429815327,1.0,10.0,0,10,0,0,0,0,0.0013387021608650684,0,0,0,0,True,
mixed_space,random,9,True,10,0.030051645440947516,0.13230239667344396,1.0,10.0,0,10,0,0,0,0,0.001203999388962984,0,0,0,0,True,
mixed_space,random,10,True,10,0.06923030894234761,0.2251547356737124,1.0,10.0,0,10,0,0,0,0,0.0012302105315029621,0,0,0,0,True,
mixed_space,random,11,True,10,0.005459016343153711,0.11691255183505671,1.0,10.0,0,10,0,0,0,0,0.0012676231563091278,0,0,0,0,True,
mixed_space,random,12,True,10,0.006795439230606881,0.27638225856288523,1.0,10.0,0,10,0,0,0,0,0.0012304182164371014,0,0,0,0,True,
mixed_space,random,13,True,10,0.052379886822522925,0.19152843444028642,1.0,10.0,0,10,0,0,0,0,0.0013848301023244858,0,0,0,0,True,
mixed_space,random,14,True,10,0.042804574874366064,0.13852411738692955,1.0,10.0,0,10,0,0,0,0,0.0012539997696876526,0,0,0,0,True,
mixed_space,random,15,True,10,0.12987559272953453,0.22781853091110565,1.0,10.0,0,10,0,0,0,0,0.0012668776325881481,0,0,0,0,True,
mixed_space,random,16,True,10,0.0033904800131077106,0.10349280617220857,1.0,10.0,0,10,0,0,0,0,0.0012304987758398056,0,0,0,0,True,
mixed_space,random,17,True,10,0.043001461210557035,0.1612611242951231,1.0,10.0,0,10,0,0,0,0,0.0012159552425146103,0,0,0,0,True,
mixed_space,random,18,True,10,0.009539651648397318,0.20540436857902153,1.0,10.0,0,10,0,0,0,0,0.0012090401723980904,0,0,0,0,True,
mixed_space,random,19,True,10,0.1013185242580793,0.25675340833683397,1.0,10.0,0,10,0,0,0,0,0.0012379554100334644,0,0,0,0,True,
mixed_space,random,20,True,10,0.10320265830367226,0.20870526691271535,1.0,10.0,0,10,0,0,0,0,0.001112411729991436,0,0,0,0,True,
mixed_space,random,21,True,10,0.014315758699060988,0.17209071673765602,1.0,10.0,0,10,0,0,0,0,0.0013707508333027363,0,0,0,0,True,
mixed_space,random,22,True,10,0.0032710831530032847,0.20889266455566036,1.0,10.0,0,10,0,0,0,0,0.0010641259141266346,0,0,0,0,True,
mixed_space,random,23,True,10,0.023477512687326563,0.16300127464883699,1.0,10.0,0,10,0,0,0,0,0.0011241640895605087,0,0,0,0,True,
mixed_space,random,24,True,10,0.05628160967483431,0.19719729913526068,1.0,10.0,0,10,0,0,0,0,0.0011145821772515774,0,0,0,0,True,
mixed_space,random,25,True,10,0.05307024035036356,0.2332278472470665,1.0,10.0,0,10,0,0,0,0,0.0012486237101256847,0,0,0,0,True,
mixed_space,random,26,True,10,0.16169199054285077,0.37010138569370116,1.0,10.0,0,10,0,0,0,0,0.001803083810955286,0,0,0,0,True,
mixed_space,random,27,True,10,0.11898512635071345,0.2202235549710288,1.0,10.0,0,10,0,0,0,0,0.0010566669516265392,0,0,0,0,True,
mixed_space,random,28,True,10,0.0026031818239662385,0.18221107929986047,1.0,10.0,0,10,0,0,0,0,0.0012904978357255459,0,0,0,0,True,
mixed_space,random,29,True,10,0.1284451074903904,0.2484263631556778,1.0,10.0,0,10,0,0,0,0,0.0012467075139284134,0,0,0,0,True,
mixed_space,sobol,0,True,10,0.008071908551212648,0.1730497761418554,1.0,10.0,0,10,0,0,0,0,0.0032114163041114807,0,0,0,0,True,
mixed_space,sobol,1,True,10,0.041710087859172296,0.19836236108254726,1.0,10.0,0,10,0,0,0,0,0.003012878354638815,0,0,0,0,True,
mixed_space,sobol,2,True,10,0.0745750491551711,0.20964066022874156,1.0,10.0,0,10,0,0,0,0,0.003165959380567074,0,0,0,0,True,
mixed_space,sobol,3,True,10,0.07901630870699883,0.22572027170394496,1.0,10.0,0,10,0,0,0,0,0.0028582504019141197,0,0,0,0,True,
mixed_space,sobol,4,True,10,0.004770585111904313,0.2006679210481616,1.0,10.0,0,10,0,0,0,0,0.0031719175167381763,0,0,0,0,True,
mixed_space,sobol,5,True,10,0.0015752909697763773,0.14600036746119494,1.0,10.0,0,10,0,0,0,0,0.0029962495900690556,0,0,0,0,True,
mixed_space,sobol,6,True,10,0.04748494653776003,0.21893523800326178,1.0,10.0,0,10,0,0,0,0,0.003731044474989176,0,0,0,0,True,
mixed_space,sobol,7,True,10,0.08529548305421608,0.19658189558487,1.0,10.0,0,10,0,0,0,0,0.0031482484191656113,0,0,0,0,True,
mixed_space,sobol,8,True,10,0.04999676749160198,0.15086631811179937,1.0,10.0,0,10,0,0,0,0,0.0027854982763528824,0,0,0,0,True,
mixed_space,sobol,9,True,10,0.08879461673721822,0.21167482510077953,1.0,10.0,0,10,0,0,0,0,0.003138164058327675,0,0,0,0,True,
mixed_space,sobol,10,True,10,0.019469053808597314,0.14235723115839247,1.0,10.0,0,10,0,0,0,0,0.0029732100665569305,0,0,0,0,True,
mixed_space,sobol,11,True,10,0.13372155042820766,0.24581057495503433,1.0,10.0,0,10,0,0,0,0,0.00310674961656332,0,0,0,0,True,
mixed_space,sobol,12,True,10,3.225198013423469e-05,0.216403725004982,1.0,10.0,0,10,0,0,0,0,0.003026167396456003,0,0,0,0,True,
mixed_space,sobol,13,True,10,0.0033768771144210286,0.27214336576205045,1.0,10.0,0,10,0,0,0,0,0.003532957285642624,0,0,0,0,True,
mixed_space,sobol,14,True,10,0.0002581073263007161,0.24389530843166446,1.0,10.0,0,10,0,0,0,0,0.0029518757946789265,0,0,0,0,True,
mixed_space,sobol,15,True,10,1.75209752272254e-05,0.15122717708821573,1.0,10.0,0,10,0,0,0,0,0.0030662943609058857,0,0,0,0,True,
mixed_space,sobol,16,True,10,0.013646701447653675,0.12304973957789227,1.0,10.0,0,10,0,0,0,0,0.003022960852831602,0,0,0,0,True,
mixed_space,sobol,17,True,10,0.08705275729912254,0.19198178395904572,1.0,10.0,0,10,0,0,0,0,0.002817288041114807,0,0,0,0,True,
mixed_space,sobol,18,True,10,0.08136203694124433,0.19390267681201853,1.0,10.0,0,10,0,0,0,0,0.006883833557367325,0,0,0,0,True,
mixed_space,sobol,19,True,10,9.17942079969869e-05,0.14407938838876566,1.0,10.0,0,10,0,0,0,0,0.005552415270358324,0,0,0,0,True,
mixed_space,sobol,20,True,10,0.04036165522717505,0.1611031845429527,1.0,10.0,0,10,0,0,0,0,0.006830000318586826,0,0,0,0,True,
mixed_space,sobol,21,True,10,0.12285497353659947,0.238892066500244,1.0,10.0,0,10,0,0,0,0,0.0029214597307145596,0,0,0,0,True,
mixed_space,sobol,22,True,10,0.004963997495908923,0.16936208524704485,1.0,10.0,0,10,0,0,0,0,0.003184669651091099,0,0,0,0,True,
mixed_space,sobol,23,True,10,0.04883809018195162,0.18135679199397184,1.0,10.0,0,10,0,0,0,0,0.005190874449908733,0,0,0,0,True,
mixed_space,sobol,24,True,10,0.0407215817303499,0.16063452286732996,1.0,10.0,0,10,0,0,0,0,0.002765832468867302,0,0,0,0,True,
mixed_space,sobol,25,True,10,0.07018803417340236,0.16316923075606202,1.0,10.0,0,10,0,0,0,0,0.0030999211594462395,0,0,0,0,True,
mixed_space,sobol,26,True,10,0.06970369458820236,0.205459697543893,1.0,10.0,0,10,0,0,0,0,0.0032492508180439472,0,0,0,0,True,
mixed_space,sobol,27,True,10,0.08434374393091004,0.18044621995936902,1.0,10.0,0,10,0,0,0,0,0.003592376597225666,0,0,0,0,True,
mixed_space,sobol,28,True,10,0.0001307846074404262,0.1915596236238128,1.0,10.0,0,10,0,0,0,0,0.003238460049033165,0,0,0,0,True,
mixed_space,sobol,29,True,10,0.08632682842748352,0.24372778389786584,1.0,10.0,0,10,0,0,0,0,0.003059246577322483,0,0,0,0,True,
mixed_space,smac,0,True,10,0.008071908551212648,0.1730497761418554,1.0,10.0,0,10,0,0,0,0,0.3077164157293737,0,0,0,0,,
mixed_space,smac,1,True,10,0.04143636867957967,0.19833317217140575,1.0,10.0,0,10,0,0,0,0,0.357293292414397,0,0,0,0,,
mixed_space,smac,2,True,10,0.04079089139959269,0.18792946897251198,1.0,10.0,0,10,0,0,0,0,0.47584991762414575,0,0,0,0,,
mixed_space,smac,3,True,10,0.10874499470918875,0.23226739766260168,1.0,10.0,0,10,0,0,0,0,0.34892404079437256,0,0,0,0,,
mixed_space,smac,4,True,10,0.08484224820908193,0.2122091777135092,1.0,10.0,0,10,0,0,0,0,0.30651729041710496,0,0,0,0,,
mixed_space,smac,5,True,10,0.005137927248810237,0.14772092270327822,1.0,10.0,0,10,0,0,0,0,0.33544854540377855,0,0,0,0,,
mixed_space,smac,6,True,10,0.0886660070576486,0.23927857114859333,1.0,10.0,0,10,0,0,0,0,0.3346233330667019,0,0,0,0,,
mixed_space,smac,7,True,10,0.08529548305421608,0.19658189558487,1.0,10.0,0,10,0,0,0,0,0.2959994194097817,0,0,0,0,,
mixed_space,smac,8,True,10,0.0583813780192558,0.15254324021733012,1.0,10.0,0,10,0,0,0,0,0.2968365834094584,0,0,0,0,,
mixed_space,smac,9,True,10,0.08879461673721822,0.21167482510077953,1.0,10.0,0,10,0,0,0,0,0.41907416516914964,0,0,0,0,,
mixed_space,smac,10,True,10,0.019469053808597314,0.14235723115839247,1.0,10.0,0,10,0,0,0,0,0.2872120412066579,0,0,0,0,,
mixed_space,smac,11,True,10,0.16175123199634067,0.25421947942547424,1.0,10.0,0,10,0,0,0,0,0.32581095956265926,0,0,0,0,,
mixed_space,smac,12,True,10,0.1195027668017482,0.2522448794514662,1.0,10.0,0,10,0,0,0,0,0.3576785842888057,0,0,0,0,,
mixed_space,smac,13,True,10,0.12248398312907538,0.3054480010003336,1.0,10.0,0,10,0,0,0,0,0.34285108279436827,0,0,0,0,,
mixed_space,smac,14,True,10,0.10226203950815893,0.2540957016498503,1.0,10.0,0,10,0,0,0,0,0.2942428346723318,0,0,0,0,,
mixed_space,smac,15,True,10,0.085157770289084,0.18528327681375847,1.0,10.0,0,10,0,0,0,0,0.4159135785885155,0,0,0,0,,
mixed_space,smac,16,True,10,0.013646701447653675,0.12304973957789227,1.0,10.0,0,10,0,0,0,0,0.3160700392909348,0,0,0,0,,
mixed_space,smac,17,True,10,0.09880313080721626,0.19262757086193508,1.0,10.0,0,10,0,0,0,0,0.29193845810368657,0,0,0,0,,
mixed_space,smac,18,True,10,0.12000425759359046,0.20990185836844727,1.0,10.0,0,10,0,0,0,0,0.3128460422158241,0,0,0,0,,
mixed_space,smac,19,True,10,1.8045704437308352e-05,0.1291744448358077,1.0,10.0,0,10,0,0,0,0,0.30667154025286436,0,0,0,0,,
mixed_space,smac,20,True,10,0.07575836213931098,0.16818252592537988,1.0,10.0,0,10,0,0,0,0,0.30174220772460103,0,0,0,0,,
mixed_space,smac,21,True,10,0.12285497353659947,0.238892066500244,1.0,10.0,0,10,0,0,0,0,0.4804777503013611,0,0,0,0,,
mixed_space,smac,22,True,10,0.004178988893877134,0.16920508352663846,1.0,10.0,0,10,0,0,0,0,0.3353774594143033,0,0,0,0,,
mixed_space,smac,23,True,10,0.004979972039016123,0.15248781798588634,1.0,10.0,0,10,0,0,0,0,0.28817179426550865,0,0,0,0,,
mixed_space,smac,24,True,10,0.0407215817303499,0.16063452286732996,1.0,10.0,0,10,0,0,0,0,0.308785455301404,0,0,0,0,,
mixed_space,smac,25,True,10,0.04000281137124728,0.15109514163520008,1.0,10.0,0,10,0,0,0,0,0.2883895398117602,0,0,0,0,,
mixed_space,smac,26,True,10,0.09131317854985166,0.2097815943362229,1.0,10.0,0,10,0,0,0,0,0.3042787523008883,0,0,0,0,,
mixed_space,smac,27,True,10,0.07841138634502132,0.17985298420078016,1.0,10.0,0,10,0,0,0,0,0.3056830451823771,0,0,0,0,,
mixed_space,smac,28,True,10,0.10074711287931692,0.21168288927818812,1.0,10.0,0,10,0,0,0,0,0.39231675025075674,0,0,0,0,,
mixed_space,smac,29,True,10,0.041088457397983724,0.22563243548606587,1.0,10.0,0,10,0,0,0,0,0.3441468314267695,0,0,0,0,,
mixed_space,botorch,0,True,10,1.8472874715125265e-05,0.1730497761418554,1.0,10.0,0,10,0,0,0,0,0.8923117066733539,5,0,0,0,True,
mixed_space,botorch,1,True,10,0.040010748640683214,0.19820672763435138,1.0,10.0,0,10,0,0,0,0,0.8834479590877891,5,0,0,0,True,
mixed_space,botorch,2,True,10,0.02109122572489719,0.18126882221152996,1.0,10.0,0,10,0,0,0,0,0.5774479988031089,5,0,0,0,True,
mixed_space,botorch,3,True,10,0.00020616958533847818,0.20068528704345115,1.0,10.0,0,10,0,0,0,0,1.054160710889846,5,0,0,0,True,
mixed_space,botorch,4,True,10,0.08078102328451175,0.20943369545979915,1.0,10.0,0,10,0,0,0,0,1.071578289847821,5,0,0,0,True,
mixed_space,botorch,5,True,10,2.2108838583778656e-05,0.1519612425587642,1.0,10.0,0,10,0,0,0,0,0.6517151645384729,5,0,0,0,True,
mixed_space,botorch,6,True,10,0.12067930116826453,0.25958093614274,1.0,10.0,0,10,0,0,0,0,0.9914848343469203,5,0,0,0,True,
mixed_space,botorch,7,True,10,0.0436461298163735,0.19313449322775372,1.0,10.0,0,10,0,0,0,0,0.929409917909652,5,0,0,0,True,
mixed_space,botorch,8,True,10,0.04091706555873298,0.14905037772522559,1.0,10.0,0,10,0,0,0,0,0.8934094989672303,5,0,0,0,True,
mixed_space,botorch,9,True,10,0.0061026244789216255,0.20340562587494987,1.0,10.0,0,10,0,0,0,0,0.6862489148043096,5,0,0,0,True,
mixed_space,botorch,10,True,10,1.0708291869554465e-05,0.13846556205504693,1.0,10.0,0,10,0,0,0,0,0.639684334397316,5,0,0,0,True,
mixed_space,botorch,11,True,10,0.001228280434325768,0.2060625939568698,1.0,10.0,0,10,0,0,0,0,0.7775256671011448,5,0,0,0,True,
mixed_space,botorch,12,True,10,0.10142375490768851,0.2522448794514662,1.0,10.0,0,10,0,0,0,0,0.9838248789310455,5,0,0,0,True,
mixed_space,botorch,13,True,10,0.1200145485703491,0.31250681490176524,1.0,10.0,0,10,0,0,0,0,1.120928626973182,5,0,0,0,True,
mixed_space,botorch,14,True,10,0.040012802434505224,0.23758396932881473,1.0,10.0,0,10,0,0,0,0,0.722941582556814,5,0,0,0,True,
mixed_space,botorch,15,True,10,0.08000004770240399,0.18528327681375847,1.0,10.0,0,10,0,0,0,0,0.9035234120674431,5,0,0,0,True,
mixed_space,botorch,16,True,10,0.013646701447653675,0.12304973957789227,1.0,10.0,0,10,0,0,0,0,1.2593984161503613,5,0,0,0,True,
mixed_space,botorch,17,True,10,0.01468882291532203,0.17580470928355624,1.0,10.0,0,10,0,0,0,0,0.715226917527616,5,0,0,0,True,
mixed_space,botorch,18,True,10,0.08000727186065137,0.20467334368107312,1.0,10.0,0,10,0,0,0,0,0.9190124585293233,5,0,0,0,True,
mixed_space,botorch,19,True,10,9.82524218751113e-06,0.1383168561540799,1.0,10.0,0,10,0,0,0,0,0.6950537040829659,5,0,0,0,True,
mixed_space,botorch,20,True,10,0.003826445236335352,0.13940975916418968,1.0,10.0,0,10,0,0,0,0,0.7400971641764045,5,0,0,0,True,
mixed_space,botorch,21,True,10,0.040308246560846306,0.2162246980223464,1.0,10.0,0,10,0,0,0,0,1.3095102501101792,5,0,0,0,True,
mixed_space,botorch,22,True,10,0.0022444369576434253,0.1690901291932183,1.0,10.0,0,10,0,0,0,0,0.8641934162005782,5,0,0,0,True,
mixed_space,botorch,23,True,10,8.715660755442833e-06,0.16958680015638528,1.0,10.0,0,10,0,0,0,0,0.7198970429599285,5,0,0,0,True,
mixed_space,botorch,24,True,10,3.0184508698849477e-05,0.14634886617709753,1.0,10.0,0,10,0,0,0,0,0.8410909557715058,5,0,0,0,True,
mixed_space,botorch,25,True,10,4.824658141888705e-06,0.1406389108482935,1.0,10.0,0,10,0,0,0,0,0.9327699588611722,5,0,0,0,True,
mixed_space,botorch,26,True,10,0.00024380127287071396,0.1757520050587576,1.0,10.0,0,10,0,0,0,0,0.6021646209992468,5,0,0,0,True,
mixed_space,botorch,27,True,10,0.040024147916831954,0.16578402662854805,1.0,10.0,0,10,0,0,0,0,0.9475624994374812,5,0,0,0,True,
mixed_space,botorch,28,True,10,9.508331573315765e-06,0.18658086006966162,1.0,10.0,0,10,0,0,0,0,0.7523130024783313,5,0,0,0,True,
mixed_space,botorch,29,True,10,0.04026196164340856,0.23465802420803433,1.0,10.0,0,10,0,0,0,0,1.1070284168235958,5,0,0,0,True,
conditional_space,fixed,0,True,10,0.08000000000000007,0.21000000000000005,1.0,10.0,0,10,0,0,0,0,0.004959956742823124,0,0,0,0,True,
conditional_space,fixed,1,True,10,0.08000000000000007,0.21000000000000005,1.0,10.0,0,10,0,0,0,0,0.0049872915260493755,0,0,0,0,True,
conditional_space,fixed,2,True,10,0.08000000000000007,0.21000000000000005,1.0,10.0,0,10,0,0,0,0,0.0050382111221551895,0,0,0,0,True,
conditional_space,fixed,3,True,10,0.08000000000000007,0.21000000000000005,1.0,10.0,0,10,0,0,0,0,0.0054112086072564125,0,0,0,0,True,
conditional_space,fixed,4,True,10,0.08000000000000007,0.21000000000000005,1.0,10.0,0,10,0,0,0,0,0.004993997979909182,0,0,0,0,True,
conditional_space,fixed,5,True,10,0.08000000000000007,0.21000000000000005,1.0,10.0,0,10,0,0,0,0,0.0049911243841052055,0,0,0,0,True,
conditional_space,fixed,6,True,10,0.08000000000000007,0.21000000000000005,1.0,10.0,0,10,0,0,0,0,0.004696541465818882,0,0,0,0,True,
conditional_space,fixed,7,True,10,0.08000000000000007,0.21000000000000005,1.0,10.0,0,10,0,0,0,0,0.004820914473384619,0,0,0,0,True,
conditional_space,fixed,8,True,10,0.08000000000000007,0.21000000000000005,1.0,10.0,0,10,0,0,0,0,0.004743083845824003,0,0,0,0,True,
conditional_space,fixed,9,True,10,0.08000000000000007,0.21000000000000005,1.0,10.0,0,10,0,0,0,0,0.005816504824906588,0,0,0,0,True,
conditional_space,fixed,10,True,10,0.08000000000000007,0.21000000000000005,1.0,10.0,0,10,0,0,0,0,0.004720412660390139,0,0,0,0,True,
conditional_space,fixed,11,True,10,0.08000000000000007,0.21000000000000005,1.0,10.0,0,10,0,0,0,0,0.004772707354277372,0,0,0,0,True,
conditional_space,fixed,12,True,10,0.08000000000000007,0.21000000000000005,1.0,10.0,0,10,0,0,0,0,0.004562125541269779,0,0,0,0,True,
conditional_space,fixed,13,True,10,0.08000000000000007,0.21000000000000005,1.0,10.0,0,10,0,0,0,0,0.004891667515039444,0,0,0,0,True,
conditional_space,fixed,14,True,10,0.08000000000000007,0.21000000000000005,1.0,10.0,0,10,0,0,0,0,0.005867459811270237,0,0,0,0,True,
conditional_space,fixed,15,True,10,0.08000000000000007,0.21000000000000005,1.0,10.0,0,10,0,0,0,0,0.005219331011176109,0,0,0,0,True,
conditional_space,fixed,16,True,10,0.08000000000000007,0.21000000000000005,1.0,10.0,0,10,0,0,0,0,0.005180166568607092,0,0,0,0,True,
conditional_space,fixed,17,True,10,0.08000000000000007,0.21000000000000005,1.0,10.0,0,10,0,0,0,0,0.005317665636539459,0,0,0,0,True,
conditional_space,fixed,18,True,10,0.08000000000000007,0.21000000000000005,1.0,10.0,0,10,0,0,0,0,0.0046084183268249035,0,0,0,0,True,
conditional_space,fixed,19,True,10,0.08000000000000007,0.21000000000000005,1.0,10.0,0,10,0,0,0,0,0.004569124896079302,0,0,0,0,True,
conditional_space,fixed,20,True,10,0.08000000000000007,0.21000000000000005,1.0,10.0,0,10,0,0,0,0,0.0046205404214560986,0,0,0,0,True,
conditional_space,fixed,21,True,10,0.08000000000000007,0.21000000000000005,1.0,10.0,0,10,0,0,0,0,0.0070897480472922325,0,0,0,0,True,
conditional_space,fixed,22,True,10,0.08000000000000007,0.21000000000000005,1.0,10.0,0,10,0,0,0,0,0.008482747711241245,0,0,0,0,True,
conditional_space,fixed,23,True,10,0.08000000000000007,0.21000000000000005,1.0,10.0,0,10,0,0,0,0,0.007979169953614473,0,0,0,0,True,
conditional_space,fixed,24,True,10,0.08000000000000007,0.21000000000000005,1.0,10.0,0,10,0,0,0,0,0.008251748979091644,0,0,0,0,True,
conditional_space,fixed,25,True,10,0.08000000000000007,0.21000000000000005,1.0,10.0,0,10,0,0,0,0,0.0046652075834572315,0,0,0,0,True,
conditional_space,fixed,26,True,10,0.08000000000000007,0.21000000000000005,1.0,10.0,0,10,0,0,0,0,0.004672794137150049,0,0,0,0,True,
conditional_space,fixed,27,True,10,0.08000000000000007,0.21000000000000005,1.0,10.0,0,10,0,0,0,0,0.004718918353319168,0,0,0,0,True,
conditional_space,fixed,28,True,10,0.08000000000000007,0.21000000000000005,1.0,10.0,0,10,0,0,0,0,0.005459789652377367,0,0,0,0,True,
conditional_space,fixed,29,True,10,0.08000000000000007,0.21000000000000005,1.0,10.0,0,10,0,0,0,0,0.0047205486334860325,0,0,0,0,True,
conditional_space,random,0,True,10,0.0101537812482827,0.12284875353170768,1.0,10.0,0,10,0,0,0,0,0.0013552061282098293,0,0,0,0,True,
conditional_space,random,1,True,10,0.004432778888309841,0.2860376499308021,1.0,10.0,0,10,0,0,0,0,0.0013534980826079845,0,0,0,0,True,
conditional_space,random,2,True,10,0.044601708209464075,0.19429329424536598,1.0,10.0,0,10,0,0,0,0,0.0015934989787638187,0,0,0,0,True,
conditional_space,random,3,True,10,0.039611782296718356,0.18979135493096116,1.0,10.0,0,10,0,0,0,0,0.001564626581966877,0,0,0,0,True,
conditional_space,random,4,True,10,0.02795700569050541,0.17893993443188497,1.0,10.0,0,10,0,0,0,0,0.0029012891463935375,0,0,0,0,True,
conditional_space,random,5,True,10,0.023347914799581315,0.17664271544953092,1.0,10.0,0,10,0,0,0,0,0.00134554086253047,0,0,0,0,True,
conditional_space,random,6,True,10,0.0954898831679376,0.21612893837954822,1.0,10.0,0,10,0,0,0,0,0.0014156694523990154,0,0,0,0,True,
conditional_space,random,7,True,10,0.07057986075597444,0.2058210639031773,1.0,10.0,0,10,0,0,0,0,0.001454126089811325,0,0,0,0,True,
conditional_space,random,8,True,10,0.10004097381369714,0.20865142682986204,1.0,10.0,0,10,0,0,0,0,0.001560957171022892,0,0,0,0,True,
conditional_space,random,9,True,10,0.04176446240059972,0.20339719584178,1.0,10.0,0,10,0,0,0,0,0.001434916164726019,0,0,0,0,True,
conditional_space,random,10,True,10,0.0946976065776024,0.23121768746190946,1.0,10.0,0,10,0,0,0,0,0.0012527089565992355,0,0,0,0,True,
conditional_space,random,11,True,10,0.07093344418441994,0.19891617201207207,1.0,10.0,0,10,0,0,0,0,0.0015425020828843117,0,0,0,0,True,
conditional_space,random,12,True,10,0.03542064820866486,0.15093339704857298,1.0,10.0,0,10,0,0,0,0,0.001379501074552536,0,0,0,0,True,
conditional_space,random,13,True,10,0.060764198136072256,0.203163069051819,1.0,10.0,0,10,0,0,0,0,0.0015474194660782814,0,0,0,0,True,
conditional_space,random,14,True,10,0.0546705899129909,0.1764190823264929,1.0,10.0,0,10,0,0,0,0,0.0012585371732711792,0,0,0,0,True,
conditional_space,random,15,True,10,0.024269742645586678,0.19763275447783307,1.0,10.0,0,10,0,0,0,0,0.001262793317437172,0,0,0,0,True,
conditional_space,random,16,True,10,0.10110231513709056,0.19206337888935626,1.0,10.0,0,10,0,0,0,0,0.0015181656926870346,0,0,0,0,True,
conditional_space,random,17,True,10,0.04915958731404879,0.1855847088586323,1.0,10.0,0,10,0,0,0,0,0.0013511218130588531,0,0,0,0,True,
conditional_space,random,18,True,10,0.031318741573275855,0.1946787518117213,1.0,10.0,0,10,0,0,0,0,0.0013957517221570015,0,0,0,0,True,
conditional_space,random,19,True,10,0.017767167690729835,0.23473746897598402,1.0,10.0,0,10,0,0,0,0,0.001546412706375122,0,0,0,0,True,
conditional_space,random,20,True,10,0.01591238335476064,0.23428752466856562,1.0,10.0,0,10,0,0,0,0,0.0013687056489288807,0,0,0,0,True,
conditional_space,random,21,True,10,0.023674383559615597,0.20347404378234613,1.0,10.0,0,10,0,0,0,0,0.0013982877135276794,0,0,0,0,True,
conditional_space,random,22,True,10,0.023572551929787022,0.17493445219153178,1.0,10.0,0,10,0,0,0,0,0.0013597491197288036,0,0,0,0,True,
conditional_space,random,23,True,10,0.10839824679368992,0.20136562334647565,1.0,10.0,0,10,0,0,0,0,0.0014083744026720524,0,0,0,0,True,
conditional_space,random,24,True,10,0.10103351571058783,0.19596387491900194,1.0,10.0,0,10,0,0,0,0,0.001255203504115343,0,0,0,0,True,
conditional_space,random,25,True,10,0.028219416097377326,0.15393816517135886,1.0,10.0,0,10,0,0,0,0,0.0013971668668091297,0,0,0,0,True,
conditional_space,random,26,True,10,0.05343554032690978,0.1480919862942188,1.0,10.0,0,10,0,0,0,0,0.0012762462720274925,0,0,0,0,True,
conditional_space,random,27,True,10,0.05610108242923095,0.20944137634499643,1.0,10.0,0,10,0,0,0,0,0.0014173751696944237,0,0,0,0,True,
conditional_space,random,28,True,10,0.021814906274429058,0.25473013556713575,1.0,10.0,0,10,0,0,0,0,0.0012802490964531898,0,0,0,0,True,
conditional_space,random,29,True,10,0.046732285661412964,0.26723060535024573,1.0,10.0,0,10,0,0,0,0,0.0014015855267643929,0,0,0,0,True,
conditional_space,sobol,0,True,10,0.025454642496414936,0.1802279869207148,1.0,10.0,0,10,0,0,0,0,0.005422669928520918,0,0,0,0,True,
conditional_space,sobol,1,True,10,0.004273419375628085,0.12414416189044272,1.0,10.0,0,10,0,0,0,0,0.004435668233782053,0,0,0,0,True,
conditional_space,sobol,2,True,10,0.022343243874578755,0.18054139620070803,1.0,10.0,0,10,0,0,0,0,0.004896670114248991,0,0,0,0,True,
conditional_space,sobol,3,True,10,0.09608050417035263,0.20261481650986277,1.0,10.0,0,10,0,0,0,0,0.004328624811023474,0,0,0,0,True,
conditional_space,sobol,4,True,10,0.013260409096016113,0.12072862380996705,1.0,10.0,0,10,0,0,0,0,0.004223541356623173,0,0,0,0,True,
conditional_space,sobol,5,True,10,0.0641341438663916,0.2169162102259902,1.0,10.0,0,10,0,0,0,0,0.004164582584053278,0,0,0,0,True,
conditional_space,sobol,6,True,10,0.10006014497613203,0.22464348337071524,1.0,10.0,0,10,0,0,0,0,0.004035335034132004,0,0,0,0,True,
conditional_space,sobol,7,True,10,0.02060554122142988,0.11854498709928689,1.0,10.0,0,10,0,0,0,0,0.005041790194809437,0,0,0,0,True,
conditional_space,sobol,8,True,10,0.02958247143134851,0.16964973743502854,1.0,10.0,0,10,0,0,0,0,0.004637460224330425,0,0,0,0,True,
conditional_space,sobol,9,True,10,0.10047155148621578,0.24004932207681068,1.0,10.0,0,10,0,0,0,0,0.004478082526475191,0,0,0,0,True,
conditional_space,sobol,10,True,10,0.032733969764412785,0.17328896479604755,1.0,10.0,0,10,0,0,0,0,0.004479961469769478,0,0,0,0,True,
conditional_space,sobol,11,True,10,0.10217323853606419,0.2116059210708759,1.0,10.0,0,10,0,0,0,0,0.004472872707992792,0,0,0,0,True,
conditional_space,sobol,12,True,10,0.04978221188532306,0.25089840374241734,1.0,10.0,0,10,0,0,0,0,0.004667914938181639,0,0,0,0,True,
conditional_space,sobol,13,True,10,0.10737325834929068,0.1966359325143617,1.0,10.0,0,10,0,0,0,0,0.004834956489503384,0,0,0,0,True,
conditional_space,sobol,14,True,10,0.09597273522233185,0.20637232057780613,1.0,10.0,0,10,0,0,0,0,0.004273084923624992,0,0,0,0,True,
conditional_space,sobol,15,True,10,0.002333335174505957,0.15575319554451345,1.0,10.0,0,10,0,0,0,0,0.005036043468862772,0,0,0,0,True,
conditional_space,sobol,16,True,10,0.08571542787298814,0.17714388508568932,1.0,10.0,0,10,0,0,0,0,0.00420654471963644,0,0,0,0,True,
conditional_space,sobol,17,True,10,0.10198961112137195,0.2141565717302288,1.0,10.0,0,10,0,0,0,0,0.004612626973539591,0,0,0,0,True,
conditional_space,sobol,18,True,10,0.037324082375394974,0.16838296253765744,1.0,10.0,0,10,0,0,0,0,0.004745958838611841,0,0,0,0,True,
conditional_space,sobol,19,True,10,0.10303833863703593,0.2533256174338678,1.0,10.0,0,10,0,0,0,0,0.004241458140313625,0,0,0,0,True,
conditional_space,sobol,20,True,10,0.11376961862137769,0.22307432798883245,1.0,10.0,0,10,0,0,0,0,0.004430247005075216,0,0,0,0,True,
conditional_space,sobol,21,True,10,0.087257791096083,0.18688058473639377,1.0,10.0,0,10,0,0,0,0,0.005140460561960936,0,0,0,0,True,
conditional_space,sobol,22,True,10,0.04916393741352254,0.1624742485400157,1.0,10.0,0,10,0,0,0,0,0.004889459349215031,0,0,0,0,True,
conditional_space,sobol,23,True,10,0.03422035663403544,0.1816663285532764,1.0,10.0,0,10,0,0,0,0,0.004181083757430315,0,0,0,0,True,
conditional_space,sobol,24,True,10,0.10507900945249127,0.20584098336063067,1.0,10.0,0,10,0,0,0,0,0.004598790314048529,0,0,0,0,True,
conditional_space,sobol,25,True,10,0.005628094021851493,0.17181294656835955,1.0,10.0,0,10,0,0,0,0,0.006303040776401758,0,0,0,0,True,
conditional_space,sobol,26,True,10,0.05211891942870228,0.18907883400518233,1.0,10.0,0,10,0,0,0,0,0.007630042266100645,0,0,0,0,True,
conditional_space,sobol,27,True,10,0.07922575938251508,0.1986570778762864,1.0,10.0,0,10,0,0,0,0,0.009901877027004957,0,0,0,0,True,
conditional_space,sobol,28,True,10,0.09447651491339248,0.18787999993360566,1.0,10.0,0,10,0,0,0,0,0.005597126204520464,0,0,0,0,True,
conditional_space,sobol,29,True,10,0.02593634090143604,0.13610066986257877,1.0,10.0,0,10,0,0,0,0,0.007441041059792042,0,0,0,0,True,
conditional_space,smac,0,True,10,0.025454642496414936,0.1802279869207148,1.0,10.0,0,10,0,0,0,0,0.3078748336993158,0,0,0,0,,
conditional_space,smac,1,True,10,0.004273419375628085,0.12414416189044272,1.0,10.0,0,10,0,0,0,0,0.315053247846663,0,0,0,0,,
conditional_space,smac,2,True,10,0.022343243874578755,0.18054139620070803,1.0,10.0,0,10,0,0,0,0,0.4238514550961554,0,0,0,0,,
conditional_space,smac,3,True,10,0.09608050417035263,0.20261481650986277,1.0,10.0,0,10,0,0,0,0,0.30576520459726453,0,0,0,0,,
conditional_space,smac,4,True,10,0.013260409096016113,0.12072862380996705,1.0,10.0,0,10,0,0,0,0,0.29897912591695786,0,0,0,0,,
conditional_space,smac,5,True,10,0.0010445777429889391,0.1804699815237492,1.0,10.0,0,10,0,0,0,0,0.2683624145574868,0,0,0,0,,
conditional_space,smac,6,True,10,0.1570671151221471,0.24491931570079903,1.0,10.0,0,10,0,0,0,0,0.2277792477980256,0,0,0,0,,
conditional_space,smac,7,True,10,0.02060554122142988,0.11854498709928689,1.0,10.0,0,10,0,0,0,0,0.2958974167704582,0,0,0,0,,
conditional_space,smac,8,True,10,0.02958247143134851,0.16964973743502854,1.0,10.0,0,10,0,0,0,0,0.3820638321340084,0,0,0,0,,
conditional_space,smac,9,True,10,0.09582548127571566,0.23819089399261073,1.0,10.0,0,10,0,0,0,0,0.25989858293905854,0,0,0,0,,
conditional_space,smac,10,True,10,0.08894794396476347,0.19409649650999478,1.0,10.0,0,10,0,0,0,0,0.24983828933909535,0,0,0,0,,
conditional_space,smac,11,True,10,0.025713446860950784,0.18574587641404283,1.0,10.0,0,10,0,0,0,0,0.272045006044209,0,0,0,0,,
conditional_space,smac,12,True,10,0.01674650700454161,0.24628563088823952,1.0,10.0,0,10,0,0,0,0,0.27892016898840666,0,0,0,0,,
conditional_space,smac,13,True,10,0.06526217112316957,0.18400260634652535,1.0,10.0,0,10,0,0,0,0,0.41678837686777115,0,0,0,0,,
conditional_space,smac,14,True,10,0.010896198027586346,0.18918852483628967,1.0,10.0,0,10,0,0,0,0,0.309493170119822,0,0,0,0,,
conditional_space,smac,15,True,10,0.10262839546746816,0.19587121966169835,1.0,10.0,0,10,0,0,0,0,0.2670428710989654,0,0,0,0,,
conditional_space,smac,16,True,10,0.032752941440251315,0.17714388508568932,1.0,10.0,0,10,0,0,0,0,0.26477954257279634,0,0,0,0,,
conditional_space,smac,17,True,10,0.12595834819596796,0.22109504415540598,1.0,10.0,0,10,0,0,0,0,0.2733854176476598,0,0,0,0,,
conditional_space,smac,18,True,10,0.08702592294654055,0.1783233306518866,1.0,10.0,0,10,0,0,0,0,0.2809499576687813,0,0,0,0,,
conditional_space,smac,19,True,10,0.10252059673512126,0.25317520770783264,1.0,10.0,0,10,0,0,0,0,0.3582708337344229,0,0,0,0,,
conditional_space,smac,20,True,10,0.07287344886387515,0.20515251399964943,1.0,10.0,0,10,0,0,0,0,0.28250354109331965,0,0,0,0,,
conditional_space,smac,21,True,10,0.0627418502300141,0.18941595662421656,1.0,10.0,0,10,0,0,0,0,0.23517812183126807,0,0,0,0,,
conditional_space,smac,22,True,10,0.04916393741352254,0.1624742485400157,1.0,10.0,0,10,0,0,0,0,0.31203841511160135,0,0,0,0,,
conditional_space,smac,23,True,10,0.031711530702849156,0.18497327331595176,1.0,10.0,0,10,0,0,0,0,0.32224862836301327,0,0,0,0,,
conditional_space,smac,24,True,10,0.017367827625650367,0.17075651062989436,1.0,10.0,0,10,0,0,0,0,0.29679920710623264,0,0,0,0,,
conditional_space,smac,25,True,10,0.07117286260496392,0.19240775626547146,1.0,10.0,0,10,0,0,0,0,0.3779822108335793,0,0,0,0,,
conditional_space,smac,26,True,10,0.006526626266279978,0.18041346804111522,1.0,10.0,0,10,0,0,0,0,0.2952672499231994,0,0,0,0,,
conditional_space,smac,27,True,10,0.07922575938251508,0.1986570778762864,1.0,10.0,0,10,0,0,0,0,0.321061918977648,0,0,0,0,,
conditional_space,smac,28,True,10,0.10017878793649726,0.19016090914284753,1.0,10.0,0,10,0,0,0,0,0.2469977498985827,0,0,0,0,,
conditional_space,smac,29,True,10,0.013207645033000426,0.12909257033922644,1.0,10.0,0,10,0,0,0,0,0.2784587936475873,0,0,0,0,,
conditional_space,botorch,0,True,10,0.0001946140960527032,0.17264997840060609,1.0,10.0,0,10,0,0,0,0,1.0049397107213736,5,0,0,0,True,
conditional_space,botorch,1,True,10,0.004273419375628085,0.12414416189044272,1.0,10.0,0,10,0,0,0,0,0.9203513329848647,5,0,0,0,True,
conditional_space,botorch,2,True,10,0.00044662363935521476,0.17616207215366333,1.0,10.0,0,10,0,0,0,0,0.695975705049932,5,0,0,0,True,
conditional_space,botorch,3,True,10,0.013620339824160332,0.19436880007524354,1.0,10.0,0,10,0,0,0,0,0.5964458743110299,5,0,0,0,True,
conditional_space,botorch,4,True,10,0.004600552367525879,0.12072862380996705,1.0,10.0,0,10,0,0,0,0,0.9205787912942469,5,0,0,0,True,
conditional_space,botorch,5,True,10,0.014279220851120211,0.21955525178193153,1.0,10.0,0,10,0,0,0,0,0.665197626221925,5,0,0,0,True,
conditional_space,botorch,6,True,10,0.00917484367357324,0.1996139812117511,1.0,10.0,0,10,0,0,0,0,0.8448619591072202,5,0,0,0,True,
conditional_space,botorch,7,True,10,0.00011161819483729296,0.11649559479662763,1.0,10.0,0,10,0,0,0,0,1.4696257105097175,5,0,0,0,True,
conditional_space,botorch,8,True,10,0.0004382732856201832,0.1667353176204557,1.0,10.0,0,10,0,0,0,0,1.3853951268829405,5,0,0,0,True,
conditional_space,botorch,9,True,10,0.019449022931631088,0.21954620145907094,1.0,10.0,0,10,0,0,0,0,0.9392607524059713,5,0,0,0,True,
conditional_space,botorch,10,True,10,0.007517288679943168,0.1740107168134039,1.0,10.0,0,10,0,0,0,0,0.8189380848780274,5,0,0,0,True,
conditional_space,botorch,11,True,10,0.10000044436999111,0.21050488845240362,1.0,10.0,0,10,0,0,0,0,1.8680485412478447,5,0,0,0,True,
conditional_space,botorch,12,True,10,0.0040849710209485135,0.23887267850286714,1.0,10.0,0,10,0,0,0,0,0.9596172082237899,5,0,0,0,True,
conditional_space,botorch,13,True,10,0.09005965006157246,0.19466387811490776,1.0,10.0,0,10,0,0,0,0,0.926575290504843,5,0,0,0,True,
conditional_space,botorch,14,True,10,0.10000020357277373,0.2058797986164706,1.0,10.0,0,10,0,0,0,0,1.7896452923305333,5,0,0,0,True,
conditional_space,botorch,15,True,10,0.0010215196794690629,0.1836129024292584,1.0,10.0,0,10,0,0,0,0,0.8126983307301998,5,0,0,0,True,
conditional_space,botorch,16,True,10,0.026046414242419047,0.17342673250729196,1.0,10.0,0,10,0,0,0,0,0.8062670798972249,5,0,0,0,True,
conditional_space,botorch,17,True,10,0.005193768975046864,0.18201446787659248,1.0,10.0,0,10,0,0,0,0,0.7923826244659722,5,0,0,0,True,
conditional_space,botorch,18,True,10,0.08702592294654055,0.1783233306518866,1.0,10.0,0,10,0,0,0,0,0.8185223354957998,5,0,0,0,True,
conditional_space,botorch,19,True,10,0.019902759196369302,0.23076963945913548,1.0,10.0,0,10,0,0,0,0,0.7767932498827577,5,0,0,0,True,
conditional_space,botorch,20,True,10,0.06631060488910767,0.2047137045034202,1.0,10.0,0,10,0,0,0,0,1.1765338322147727,5,0,0,0,True,
conditional_space,botorch,21,True,10,0.10000025731176665,0.19212275346131547,1.0,10.0,0,10,0,0,0,0,0.7368251672014594,5,0,0,0,True,
conditional_space,botorch,22,True,10,0.028223323864431382,0.15619206447528838,1.0,10.0,0,10,0,0,0,0,0.8794982917606831,5,0,0,0,True,
conditional_space,botorch,23,True,10,0.001527649840003198,0.17738674587672534,1.0,10.0,0,10,0,0,0,0,0.7560480376705527,5,0,0,0,True,
conditional_space,botorch,24,True,10,0.006077658094149174,0.18886552241313947,1.0,10.0,0,10,0,0,0,0,0.8104157103225589,5,0,0,0,True,
conditional_space,botorch,25,True,10,9.971908754213832e-05,0.18316040520374602,1.0,10.0,0,10,0,0,0,0,0.8576961243525147,5,0,0,0,True,
conditional_space,botorch,26,True,10,0.00043188040831909635,0.183910130103144,1.0,10.0,0,10,0,0,0,0,0.8441802887246013,5,0,0,0,True,
conditional_space,botorch,27,True,10,0.0034061145593761166,0.1834931489116586,1.0,10.0,0,10,0,0,0,0,0.8065725415945053,5,0,0,0,True,
conditional_space,botorch,28,True,10,0.08435903692971924,0.18541498384081417,1.0,10.0,0,10,0,0,0,0,1.0904443738982081,5,0,0,0,True,
conditional_space,botorch,29,True,10,0.0039902933897268955,0.13390606511140785,1.0,10.0,0,10,0,0,0,0,0.6191590428352356,5,0,0,0,True,
noisy_chain,fixed,0,True,10,0.0334126421806753,0.1573879772053278,2.9499999999999997,15.406249999999998,5,10,0,0,0,0,0.004786045756191015,0,0,0,0,True,
noisy_chain,fixed,1,True,10,0.07352280168579528,0.19235357277392157,2.9499999999999997,15.406249999999998,5,10,0,0,0,0,0.004830833058804274,0,0,0,0,True,
noisy_chain,fixed,2,True,10,0.06919885731805098,0.1885842212707357,2.9499999999999997,15.406249999999998,5,10,0,0,0,0,0.004599667154252529,0,0,0,0,True,
noisy_chain,fixed,3,True,10,0.06735011137298486,0.18697259708818895,2.9499999999999997,15.406249999999998,5,10,0,0,0,0,0.004433915019035339,0,0,0,0,True,
noisy_chain,fixed,4,True,10,0.06463782998851009,0.1911509559262106,2.9499999999999997,15.406249999999998,5,10,0,0,0,0,0.004796457011252642,0,0,0,0,True,
noisy_chain,fixed,5,True,10,0.07042864381849245,0.19108821568607956,2.9499999999999997,15.406249999999998,5,10,0,0,0,0,0.004514416679739952,0,0,0,0,True,
noisy_chain,fixed,6,True,10,0.04492565735765053,0.16742432304438667,2.9499999999999997,15.406249999999998,5,10,0,0,0,0,0.0049482895992696285,0,0,0,0,True,
noisy_chain,fixed,7,True,10,0.04851388916500632,0.1705523251199294,2.9499999999999997,15.406249999999998,5,10,0,0,0,0,0.00467221112921834,0,0,0,0,True,
noisy_chain,fixed,8,True,10,0.06822410591565542,0.18773449233082132,2.9499999999999997,15.406249999999998,5,10,0,0,0,0,0.004932500887662172,0,0,0,0,True,
noisy_chain,fixed,9,True,10,0.05481330871166068,0.17604377563777374,2.9499999999999997,15.406249999999998,5,10,0,0,0,0,0.004350205883383751,0,0,0,0,True,
noisy_chain,fixed,10,True,10,0.07246939156244214,0.19143527394899848,2.9499999999999997,15.406249999999998,5,10,0,0,0,0,0.004531624726951122,0,0,0,0,True,
noisy_chain,fixed,11,True,10,0.06376236135895375,0.1838450150107401,2.9499999999999997,15.406249999999998,5,10,0,0,0,0,0.00564170628786087,0,0,0,0,True,
noisy_chain,fixed,12,True,10,0.06665861676803564,0.19421340867177764,2.9499999999999997,15.406249999999998,5,10,0,0,0,0,0.0046831644140183926,0,0,0,0,True,
noisy_chain,fixed,13,True,10,0.08282668841973628,0.20046413490503098,2.9499999999999997,15.406249999999998,5,10,0,0,0,0,0.005147252697497606,0,0,0,0,True,
noisy_chain,fixed,14,True,10,0.06071319199025571,0.1811869347567229,2.9499999999999997,15.406249999999998,5,10,0,0,0,0,0.004597917664796114,0,0,0,0,True,
noisy_chain,fixed,15,True,10,0.0561193050701001,0.18828567818417505,2.9499999999999997,15.406249999999998,5,10,0,0,0,0,0.0045350841246545315,0,0,0,0,True,
noisy_chain,fixed,16,True,10,0.04519269005167392,0.16765710589287225,2.9499999999999997,15.406249999999998,5,10,0,0,0,0,0.004260291811078787,0,0,0,0,True,
noisy_chain,fixed,17,True,10,0.05756194459796238,0.17843986909518023,2.9499999999999997,15.406249999999998,5,10,0,0,0,0,0.0061228349804878235,0,0,0,0,True,
noisy_chain,fixed,18,True,10,0.051733813352116464,0.17335925903086674,2.9499999999999997,15.406249999999998,5,10,0,0,0,0,0.004342955537140369,0,0,0,0,True,
noisy_chain,fixed,19,True,10,0.03945192862576452,0.16265265951941643,2.9499999999999997,15.406249999999998,5,10,0,0,0,0,0.004291126038879156,0,0,0,0,True,
noisy_chain,fixed,20,True,10,0.04516541135446506,0.16999047894011513,2.9499999999999997,15.406249999999998,5,10,0,0,0,0,0.004486373160034418,0,0,0,0,True,
noisy_chain,fixed,21,True,10,0.06203710089752945,0.18789995070587415,2.9499999999999997,15.406249999999998,5,10,0,0,0,0,0.005441710818558931,0,0,0,0,True,
noisy_chain,fixed,22,True,10,0.049999492088288244,0.17184738332044255,2.9499999999999997,15.406249999999998,5,10,0,0,0,0,0.004581335000693798,0,0,0,0,True,
noisy_chain,fixed,23,True,10,0.049332849478978535,0.17126624487189213,2.9499999999999997,15.406249999999998,5,10,0,0,0,0,0.004290831740945578,0,0,0,0,True,
noisy_chain,fixed,24,True,10,0.06850260305211953,0.1879772691823911,2.9499999999999997,15.406249999999998,5,10,0,0,0,0,0.004514331463724375,0,0,0,0,True,
noisy_chain,fixed,25,True,10,0.0684468881812681,0.18792870034932285,2.9499999999999997,15.406249999999998,5,10,0,0,0,0,0.004654666408896446,0,0,0,0,True,
noisy_chain,fixed,26,True,10,0.07912908160032839,0.19724078635159062,2.9499999999999997,15.406249999999998,5,10,0,0,0,0,0.00456291763111949,0,0,0,0,True,
noisy_chain,fixed,27,True,10,0.05816318393272024,0.1789639929500452,2.9499999999999997,15.406249999999998,5,10,0,0,0,0,0.004247958771884441,0,0,0,0,True,
noisy_chain,fixed,28,True,10,0.035915762851966515,0.15957004544269252,2.9499999999999997,15.406249999999998,5,10,0,0,0,0,0.005238543264567852,0,0,0,0,True,
noisy_chain,fixed,29,True,10,0.08120578034222925,0.20428549328418072,2.9499999999999997,15.406249999999998,5,10,0,0,0,0,0.004860626999288797,0,0,0,0,True,
noisy_chain,random,0,True,10,0.08358156464869781,0.5977057009446759,12.645525269920226,16.22072501226761,7,10,0,0,0,0,0.001521955244243145,0,0,0,0,True,
noisy_chain,random,1,True,10,0.06555559032070757,0.14684452141066076,2.0008096743931483,14.729251377060383,7,10,0,0,0,0,0.0015306253917515278,0,0,0,0,True,
noisy_chain,random,2,True,10,0.0,0.47016616094034386,10.654256987563057,16.76107797864388,7,10,0,0,0,0,0.0014240853488445282,0,0,0,0,True,
noisy_chain,random,3,True,10,0.08074951146686904,0.27449614972342457,4.517730445456489,17.697205924465457,6,10,0,0,0,0,0.0015130848623812199,0,0,0,0,True,
noisy_chain,random,4,True,10,0.06052935106980961,0.3556495209706729,6.5684422535414635,16.669467567053708,6,9,0,1,0,0,0.0014845025725662708,0,0,0,0,True,
noisy_chain,random,5,True,10,0.02741991736328231,0.09194380786648768,1.3,14.713050801391697,4,10,0,0,0,0,0.0015287911519408226,0,0,0,0,True,
noisy_chain,random,6,True,10,0.1696507025659414,0.6004438399168374,11.932619428581452,15.48922897010996,7,9,0,1,0,0,0.0013167890720069408,0,0,0,0,True,
noisy_chain,random,7,True,10,0.05157797250818219,0.13775010957825534,2.0370412449197453,16.369162825127148,5,10,0,0,0,0,0.0015698736533522606,0,0,0,0,True,
noisy_chain,random,8,True,10,0.004979102862038065,0.20014287348414903,3.9082243065372646,17.505047169428646,1,9,0,1,0,0,0.001637747511267662,0,0,0,0,True,
noisy_chain,random,9,True,10,0.0627773959299689,0.12258266034645728,1.0,15.38366240984802,7,10,0,0,0,0,0.0014413325116038322,0,0,0,0,True,
noisy_chain,random,10,True,10,0.019475461397521432,0.103754477812908,1.9769187829982078,15.371980025534622,6,8,0,2,0,0,0.0015049981884658337,0,0,0,0,True,
noisy_chain,random,11,True,10,0.0,0.27539236446836707,6.3340243827724425,15.530428095786212,4,10,0,0,0,0,0.0015286235138773918,0,0,0,0,True,
noisy_chain,random,12,True,10,0.02585192122847335,0.19719354157362,3.879429570832995,13.601246201698988,3,10,0,0,0,0,0.005771373398602009,0,0,0,0,True,
noisy_chain,random,13,True,10,0.037656073915727784,0.2943540499167905,6.068579049074644,16.54838082854528,4,10,0,0,0,0,0.0015609986148774624,0,0,0,0,True,
noisy_chain,random,14,True,10,0.023674680855111152,0.10458028814136675,1.6824646367987228,17.446403149655666,6,10,0,0,0,0,0.001750248484313488,0,0,0,0,True,
noisy_chain,random,15,True,10,0.1397601102105297,0.24884122746719847,2.907106010533976,14.7850506486375,5,9,0,1,0,0,0.0015855850651860237,0,0,0,0,True,
noisy_chain,random,16,True,10,0.0009496191592244241,0.15595036721635375,3.4123423965168014,17.17480506855589,4,10,0,0,0,0,0.001511833630502224,0,0,0,0,True,
noisy_chain,random,17,True,10,0.15383693453863245,0.3861216945092768,6.313853319054777,14.838989385884098,7,9,0,1,0,0,0.001379834022372961,0,0,0,0,True,
noisy_chain,random,18,True,10,0.007722522595439818,0.06702694719741585,1.15,12.459780155880384,1,10,0,0,0,0,0.0014944151043891907,0,0,0,0,True,
noisy_chain,random,19,True,10,0.11843020299452123,0.2957940178348338,3.999355333348145,14.71592424462369,7,10,0,0,0,0,0.001453041099011898,0,0,0,0,True,
noisy_chain,random,20,True,10,0.02812242591774128,0.1465738620830544,2.8032162737933626,13.26915297531337,5,10,0,0,0,0,0.0013742516748607159,0,0,0,0,True,
noisy_chain,random,21,True,10,0.004105872427034862,0.2593495509989848,5.148257363998532,18.083431202665796,4,10,0,0,0,0,0.0013505443930625916,0,0,0,0,True,
noisy_chain,random,22,True,10,0.004281769134491187,0.07368630465675786,1.15,14.691946970239332,4,10,0,0,0,0,0.0017974604852497578,0,0,0,0,True,
noisy_chain,random,23,True,10,0.17220070940590726,0.2374283910907148,1.45,14.825249437491145,7,10,0,0,0,0,0.0015852930955588818,0,0,0,0,True,
noisy_chain,random,24,True,10,0.07664689520433443,0.2561161509176478,4.128650794185168,15.438659266828028,6,10,0,0,0,0,0.0015082070603966713,0,0,0,0,True,
noisy_chain,random,25,True,10,0.12886770744257314,0.2866751228281625,4.166497539900673,14.606410570073319,6,10,0,0,0,0,0.001515375915914774,0,0,0,0,True,
noisy_chain,random,26,True,10,0.09965443212017533,0.1451330542258856,1.15,15.275956848194097,3,10,0,0,0,0,0.001437502447515726,0,0,0,0,True,
noisy_chain,random,27,True,10,0.12329946222988253,0.43390784557112166,8.148726399802607,17.12343386982808,8,9,0,1,0,0,0.0015325816348195076,0,0,0,0,True,
noisy_chain,random,28,True,10,0.033302443035651885,0.08800734271810332,1.0,13.28434045929004,3,10,0,0,0,0,0.001386705320328474,0,0,0,0,True,
noisy_chain,random,29,True,10,0.08423194808676449,0.15010479198487875,1.6544313884845745,14.491418990976184,4,10,0,0,0,0,0.0013282475993037224,0,0,0,0,True,
noisy_chain,sobol,0,True,10,0.03955190456124413,0.17579506838802803,2.943689426407218,15.399700538348407,5,10,0,0,0,0,0.0038012093864381313,0,0,0,0,True,
noisy_chain,sobol,1,True,10,0.024962715015719672,0.10095199644462029,1.722327328007668,15.15672584930435,4,10,0,0,0,0,0.003923333715647459,0,0,0,0,True,
noisy_chain,sobol,2,True,10,0.07863516678586369,0.20892138451231232,3.2523305640555917,15.21193520994857,6,10,0,0,0,0,0.004078124184161425,0,0,0,0,True,
noisy_chain,sobol,3,True,10,0.015954004851777892,0.18267596568526823,3.2294225839897988,15.283935532346367,6,10,0,0,0,0,0.004096334334462881,0,0,0,0,True,
noisy_chain,sobol,4,True,10,0.029139829952011587,0.23657485990154542,4.456825732532889,15.697758376225831,5,10,0,0,0,0,0.004146997816860676,0,0,0,0,True,
noisy_chain,sobol,5,True,10,0.036028427641624394,0.2493348588272759,4.4035635046660895,15.532142190542071,5,10,0,0,0,0,0.0037856674753129482,0,0,0,0,True,
noisy_chain,sobol,6,True,10,0.0372606148049196,0.17588957320147622,2.9775034441612656,15.153431640751663,5,10,0,0,0,0,0.004103916231542826,0,0,0,0,True,
noisy_chain,sobol,7,True,10,0.05917283653368899,0.1417847059937599,2.0195771033875642,15.677986941300333,6,10,0,0,0,0,0.006781456992030144,0,0,0,0,True,
noisy_chain,sobol,8,True,10,0.10402693934241625,0.23371777772892272,2.956958573684096,15.542774369381368,5,9,0,1,0,0,0.0038201655261218548,0,0,0,0,True,
noisy_chain,sobol,9,True,10,0.012405429456483041,0.29695045618431787,6.348544361256064,15.451167721580713,4,9,0,1,0,0,0.00410121027380228,0,0,0,0,True,
noisy_chain,sobol,10,True,10,0.08401999347623168,0.1548465803763958,1.3,15.42496413150802,7,10,0,0,0,0,0.003950458485633135,0,0,0,0,True,
noisy_chain,sobol,11,True,10,0.012826918837297363,0.23065464039559175,4.104714716598392,15.101594409160315,5,10,0,0,0,0,0.0038377507589757442,0,0,0,0,True,
noisy_chain,sobol,12,True,10,0.03265024056180932,0.12553314364411733,1.5876692957244813,15.32230301927775,5,10,0,0,0,0,0.004191997926682234,0,0,0,0,True,
noisy_chain,sobol,13,True,10,0.0,0.10109927890426829,1.3,15.151478668395432,6,10,0,0,0,0,0.004501873627305031,0,0,0,0,True,
noisy_chain,sobol,14,True,10,0.00044609297073416876,0.08264133438124158,1.3,15.591476192977279,5,10,0,0,0,0,0.005464709829539061,0,0,0,0,True,
noisy_chain,sobol,15,True,10,0.0666772037764013,0.13655649435165854,1.3,15.604839708004144,5,10,0,0,0,0,0.00387262599542737,0,0,0,0,True,
noisy_chain,sobol,16,True,10,0.036096636785520775,0.30268681960821925,6.079469209071249,15.36650151917711,4,10,0,0,0,0,0.004279539920389652,0,0,0,0,True,
noisy_chain,sobol,17,True,10,0.08571941205791334,0.32882387608898467,6.091573486290873,15.605632423795761,6,10,0,0,0,0,0.003954039420932531,0,0,0,0,True,
noisy_chain,sobol,18,True,10,0.04320523434487333,0.22568324311675042,4.021290337108075,15.382115320768209,5,10,0,0,0,0,0.003815792500972748,0,0,0,0,True,
noisy_chain,sobol,19,True,10,0.03247256344464755,0.12349963053048911,1.829998760856688,15.164660141803324,5,10,0,0,0,0,0.0039350842125713825,0,0,0,0,True,
noisy_chain,sobol,20,True,10,0.03187501574547014,0.2460179112209227,5.087449116632342,15.088729973044247,7,10,0,0,0,0,0.003910956438630819,0,0,0,0,True,
noisy_chain,sobol,21,True,10,0.054769288151980455,0.10776315048759331,1.15,15.557494702376424,6,10,0,0,0,0,0.003943581599742174,0,0,0,0,True,
noisy_chain,sobol,22,True,10,0.02716503939663828,0.09142914937125103,1.3,15.430209912825378,5,10,0,0,0,0,0.004437622148543596,0,0,0,0,True,
noisy_chain,sobol,23,True,10,0.07350727779245891,0.15257508944285922,1.583862267434597,15.389640409965068,4,10,0,0,0,0,0.0037094163708388805,0,0,0,0,True,
noisy_chain,sobol,24,True,10,0.11284386334613483,0.22472550091730023,2.767744402773678,15.371198193728924,4,9,0,1,0,0,0.004267415497452021,0,0,0,0,True,
noisy_chain,sobol,25,True,10,0.011467766824340586,0.0948110424002158,1.3,15.37625949466601,6,10,0,0,0,0,0.003955625928938389,0,0,0,0,True,
noisy_chain,sobol,26,True,10,0.06406775851377744,0.12253001223900797,1.15,15.776692659780384,7,10,0,0,0,0,0.002178248018026352,0,0,0,0,True,
noisy_chain,sobol,27,True,10,0.10975336738766517,0.22243526982072706,2.805861904006451,15.360943439416587,5,10,0,0,0,0,0.004502373747527599,0,0,0,0,True,
noisy_chain,sobol,28,True,10,0.021192475216427864,0.1801231466498466,2.878459865693003,15.342240464221689,6,10,0,0,0,0,0.006284000352025032,0,0,0,0,True,
noisy_chain,sobol,29,True,10,0.10311419352611817,0.1671755057209455,1.0,15.410073219612242,7,10,0,0,0,0,0.005916079506278038,0,0,0,0,True,
noisy_chain,smac,0,True,10,0.004317127666003895,0.16129129566062583,2.943689426407218,17.16735485572577,5,9,0,1,0,0,0.608009584248066,0,0,0,0,,
noisy_chain,smac,1,True,10,0.024962715015719672,0.10095199644462027,1.722327328007668,18.0147802756953,3,10,0,0,0,0,0.334068666677922,0,0,0,0,,
noisy_chain,smac,2,True,10,0.020500614602554812,0.18514379847709786,3.2523305640555917,17.308972672576026,4,10,0,0,0,0,0.2915899562649429,0,0,0,0,,
noisy_chain,smac,3,True,10,0.07043192043138857,0.2009522747581234,3.2294225839897988,15.298884735099117,6,10,0,0,0,0,0.3084291657432914,0,0,0,0,,
noisy_chain,smac,4,True,10,0.013642928659716391,0.23197411703988458,4.456825732532889,18.515368638541382,5,10,0,0,0,0,0.28162712743505836,0,0,0,0,,
noisy_chain,smac,5,True,10,0.026555166262867136,0.24722684746215406,4.4035635046660895,15.3267585855768,4,10,0,0,0,0,0.3081474150530994,0,0,0,0,,
noisy_chain,smac,6,True,10,0.0372606148049196,0.17588957320147616,2.9775034441612656,16.463115138553633,3,10,0,0,0,0,0.41270812693983316,0,0,0,0,,
noisy_chain,smac,7,True,10,0.02414634822661621,0.12327402385646292,2.0195771033875642,16.33802699752436,4,10,0,0,0,0,0.3097682916559279,0,0,0,0,,
noisy_chain,smac,8,True,10,0.13974575979395254,0.2503429837559251,2.956958573684096,15.695672320155566,7,9,0,1,0,0,0.3018801249563694,0,0,0,0,,
noisy_chain,smac,9,True,10,0.10345315731139204,0.35092130525716114,6.348544361256064,13.098544361256065,2,9,0,1,0,0,0.32919199857860804,0,0,0,0,,
noisy_chain,smac,10,True,10,0.04163130163600237,0.1415782126597435,1.3,15.800616290937839,4,10,0,0,0,0,0.31322291726246476,0,0,0,0,,
noisy_chain,smac,11,True,10,0.0,0.20667990068810227,4.104714716598392,17.92178755307723,4,10,0,0,0,0,0.4462193348444998,0,0,0,0,,
noisy_chain,smac,12,True,10,0.03265024056180932,0.1255331436441173,1.5876692957244813,17.025761405106977,4,10,0,0,0,0,0.31457820953801274,0,0,0,0,,
noisy_chain,smac,13,True,10,0.12364588863576009,0.17608118833003789,1.3,12.17303653182462,3,10,0,0,0,0,0.26034150179475546,0,0,0,0,,
noisy_chain,smac,14,True,10,0.00044609297073416876,0.08264133438124159,1.3,14.526766884986417,6,10,0,0,0,0,0.3155523296445608,0,0,0,0,,
noisy_chain,smac,15,True,10,0.00842147987916686,0.11128754626446612,1.3,17.1251729836173,5,10,0,0,0,0,0.31685120705515146,0,0,0,0,,
noisy_chain,smac,16,True,10,0.0882184561646524,0.32922488317101944,6.079469209071249,14.275892564004149,6,10,0,0,0,0,0.2855517929419875,0,0,0,0,,
noisy_chain,smac,17,True,10,0.0901378212717513,0.3311157484073968,6.091573486290873,12.933208286575963,7,10,0,0,0,0,0.3265228313393891,0,0,0,0,,
noisy_chain,smac,18,True,10,0.04320523434487333,0.2256832431167504,4.021290337108075,16.960178128171194,6,10,0,0,0,0,0.4600752079859376,0,0,0,0,,
noisy_chain,smac,19,True,10,0.048432579470321646,0.12963059425784113,1.829998760856688,16.534475498481356,5,10,0,0,0,0,0.3178687086328864,0,0,0,0,,
noisy_chain,smac,20,True,10,0.027391762811905807,0.2433666737776451,5.087449116632342,17.433543112637395,3,9,0,1,0,0,0.3334465427324176,0,0,0,0,,
noisy_chain,smac,21,True,10,0.04315246641290005,0.10148632931582777,1.15,14.74134571284667,5,10,0,0,0,0,0.2835565395653248,0,0,0,0,,
noisy_chain,smac,22,True,10,0.007856087658890898,0.0846492439740362,1.3,17.061807302839988,2,10,0,0,0,0,0.31793841533362865,0,0,0,0,,
noisy_chain,smac,23,True,10,0.0,0.11359318956679884,1.583862267434597,16.446874064405588,4,10,0,0,0,0,0.45843412540853024,0,0,0,0,,
noisy_chain,smac,24,True,10,0.009766295643391265,0.1659487695371203,2.767744402773678,17.965694130195107,2,9,0,1,0,0,0.3048535450361669,0,0,0,0,,
noisy_chain,smac,25,True,10,0.06741811549335519,0.12768467338310072,1.3,15.518956088490249,5,10,0,0,0,0,0.34218341251835227,0,0,0,0,,
noisy_chain,smac,26,True,10,0.03256481333189154,0.10166815973859637,1.15,16.124051452642448,4,10,0,0,0,0,0.35337216686457396,0,0,0,0,,
noisy_chain,smac,27,True,10,0.10975336738766517,0.22243526982072706,2.805861904006451,16.800502698992535,5,10,0,0,0,0,0.34402629313990474,0,0,0,0,,
noisy_chain,smac,28,True,10,0.061267349396949444,0.19089800128872894,2.878459865693003,14.748135778409749,3,10,0,0,0,0,0.29657562216743827,0,0,0,0,,
noisy_chain,smac,29,True,10,0.11141627829515477,0.17099487987875756,1.0,13.185810459684575,7,10,0,0,0,0,0.26817600056529045,0,0,0,0,,
noisy_chain,botorch,0,True,10,0.0,0.15352987900348283,2.943689426407218,17.487531984477624,3,10,0,0,0,0,2.9777608341537416,5,0,0,0,True,
noisy_chain,botorch,1,True,10,0.0015147996040441036,0.095594959443532,1.722327328007668,17.745296165488597,4,10,0,0,0,0,2.2665728754363954,5,0,0,0,True,
noisy_chain,botorch,2,True,10,0.07863516678586369,0.20892138451231232,3.2523305640555917,18.460465243021453,7,10,0,0,0,0,2.193308333866298,5,0,0,0,True,
noisy_chain,botorch,3,True,10,0.0,0.15868605104556674,3.2294225839897988,16.25190178766045,4,10,0,0,0,0,2.852206539362669,5,0,0,0,True,
noisy_chain,botorch,4,True,10,0.0,0.2232281887148913,4.456825732532889,17.265705093305122,4,10,0,0,0,0,4.006120167672634,5,0,0,0,True,
noisy_chain,botorch,5,True,10,0.1156826472106206,0.2870052071938913,4.4035635046660895,14.382579005443723,3,10,0,0,0,0,3.4815768324770033,5,0,0,0,True,
noisy_chain,botorch,6,True,10,0.0,0.1589563874448199,2.9775034441612656,17.528799836144145,3,10,0,0,0,0,2.7964380430057645,5,0,0,0,True,
noisy_chain,botorch,7,True,10,0.0,0.10768087400402414,2.0195771033875642,17.41766464466555,3,10,0,0,0,0,2.913562913890928,5,0,0,0,True,
noisy_chain,botorch,8,True,10,0.12167986032009837,0.24247524259434727,2.956958573684096,14.283446604572237,4,9,0,1,0,0,2.9992200401611626,6,1,0,0,True,
noisy_chain,botorch,9,True,10,0.009299389769787947,0.29614294323748175,6.348544361256064,17.020424833337657,2,9,0,1,0,0,3.0858060433529317,6,1,0,0,True,
noisy_chain,botorch,10,True,10,0.034420829315207735,0.13332911529614774,1.3,15.766982031725881,3,10,0,0,0,0,2.916483666282147,5,0,0,0,True,
noisy_chain,botorch,11,True,10,0.0,0.22639563617217354,4.104714716598392,15.540710004730757,3,10,0,0,0,0,3.0144171663559973,5,0,0,0,True,
noisy_chain,botorch,12,True,10,0.019123412353115654,0.11778285549916605,1.5876692957244813,17.576014704255268,2,10,0,0,0,0,4.228940000757575,5,0,0,0,True,
noisy_chain,botorch,13,True,10,0.05680341208733908,0.14605236634679913,1.3,13.893439682328534,4,10,0,0,0,0,2.4648579601198435,5,0,0,0,True,
noisy_chain,botorch,14,True,10,0.00044609297073416876,0.08264133438124159,1.3,16.044701530837408,4,10,0,0,0,0,3.7608914179727435,5,0,0,0,True,
noisy_chain,botorch,15,True,10,0.008927372674994105,0.10656300812002747,1.3,16.276645369291572,2,10,0,0,0,0,2.612651959992945,5,0,0,0,True,
noisy_chain,botorch,16,True,10,0.049084757468237816,0.3113388190869011,6.079469209071249,14.249202262906682,4,10,0,0,0,0,2.3072504987940192,5,0,0,0,True,
noisy_chain,botorch,17,True,10,0.04249553788095839,0.3143869574188166,6.091573486290873,16.296100396839016,4,10,0,0,0,0,3.0747716673649848,5,0,0,0,True,
noisy_chain,botorch,18,True,10,0.0,0.2016144908250515,4.021290337108075,17.71817499537061,3,10,0,0,0,0,2.463937830645591,5,0,0,0,True,
noisy_chain,botorch,19,True,10,0.008881786341491393,0.11975149331863992,1.829998760856688,17.2549996188067,1,10,0,0,0,0,3.067985668312758,5,0,0,0,True,
noisy_chain,botorch,20,True,10,0.0,0.23222250922821,5.087449116632342,16.95681491820517,3,10,0,0,0,0,3.1556853731162846,5,0,0,0,True,
noisy_chain,botorch,21,True,10,0.040068046509575295,0.10012374008307239,1.15,15.979750572645289,4,10,0,0,0,0,2.2370990002527833,5,0,0,0,True,
noisy_chain,botorch,22,True,10,0.02716503939663828,0.09142914937125102,1.3,15.550638703652638,4,10,0,0,0,0,2.8652379573322833,5,0,0,0,True,
noisy_chain,botorch,23,True,10,0.000987222558326284,0.11253518136142042,1.583862267434597,16.951944296599542,2,10,0,0,0,0,2.716451335698366,5,0,0,0,True,
noisy_chain,botorch,24,True,10,0.09518859825753234,0.2191114952473596,2.767744402773678,14.287027913797647,3,9,0,1,0,0,1.4695322075858712,6,1,0,0,True,
noisy_chain,botorch,25,True,10,0.048364252302035116,0.11618389533796943,1.3,15.811729726430922,4,10,0,0,0,0,3.868523001205176,5,0,0,0,True,
noisy_chain,botorch,26,True,10,0.09052092346047524,0.13599487728745147,1.15,14.680603719342276,6,10,0,0,0,0,1.9295430425554514,5,0,0,0,True,
noisy_chain,botorch,27,True,10,0.03404373035074626,0.18763796067524857,2.805861904006451,18.239453074132225,4,10,0,0,0,0,1.848113791551441,5,0,0,0,True,
noisy_chain,botorch,28,True,10,0.06166037470195207,0.19165730409075976,2.878459865693003,13.056982959334006,3,10,0,0,0,0,1.8762532067485154,5,0,0,0,True,
noisy_chain,botorch,29,True,10,0.02782720864498245,0.12374136848858726,1.0,15.978006471301999,4,10,0,0,0,0,1.9787161224521697,5,0,0,0,True,
