experiment,model,method,seed,evaluations,validation_rmse,target,study_seconds,model_seconds
fixed,hydro,random,0,1,12.117688715061329,2.169295332362961,0.10637529194355011,0.02634429093450308
fixed,hydro,random,0,2,3.8163038054130713,2.169295332362961,0.16185408271849155,0.04407254094257951
fixed,hydro,random,0,3,3.8163038054130713,2.169295332362961,0.23974545765668154,0.06770254066213965
fixed,hydro,random,0,4,3.8163038054130713,2.169295332362961,0.2995167919434607,0.08644633134827018
fixed,hydro,random,0,5,3.8163038054130713,2.169295332362961,0.3606310826726258,0.10229320637881756
fixed,hydro,random,0,6,3.8163038054130713,2.169295332362961,0.4194590416736901,0.11837341403588653
fixed,hydro,random,0,7,3.8163038054130713,2.169295332362961,0.47399595798924565,0.1326783299446106
fixed,hydro,random,0,8,3.5643115938853236,2.169295332362961,0.5299002500250936,0.14877245482057333
fixed,hydro,random,0,9,3.5643115938853236,2.169295332362961,0.5944502498023212,0.1701484126970172
fixed,hydro,random,0,10,3.5643115938853236,2.169295332362961,0.6687153750099242,0.18898624693974853
fixed,hydro,random,0,11,3.5643115938853236,2.169295332362961,0.7388408747501671,0.2109936629422009
fixed,hydro,random,0,12,3.5643115938853236,2.169295332362961,0.8009236669167876,0.22778453771024942
fixed,hydro,random,0,13,3.5643115938853236,2.169295332362961,0.8590959166176617,0.2450433704070747
fixed,hydro,random,0,14,3.5643115938853236,2.169295332362961,0.9123422498814762,0.2592544546350837
fixed,hydro,random,0,15,3.5643115938853236,2.169295332362961,0.9665472498163581,0.27457995479926467
fixed,hydro,random,0,16,3.5643115938853236,2.169295332362961,1.0385854579508305,0.2901443298906088
fixed,hydro,random,0,17,3.5643115938853236,2.169295332362961,1.119170167017728,0.3085461216978729
fixed,hydro,random,0,18,3.5643115938853236,2.169295332362961,1.1959017496556044,0.3288619969971478
fixed,hydro,random,0,19,3.5643115938853236,2.169295332362961,1.2758818329311907,0.3489651223644614
fixed,hydro,random,0,20,3.5643115938853236,2.169295332362961,1.3498996668495238,0.36802412243559957
fixed,hydro,random,0,21,3.5643115938853236,2.169295332362961,1.4357494576834142,0.3924816227518022
fixed,hydro,random,0,22,3.5643115938853236,2.169295332362961,1.5206967080011964,0.4176212060265243
fixed,hydro,random,0,23,3.5643115938853236,2.169295332362961,1.6033069998957217,0.4420652901753783
fixed,hydro,random,0,24,3.5643115938853236,2.169295332362961,1.6789742498658597,0.464008248411119
fixed,hydro,random,0,25,3.5643115938853236,2.169295332362961,1.7567117498256266,0.4858254985883832
fixed,hydro,random,0,26,3.5643115938853236,2.169295332362961,1.830731624737382,0.5060602487064898
fixed,hydro,random,0,27,3.5643115938853236,2.169295332362961,1.9090299997478724,0.5264566238038242
fixed,hydro,random,0,28,3.5643115938853236,2.169295332362961,1.9829937499016523,0.5466576237231493
fixed,hydro,random,0,29,3.5643115938853236,2.169295332362961,2.057453707791865,0.5668206652626395
fixed,hydro,random,0,30,3.5643115938853236,2.169295332362961,2.134733374696225,0.588569582439959
fixed,hydro,random,0,31,3.5643115938853236,2.169295332362961,2.211899416986853,0.6104042073711753
fixed,hydro,random,0,32,3.5643115938853236,2.169295332362961,2.286543999798596,0.6306739994324744
fixed,hydro,random,0,33,2.4865417070221314,2.169295332362961,2.3648292920552194,0.6509445835836232
fixed,hydro,random,0,34,2.4865417070221314,2.169295332362961,2.445413707755506,0.6713484586216509
fixed,hydro,random,0,35,2.4865417070221314,2.169295332362961,2.525381457991898,0.6932895840145648
fixed,hydro,random,0,36,2.4865417070221314,2.169295332362961,2.608064000029117,0.7149009588174522
fixed,hydro,random,0,37,2.4865417070221314,2.169295332362961,2.6856149998493493,0.7360600009560585
fixed,hydro,random,0,38,2.4865417070221314,2.169295332362961,2.758490416686982,0.7538508349098265
fixed,hydro,random,0,39,2.4865417070221314,2.169295332362961,2.834520374890417,0.7736223768442869
fixed,hydro,random,0,40,2.4865417070221314,2.169295332362961,2.9188118330202997,0.7946835015900433
fixed,hydro,random,0,41,2.4865417070221314,2.169295332362961,2.998662875033915,0.8137745433486998
fixed,hydro,random,0,42,2.4865417070221314,2.169295332362961,3.0839158329181373,0.8340385844931006
fixed,hydro,random,0,43,2.4865417070221314,2.169295332362961,3.154219957999885,0.8511396255344152
fixed,hydro,random,0,44,2.4865417070221314,2.169295332362961,3.2421081247739494,0.8745562504045665
fixed,hydro,random,0,45,2.4865417070221314,2.169295332362961,3.3292301669716835,0.8939887094311416
fixed,hydro,random,0,46,2.4865417070221314,2.169295332362961,3.4196921666152775,0.9146984596736729
fixed,hydro,random,0,47,2.4865417070221314,2.169295332362961,3.5074869166128337,0.9363150848075747
fixed,hydro,random,0,48,2.4865417070221314,2.169295332362961,3.5945890420116484,0.9565787520259619
fixed,hydro,random,0,49,2.4865417070221314,2.169295332362961,3.6808289997279644,0.9770892933011055
fixed,hydro,random,0,50,2.4865417070221314,2.169295332362961,3.7701701666228473,0.9986761682666838
fixed,hydro,random,0,51,2.4865417070221314,2.169295332362961,3.854017541743815,1.019154876936227
fixed,hydro,random,0,52,2.4865417070221314,2.169295332362961,3.930770124774426,1.0393107109703124
fixed,hydro,random,0,53,2.4865417070221314,2.169295332362961,4.005970957688987,1.057334294077009
fixed,hydro,random,0,54,2.4865417070221314,2.169295332362961,4.081724166870117,1.0754259610548615
fixed,hydro,random,0,55,2.4865417070221314,2.169295332362961,4.158144916873425,1.094184544403106
fixed,hydro,random,0,56,2.4865417070221314,2.169295332362961,4.237039791885763,1.1098811691626906
fixed,hydro,random,0,57,2.4865417070221314,2.169295332362961,4.317976666614413,1.129858043976128
fixed,hydro,random,0,58,2.4865417070221314,2.169295332362961,4.396055749617517,1.1484168353490531
fixed,hydro,random,0,59,2.4865417070221314,2.169295332362961,4.47365462500602,1.1671233354136348
fixed,hydro,random,0,60,2.4865417070221314,2.169295332362961,4.550918582826853,1.1857301276177168
fixed,hydro,random,0,61,2.4865417070221314,2.169295332362961,4.630406916607171,1.2039484195411205
fixed,hydro,random,0,62,2.4865417070221314,2.169295332362961,4.709687332622707,1.221825502347201
fixed,hydro,random,0,63,2.4865417070221314,2.169295332362961,4.791936291847378,1.23919971100986
fixed,hydro,random,0,64,2.4865417070221314,2.169295332362961,4.869411666877568,1.2555557531304657
fixed,hydro,random,0,65,2.4865417070221314,2.169295332362961,4.948756666854024,1.2725042952224612
fixed,hydro,random,0,66,2.4865417070221314,2.169295332362961,5.0293569578789175,1.2909481702372432
fixed,hydro,random,0,67,2.4865417070221314,2.169295332362961,5.10680045792833,1.307604712434113
fixed,hydro,random,0,68,2.4865417070221314,2.169295332362961,5.1820576665923,1.324764421209693
fixed,hydro,random,0,69,2.4865417070221314,2.169295332362961,5.2568332916125655,1.3417322961613536
fixed,hydro,random,0,70,2.4865417070221314,2.169295332362961,5.331034207716584,1.3573196292854846
fixed,hydro,random,0,71,2.4865417070221314,2.169295332362961,5.445902541745454,1.37300050444901
fixed,hydro,random,0,72,2.4865417070221314,2.169295332362961,5.519421791657805,1.3889549626037478
fixed,hydro,random,0,73,2.4865417070221314,2.169295332362961,5.591838791966438,1.4043776295147836
fixed,hydro,random,0,74,2.4865417070221314,2.169295332362961,5.665650167036802,1.4211283791810274
fixed,hydro,random,0,75,2.4865417070221314,2.169295332362961,5.741746999789029,1.4379123789258301
fixed,hydro,random,0,76,2.4865417070221314,2.169295332362961,5.817596707958728,1.453292336780578
fixed,hydro,random,0,77,2.4865417070221314,2.169295332362961,5.89600804168731,1.4705426287837327
fixed,hydro,random,0,78,2.4865417070221314,2.169295332362961,5.973263791762292,1.4870318789035082
fixed,hydro,random,0,79,2.4865417070221314,2.169295332362961,6.050374999642372,1.502624211832881
fixed,hydro,random,0,80,2.4865417070221314,2.169295332362961,6.13085366692394,1.5192756280303001
fixed,hydro,random,0,81,2.4865417070221314,2.169295332362961,6.208407916594297,1.5346890860237181
fixed,hydro,random,0,82,2.4865417070221314,2.169295332362961,6.290282416623086,1.5507041700184345
fixed,hydro,random,0,83,2.4865417070221314,2.169295332362961,6.372182041872293,1.567340045236051
fixed,hydro,random,0,84,2.4865417070221314,2.169295332362961,6.455117791891098,1.5838834615424275
fixed,hydro,random,0,85,2.4865417070221314,2.169295332362961,6.539919999893755,1.601850503589958
fixed,hydro,random,0,86,2.4865417070221314,2.169295332362961,6.620337042026222,1.6184432534500957
fixed,hydro,random,0,87,2.4865417070221314,2.169295332362961,6.708765666931868,1.6360272956080735
fixed,hydro,random,0,88,2.4865417070221314,2.169295332362961,6.797172624617815,1.654033545870334
fixed,hydro,random,0,89,2.4865417070221314,2.169295332362961,6.880884333048016,1.67152454610914
fixed,hydro,random,0,90,2.4865417070221314,2.169295332362961,6.966754917055368,1.6895898790098727
fixed,hydro,random,0,91,2.4865417070221314,2.169295332362961,7.051480874884874,1.7064362121745944
fixed,hydro,random,0,92,2.4865417070221314,2.169295332362961,7.1371197500266135,1.724571336992085
fixed,hydro,random,0,93,2.4865417070221314,2.169295332362961,7.2212098329328,1.7412256277166307
fixed,hydro,random,0,94,2.4865417070221314,2.169295332362961,7.309314707759768,1.757673711515963
fixed,hydro,random,0,95,2.4865417070221314,2.169295332362961,7.394560999702662,1.7742865034379065
fixed,hydro,random,0,96,2.4865417070221314,2.169295332362961,7.517050666734576,1.7924534194171429
fixed,hydro,sobol,0,1,6.912412441917684,2.169295332362961,0.09305029176175594,0.016551624983549118
fixed,hydro,sobol,0,2,3.8023091992180214,2.169295332362961,0.14348908280953765,0.03207520768046379
fixed,hydro,sobol,0,3,3.8023091992180214,2.169295332362961,0.19436441687867045,0.04779241606593132
fixed,hydro,sobol,0,4,3.8023091992180214,2.169295332362961,0.24711699970066547,0.06457416573539376
fixed,hydro,sobol,0,5,3.6419653028929657,2.169295332362961,0.30391479190438986,0.08131516585126519
fixed,hydro,sobol,0,6,3.6419653028929657,2.169295332362961,0.35643329191952944,0.09684395790100098
fixed,hydro,sobol,0,7,3.6419653028929657,2.169295332362961,0.4079610416665673,0.11229016585275531
fixed,hydro,sobol,0,8,3.6419653028929657,2.169295332362961,0.46194270765408874,0.12912904098629951
fixed,hydro,sobol,0,9,3.6419653028929657,2.169295332362961,0.516485916916281,0.1459198328666389
fixed,hydro,sobol,0,10,3.6419653028929657,2.169295332362961,0.5720468326471746,0.16163812391459942
fixed,hydro,sobol,0,11,3.401117447201036,2.169295332362961,0.6269376669079065,0.17733862390741706
fixed,hydro,sobol,0,12,3.401117447201036,2.169295332362961,0.6835634578019381,0.19404645776376128
fixed,hydro,sobol,0,13,3.401117447201036,2.169295332362961,0.7405528747476637,0.21080220770090818
fixed,hydro,sobol,0,14,3.401117447201036,2.169295332362961,0.7958414577879012,0.22639945801347494
fixed,hydro,sobol,0,15,3.401117447201036,2.169295332362961,0.8534540417604148,0.24201137386262417
fixed,hydro,sobol,0,16,3.0838979784782956,2.169295332362961,0.9113915828056633,0.25877904053777456
fixed,hydro,sobol,0,17,3.0838979784782956,2.169295332362961,0.9725362500175834,0.27584037464112043
fixed,hydro,sobol,0,18,3.0838979784782956,2.169295332362961,1.0302104577422142,0.2916389578022063
fixed,hydro,sobol,0,19,3.0838979784782956,2.169295332362961,1.0871842917986214,0.3074554158374667
fixed,hydro,sobol,0,20,3.0838979784782956,2.169295332362961,1.1462415419518948,0.32411995669826865
fixed,hydro,sobol,0,21,3.0838979784782956,2.169295332362961,1.2053986247628927,0.3407886647619307
fixed,hydro,sobol,0,22,3.0838979784782956,2.169295332362961,1.26243795780465,0.3568274979479611
fixed,hydro,sobol,0,23,2.5898775711961144,2.169295332362961,1.3174354168586433,0.37147745629772544
fixed,hydro,sobol,0,24,2.5898775711961144,2.169295332362961,1.3744949577376246,0.38729720609262586
fixed,hydro,sobol,0,25,2.5898775711961144,2.169295332362961,1.4349074168130755,0.4034914984367788
fixed,hydro,sobol,0,26,2.5898775711961144,2.169295332362961,1.4977610418573022,0.419704164378345
fixed,hydro,sobol,0,27,2.5898775711961144,2.169295332362961,1.5591364996507764,0.435182623565197
fixed,hydro,sobol,0,28,2.5898775711961144,2.169295332362961,1.6238112077116966,0.45181687362492085
fixed,hydro,sobol,0,29,2.5898775711961144,2.169295332362961,1.6867143330164254,0.4683258733712137
fixed,hydro,sobol,0,30,2.5898775711961144,2.169295332362961,1.7508922079578042,0.48414816427975893
fixed,hydro,sobol,0,31,2.5898775711961144,2.169295332362961,1.8124584169127047,0.4995598723180592
fixed,hydro,sobol,0,32,2.5898775711961144,2.169295332362961,1.8758907499723136,0.5163132883608341
fixed,hydro,sobol,0,33,2.5898775711961144,2.169295332362961,1.9400774999521673,0.5328731210902333
fixed,hydro,sobol,0,34,2.5898775711961144,2.169295332362961,2.0042070420458913,0.5483669550158083
fixed,hydro,sobol,0,35,2.5898775711961144,2.169295332362961,2.0674881250597537,0.5638263300061226
fixed,hydro,sobol,0,36,2.5898775711961144,2.169295332362961,2.135328124742955,0.5805967468768358
fixed,hydro,sobol,0,37,2.5898775711961144,2.169295332362961,2.198729292023927,0.5970294969156384
fixed,hydro,sobol,0,38,2.5898775711961144,2.169295332362961,2.262970832642168,0.6125165796838701
fixed,hydro,sobol,0,39,2.5898775711961144,2.169295332362961,2.3261677497066557,0.6269619124941528
fixed,hydro,sobol,0,40,2.5898775711961144,2.169295332362961,2.396096833050251,0.6447532875463367
fixed,hydro,sobol,0,41,2.5898775711961144,2.169295332362961,2.4632475418038666,0.6610925374552608
fixed,hydro,sobol,0,42,2.5898775711961144,2.169295332362961,2.5316523746587336,0.678032704629004
fixed,hydro,sobol,0,43,2.5898775711961144,2.169295332362961,2.5990800000727177,0.6946147466078401
fixed,hydro,sobol,0,44,2.5898775711961144,2.169295332362961,2.664304666686803,0.7112184963189065
fixed,hydro,sobol,0,45,2.5898775711961144,2.169295332362961,2.7303977077826858,0.727776788175106
fixed,hydro,sobol,0,46,2.5898775711961144,2.169295332362961,2.7982159168459475,0.7435211632400751
fixed,hydro,sobol,0,47,2.5898775711961144,2.169295332362961,2.862396332900971,0.7588934972882271
fixed,hydro,sobol,0,48,2.5898775711961144,2.169295332362961,2.93118654191494,0.7757364972494543
fixed,hydro,sobol,0,49,2.5898775711961144,2.169295332362961,2.9990855418145657,0.7923583723604679
fixed,hydro,sobol,0,50,2.5898775711961144,2.169295332362961,3.0672627496533096,0.8080814555287361
fixed,hydro,sobol,0,51,2.5898775711961144,2.169295332362961,3.1339407498016953,0.8235498308204114
fixed,hydro,sobol,0,52,2.5898775711961144,2.169295332362961,3.2021518326364458,0.8404868310317397
fixed,hydro,sobol,0,53,2.5898775711961144,2.169295332362961,3.2716609169729054,0.8570551229640841
fixed,hydro,sobol,0,54,2.5898775711961144,2.169295332362961,3.3409964167512953,0.8725004978477955
fixed,hydro,sobol,0,55,2.5898775711961144,2.169295332362961,3.4120508329942822,0.888284623157233
fixed,hydro,sobol,0,56,2.5898775711961144,2.169295332362961,3.480787791777402,0.9049489982426167
fixed,hydro,sobol,0,57,2.5898775711961144,2.169295332362961,3.5494284168817103,0.9214560817927122
fixed,hydro,sobol,0,58,2.5898775711961144,2.169295332362961,3.6174337500706315,0.936654957011342
fixed,hydro,sobol,0,59,2.5898775711961144,2.169295332362961,3.6866361247375607,0.9519962491467595
fixed,hydro,sobol,0,60,2.5898775711961144,2.169295332362961,3.756854832638055,0.9685616241768003
fixed,hydro,sobol,0,61,2.1961420965485825,2.169295332362961,3.827112582977861,0.9851894988678396
fixed,hydro,sobol,0,62,2.1961420965485825,2.169295332362961,3.8928425828926265,1.000356581993401
fixed,hydro,sobol,0,63,2.1961420965485825,2.169295332362961,3.958418291993439,1.0148031231947243
fixed,hydro,sobol,0,64,2.1961420965485825,2.169295332362961,4.061440791934729,1.030414957087487
fixed,hydro,sobol,0,65,2.1961420965485825,2.169295332362961,4.12886375002563,1.0460444982163608
fixed,hydro,sobol,0,66,2.1961420965485825,2.169295332362961,4.199364707805216,1.0608591651543975
fixed,hydro,sobol,0,67,2.1961420965485825,2.169295332362961,4.269910791888833,1.0755692063830793
fixed,hydro,sobol,0,68,2.1961420965485825,2.169295332362961,4.344906707759947,1.0920137064531446
fixed,hydro,sobol,0,69,2.1961420965485825,2.169295332362961,4.419296917039901,1.1086399564519525
fixed,hydro,sobol,0,70,2.1961420965485825,2.169295332362961,4.493965249974281,1.124130081385374
fixed,hydro,sobol,0,71,2.1961420965485825,2.169295332362961,4.570968916639686,1.1395411230623722
fixed,hydro,sobol,0,72,2.1961420965485825,2.169295332362961,4.648137792013586,1.1561072072945535
fixed,hydro,sobol,0,73,2.1961420965485825,2.169295332362961,4.72497129207477,1.1726267072372139
fixed,hydro,sobol,0,74,2.1961420965485825,2.169295332362961,4.799283667001873,1.1880340818315744
fixed,hydro,sobol,0,75,2.1961420965485825,2.169295332362961,4.875449792016298,1.2042342484928668
fixed,hydro,sobol,0,76,2.1961420965485825,2.169295332362961,4.9515120829455554,1.2208634144626558
fixed,hydro,sobol,0,77,2.1961420965485825,2.169295332362961,5.027159332763404,1.2373162060976028
fixed,hydro,sobol,0,78,2.1961420965485825,2.169295332362961,5.102701500058174,1.252943997271359
fixed,hydro,sobol,0,79,2.1961420965485825,2.169295332362961,5.177162374835461,1.268717622384429
fixed,hydro,sobol,0,80,2.1961420965485825,2.169295332362961,5.254677542019635,1.2843259554356337
fixed,hydro,sobol,0,81,2.1961420965485825,2.169295332362961,5.332148582674563,1.3006796222180128
fixed,hydro,sobol,0,82,2.1961420965485825,2.169295332362961,5.407869250047952,1.3162722052074969
fixed,hydro,sobol,0,83,2.1961420965485825,2.169295332362961,5.484569000080228,1.3319543302059174
fixed,hydro,sobol,0,84,2.1961420965485825,2.169295332362961,5.561170374974608,1.3484030803665519
fixed,hydro,sobol,0,85,2.1961420965485825,2.169295332362961,5.64125012466684,1.3652295800857246
fixed,hydro,sobol,0,86,2.1961420965485825,2.169295332362961,5.719745832961053,1.3807969968765974
fixed,hydro,sobol,0,87,2.1961420965485825,2.169295332362961,5.799023000057787,1.396255579777062
fixed,hydro,sobol,0,88,2.1961420965485825,2.169295332362961,5.880197749938816,1.4128389549441636
fixed,hydro,sobol,0,89,2.1961420965485825,2.169295332362961,5.954330457840115,1.4282149970531464
fixed,hydro,sobol,0,90,2.1961420965485825,2.169295332362961,6.02922424999997,1.4433209127746522
fixed,hydro,sobol,0,91,2.1961420965485825,2.169295332362961,6.104148666840047,1.4580039959400892
fixed,hydro,sobol,0,92,2.1961420965485825,2.169295332362961,6.179097791668028,1.4735688287764788
fixed,hydro,sobol,0,93,2.1961420965485825,2.169295332362961,6.254571333061904,1.4890164118260145
fixed,hydro,sobol,0,94,2.1961420965485825,2.169295332362961,6.329555291682482,1.503592827823013
fixed,hydro,sobol,0,95,2.1961420965485825,2.169295332362961,6.405462875030935,1.5181357436813414
fixed,hydro,sobol,0,96,2.1961420965485825,2.169295332362961,6.518003624863923,1.5340271606110036
fixed,hydro,bo,0,1,6.912412441917684,2.169295332362961,0.8576269173063338,0.016717249993234873
fixed,hydro,bo,0,2,3.8023091992180214,2.169295332362961,0.9128137920051813,0.03273837501183152
fixed,hydro,bo,0,3,3.8023091992180214,2.169295332362961,0.9685130422003567,0.04852179158478975
fixed,hydro,bo,0,4,3.8023091992180214,2.169295332362961,1.0242077503353357,0.06522987550124526
fixed,hydro,bo,0,5,3.8023091992180214,2.169295332362961,1.2428662502206862,0.07981700031086802
fixed,hydro,bo,0,6,3.2631598714319434,2.169295332362961,1.3635235000401735,0.09464904200285673
fixed,hydro,bo,0,7,2.0659955546313915,2.169295332362961,1.4653899590484798,0.11147395893931389
fixed,hydro,bo,0,8,2.0659955546313915,2.169295332362961,1.5892149172723293,0.12781045865267515
fixed,hydro,bo,0,9,2.0659955546313915,2.169295332362961,1.7039062920957804,0.14353154180571437
fixed,hydro,bo,0,10,2.0659955546313915,2.169295332362961,1.814807292073965,0.1582582499831915
fixed,hydro,bo,0,11,2.0659955546313915,2.169295332362961,2.076975000090897,0.17426758399233222
fixed,hydro,bo,0,12,2.0659955546313915,2.169295332362961,2.2432035002857447,0.19036708399653435
fixed,hydro,bo,0,13,2.0659955546313915,2.169295332362961,2.4706205842085183,0.20607745926827192
fixed,hydro,bo,0,14,2.0659955546313915,2.169295332362961,2.637181917205453,0.2210051673464477
fixed,hydro,bo,0,15,2.0659955546313915,2.169295332362961,2.780481292400509,0.23615020932629704
fixed,hydro,bo,0,16,2.0659955546313915,2.169295332362961,3.042628959286958,0.25209050066769123
fixed,hydro,bo,0,17,2.0659955546313915,2.169295332362961,3.1942511671222746,0.2684902506880462
fixed,hydro,bo,0,18,2.0659955546313915,2.169295332362961,3.345574667211622,0.2842532508075237
fixed,hydro,bo,0,19,2.0659955546313915,2.169295332362961,3.497695042286068,0.299903417006135
fixed,hydro,bo,0,20,2.0659955546313915,2.169295332362961,3.6493332092650235,0.31655004201456904
fixed,hydro,bo,0,21,2.0659955546313915,2.169295332362961,3.803781125228852,0.3326952080242336
fixed,hydro,bo,0,22,2.0659955546313915,2.169295332362961,3.9619320421479642,0.34833962516859174
fixed,hydro,bo,0,23,2.0659955546313915,2.169295332362961,4.107664542272687,0.36298708291724324
fixed,hydro,bo,0,24,2.0659955546313915,2.169295332362961,4.254351875279099,0.3787336237728596
fixed,hydro,bo,0,25,2.0659955546313915,2.169295332362961,4.405876375269145,0.39471549913287163
fixed,hydro,bo,0,26,2.0659955546313915,2.169295332362961,4.556175542064011,0.4094621241092682
fixed,hydro,bo,0,27,2.0659955546313915,2.169295332362961,4.708439125213772,0.42446704115718603
fixed,hydro,bo,0,28,2.0659955546313915,2.169295332362961,4.859848959371448,0.4402429163455963
fixed,hydro,bo,0,29,2.0659955546313915,2.169295332362961,5.025279875379056,0.45610616635531187
fixed,hydro,bo,0,30,2.0659955546313915,2.169295332362961,5.177561167161912,0.4709263741970062
fixed,hydro,bo,0,31,2.0659955546313915,2.169295332362961,5.331382584292442,0.4856730820611119
fixed,hydro,bo,0,32,2.0659955546313915,2.169295332362961,5.492334875278175,0.5011351243592799
fixed,hydro,bo,0,33,2.0659955546313915,2.169295332362961,5.6562733752653,0.5167253743857145
fixed,hydro,bo,0,34,2.0659955546313915,2.169295332362961,5.8190730842761695,0.5312409996986389
fixed,hydro,bo,0,35,2.0659955546313915,2.169295332362961,5.98784145899117,0.5470348340459168
fixed,hydro,bo,0,36,2.0659955546313915,2.169295332362961,6.168674084357917,0.563858833629638
fixed,hydro,bo,0,37,2.0659955546313915,2.169295332362961,6.345352542120963,0.5800500423647463
fixed,hydro,bo,0,38,2.0659955546313915,2.169295332362961,6.518229458946735,0.5951618766412139
fixed,hydro,bo,0,39,2.0659955546313915,2.169295332362961,6.693081375211477,0.6106860437430441
fixed,hydro,bo,0,40,2.0659955546313915,2.169295332362961,6.87166141718626,0.6272442108020186
fixed,hydro,bo,0,41,2.0659955546313915,2.169295332362961,7.044593042228371,0.6439897939562798
fixed,hydro,bo,0,42,2.0659955546313915,2.169295332362961,7.217041708994657,0.6595842940732837
fixed,hydro,bo,0,43,2.0659955546313915,2.169295332362961,7.3938511670567095,0.6754408781416714
fixed,hydro,bo,0,44,2.0659955546313915,2.169295332362961,7.5712506249547005,0.6920162113383412
fixed,hydro,bo,0,45,2.0659955546313915,2.169295332362961,7.745740875136107,0.7072216691449285
fixed,hydro,bo,0,46,2.0659955546313915,2.169295332362961,7.918544917367399,0.722490169107914
fixed,hydro,bo,0,47,2.0659955546313915,2.169295332362961,8.094722209032625,0.7369517521001399
fixed,hydro,bo,0,48,2.0659955546313915,2.169295332362961,8.337887750007212,0.7522042109631002
fixed,hydro,bo,0,49,2.0659955546313915,2.169295332362961,8.53519287519157,0.7689070031046867
fixed,hydro,bo,0,50,2.0659955546313915,2.169295332362961,8.751320917159319,0.7898550857789814
fixed,hydro,bo,0,51,2.0659955546313915,2.169295332362961,8.98860100004822,0.8081023767590523
fixed,hydro,bo,0,52,2.0659955546313915,2.169295332362961,9.222104249987751,0.8263877937570214
fixed,hydro,bo,0,53,2.0659955546313915,2.169295332362961,9.413096750155091,0.8463777527213097
fixed,hydro,bo,0,54,2.0659955546313915,2.169295332362961,9.645711624994874,0.8649547947570682
fixed,hydro,bo,0,55,2.0659955546313915,2.169295332362961,9.886799667030573,0.8831854620948434
fixed,hydro,bo,0,56,2.0659955546313915,2.169295332362961,10.118456625379622,0.9031568369828165
fixed,hydro,bo,0,57,2.0659955546313915,2.169295332362961,10.487017042003572,0.9463451290503144
fixed,hydro,bo,0,58,2.0659955546313915,2.169295332362961,10.850325084291399,0.9719255459494889
fixed,hydro,bo,0,59,2.0659955546313915,2.169295332362961,11.184169542044401,0.9987337128259242
fixed,hydro,bo,0,60,2.0659955546313915,2.169295332362961,11.461919959168881,1.0212725470773876
fixed,hydro,bo,0,61,2.0659955546313915,2.169295332362961,11.726000749971718,1.0427963393740356
fixed,hydro,bo,0,62,2.0659955546313915,2.169295332362961,11.98262191703543,1.06395063130185
fixed,hydro,bo,0,63,2.0659955546313915,2.169295332362961,12.23178991721943,1.0858633811585605
fixed,hydro,bo,0,64,2.0659955546313915,2.169295332362961,12.504628750029951,1.1071318392641842
fixed,hydro,bo,0,65,2.0659955546313915,2.169295332362961,12.780936125200242,1.128445089329034
fixed,hydro,bo,0,66,2.0659955546313915,2.169295332362961,13.028219209052622,1.14675700571388
fixed,hydro,bo,0,67,2.0659955546313915,2.169295332362961,13.355887709185481,1.163244505878538
fixed,hydro,bo,0,68,2.0659955546313915,2.169295332362961,13.586835625115782,1.1813891716301441
fixed,hydro,bo,0,69,2.0659955546313915,2.169295332362961,13.815735334064811,1.1991201294586062
fixed,hydro,bo,0,70,2.0659955546313915,2.169295332362961,14.0452785002999,1.2151696705259383
fixed,hydro,bo,0,71,2.0659955546313915,2.169295332362961,14.267907500267029,1.2308117956854403
fixed,hydro,bo,0,72,2.0659955546313915,2.169295332362961,14.493540042079985,1.2475984618067741
fixed,hydro,bo,0,73,2.0659955546313915,2.169295332362961,14.79445887496695,1.2644657120108604
fixed,hydro,bo,0,74,2.0659955546313915,2.169295332362961,14.983644749969244,1.282311461865902
fixed,hydro,bo,0,75,2.0659955546313915,2.169295332362961,15.22256416734308,1.2991542536765337
fixed,hydro,bo,0,76,2.0659955546313915,2.169295332362961,15.464138250332326,1.3171242116950452
fixed,hydro,bo,0,77,2.0659955546313915,2.169295332362961,15.693841292057186,1.3340421277098358
fixed,hydro,bo,0,78,2.0659955546313915,2.169295332362961,15.93062833417207,1.3497014613822103
fixed,hydro,bo,0,79,2.0659955546313915,2.169295332362961,16.15953079238534,1.3657881692051888
fixed,hydro,bo,0,80,2.0659955546313915,2.169295332362961,16.40832520928234,1.3826172524131835
fixed,hydro,bo,0,81,2.0659955546313915,2.169295332362961,16.672030000016093,1.3995115021243691
fixed,hydro,bo,0,82,2.0659955546313915,2.169295332362961,16.94341954216361,1.4177036271430552
fixed,hydro,bo,0,83,2.0659955546313915,2.169295332362961,17.20504291728139,1.4334441269747913
fixed,hydro,bo,0,84,2.0659955546313915,2.169295332362961,17.489810375031084,1.4503143350593746
fixed,hydro,bo,0,85,2.0659955546313915,2.169295332362961,17.770216334145516,1.4667557100765407
fixed,hydro,bo,0,86,2.0659955546313915,2.169295332362961,18.060749750118703,1.482490167953074
fixed,hydro,bo,0,87,2.0659955546313915,2.169295332362961,18.353811959270388,1.4997392925433815
fixed,hydro,bo,0,88,2.0659955546313915,2.169295332362961,18.651588834356517,1.5168641256168485
fixed,hydro,bo,0,89,2.0659955546313915,2.169295332362961,18.935158875305206,1.5340014174580574
fixed,hydro,bo,0,90,2.0659955546313915,2.169295332362961,19.193071458954364,1.549408208578825
fixed,hydro,bo,0,91,2.0659955546313915,2.169295332362961,19.521205125376582,1.564870999660343
fixed,hydro,bo,0,92,2.0659955546313915,2.169295332362961,19.806505375076085,1.5817982088774443
fixed,hydro,bo,0,93,2.0659955546313915,2.169295332362961,20.125662375241518,1.5984480418264866
fixed,hydro,bo,0,94,2.0659955546313915,2.169295332362961,20.51136420900002,1.614345708861947
fixed,hydro,bo,0,95,2.0659955546313915,2.169295332362961,20.884286292362958,1.6297060009092093
fixed,hydro,bo,0,96,2.0659955546313915,2.169295332362961,21.405620084144175,1.6467655007727444
fixed,hydro,sobol,1,1,6.100453852246741,2.169295332362961,0.09946199972182512,0.01678595831617713
fixed,hydro,sobol,1,2,6.100453852246741,2.169295332362961,0.15856604184955359,0.03470795834437013
fixed,hydro,sobol,1,3,3.1320698817974835,2.169295332362961,0.2197622498497367,0.05300366645678878
fixed,hydro,sobol,1,4,3.1320698817974835,2.169295332362961,0.2760654999874532,0.06871491624042392
fixed,hydro,sobol,1,5,3.1320698817974835,2.169295332362961,0.3372815838083625,0.08474558312445879
fixed,hydro,sobol,1,6,3.1320698817974835,2.169295332362961,0.3949282499961555,0.10222495812922716
fixed,hydro,sobol,1,7,3.1320698817974835,2.169295332362961,0.4533621249720454,0.11891395831480622
fixed,hydro,sobol,1,8,3.1320698817974835,2.169295332362961,0.50920654181391,0.1344968336634338
fixed,hydro,sobol,1,9,3.1320698817974835,2.169295332362961,0.569382291752845,0.15041562588885427
fixed,hydro,sobol,1,10,2.6076476742303027,2.169295332362961,0.626530708745122,0.16709220921620727
fixed,hydro,sobol,1,11,2.6076476742303027,2.169295332362961,0.6865189587697387,0.18387062614783645
fixed,hydro,sobol,1,12,2.6076476742303027,2.169295332362961,0.7443348746746778,0.1995460013858974
fixed,hydro,sobol,1,13,2.6076476742303027,2.169295332362961,0.8035782501101494,0.21517375111579895
fixed,hydro,sobol,1,14,2.6076476742303027,2.169295332362961,0.8653359590098262,0.23196579329669476
fixed,hydro,sobol,1,15,2.6076476742303027,2.169295332362961,0.9271846669726074,0.24874925147742033
fixed,hydro,sobol,1,16,2.6076476742303027,2.169295332362961,0.9898549169301987,0.26472308533266187
fixed,hydro,sobol,1,17,2.6076476742303027,2.169295332362961,1.0479945000261068,0.2803122941404581
fixed,hydro,sobol,1,18,2.6076476742303027,2.169295332362961,1.108669042121619,0.2964695021510124
fixed,hydro,sobol,1,19,2.6076476742303027,2.169295332362961,1.169244125019759,0.31348183611407876
fixed,hydro,sobol,1,20,2.6076476742303027,2.169295332362961,1.2292170417495072,0.32947854418307543
fixed,hydro,sobol,1,21,2.6076476742303027,2.169295332362961,1.2895968337543309,0.34499479457736015
fixed,hydro,sobol,1,22,2.6076476742303027,2.169295332362961,1.3470702921040356,0.3606399614363909
fixed,hydro,sobol,1,23,2.6076476742303027,2.169295332362961,1.409286417067051,0.3764924197457731
fixed,hydro,sobol,1,24,2.6076476742303027,2.169295332362961,1.4669340420514345,0.3912004199810326
fixed,hydro,sobol,1,25,2.6076476742303027,2.169295332362961,1.524760958738625,0.4059904618188739
fixed,hydro,sobol,1,26,2.6076476742303027,2.169295332362961,1.5858034170232713,0.4216647115536034
fixed,hydro,sobol,1,27,2.6076476742303027,2.169295332362961,1.6461524590849876,0.4373894613236189
fixed,hydro,sobol,1,28,2.6076476742303027,2.169295332362961,1.704699874855578,0.4519507950171828
fixed,hydro,sobol,1,29,2.6076476742303027,2.169295332362961,1.763726708944887,0.46660583605989814
fixed,hydro,sobol,1,30,2.6076476742303027,2.169295332362961,1.8245615838095546,0.48253775341436267
fixed,hydro,sobol,1,31,2.6076476742303027,2.169295332362961,1.886469041928649,0.49802696146070957
fixed,hydro,sobol,1,32,2.6076476742303027,2.169295332362961,1.949580333661288,0.512791795656085
fixed,hydro,sobol,1,33,2.6076476742303027,2.169295332362961,2.0101482500322163,0.5274298787117004
fixed,hydro,sobol,1,34,2.6076476742303027,2.169295332362961,2.07300924975425,0.5431214207783341
fixed,hydro,sobol,1,35,2.6076476742303027,2.169295332362961,2.13841333379969,0.5584483379498124
fixed,hydro,sobol,1,36,2.6076476742303027,2.169295332362961,2.205439374782145,0.5737172546796501
fixed,hydro,sobol,1,37,2.6076476742303027,2.169295332362961,2.2746458337642252,0.5893288385123014
fixed,hydro,sobol,1,38,2.6076476742303027,2.169295332362961,2.345758750103414,0.6061442964710295
fixed,hydro,sobol,1,39,2.6076476742303027,2.169295332362961,2.4178178748115897,0.6230121296830475
fixed,hydro,sobol,1,40,2.6076476742303027,2.169295332362961,2.4872308750636876,0.6386319627054036
fixed,hydro,sobol,1,41,2.6076476742303027,2.169295332362961,2.5608502090908587,0.6544192549772561
fixed,hydro,sobol,1,42,2.6076476742303027,2.169295332362961,2.6333632497116923,0.6715015876106918
fixed,hydro,sobol,1,43,2.6076476742303027,2.169295332362961,2.705570667050779,0.6883606296032667
fixed,hydro,sobol,1,44,2.6076476742303027,2.169295332362961,2.7758171670138836,0.7038917955942452
fixed,hydro,sobol,1,45,2.6076476742303027,2.169295332362961,2.846092791762203,0.7197414203546941
fixed,hydro,sobol,1,46,2.6076476742303027,2.169295332362961,2.916443791706115,0.7363527114503086
fixed,hydro,sobol,1,47,2.6076476742303027,2.169295332362961,2.9864734588190913,0.7525922525674105
fixed,hydro,sobol,1,48,2.6076476742303027,2.169295332362961,3.0551444170996547,0.7680854606442153
fixed,hydro,sobol,1,49,2.6076476742303027,2.169295332362961,3.124357792083174,0.7837048778310418
fixed,hydro,sobol,1,50,2.6076476742303027,2.169295332362961,3.198178208898753,0.8007066277787089
fixed,hydro,sobol,1,51,2.6076476742303027,2.169295332362961,3.2687795418314636,0.8174375449307263
fixed,hydro,sobol,1,52,2.6076476742303027,2.169295332362961,3.3396802498027682,0.8332131700590253
fixed,hydro,sobol,1,53,2.6076476742303027,2.169295332362961,3.411457249894738,0.8486768370494246
fixed,hydro,sobol,1,54,2.6076476742303027,2.169295332362961,3.486231042072177,0.8647167542949319
fixed,hydro,sobol,1,55,2.6076476742303027,2.169295332362961,3.562600458972156,0.8815699629485607
fixed,hydro,sobol,1,56,2.6076476742303027,2.169295332362961,3.636014749761671,0.8972056303173304
fixed,hydro,sobol,1,57,2.6076476742303027,2.169295332362961,3.709895083680749,0.9125887551344931
fixed,hydro,sobol,1,58,2.6076476742303027,2.169295332362961,3.7942366250790656,0.9301545470952988
fixed,hydro,sobol,1,59,2.511946223420028,2.169295332362961,3.874319249764085,0.9463447141461074
fixed,hydro,sobol,1,60,2.511946223420028,2.169295332362961,3.953277874737978,0.9623715891502798
fixed,hydro,sobol,1,61,2.511946223420028,2.169295332362961,4.032898999750614,0.979372464120388
fixed,hydro,sobol,1,62,2.511946223420028,2.169295332362961,4.114872833713889,0.9972005062736571
fixed,hydro,sobol,1,63,2.511946223420028,2.169295332362961,4.195104291662574,1.0149447564035654
fixed,hydro,sobol,1,64,2.511946223420028,2.169295332362961,4.282904124818742,1.0326313395053148
fixed,hydro,sobol,1,65,2.511946223420028,2.169295332362961,4.36974741704762,1.051138089504093
fixed,hydro,sobol,1,66,2.511946223420028,2.169295332362961,4.460858209058642,1.0700473808683455
fixed,hydro,sobol,1,67,2.511946223420028,2.169295332362961,4.548052124679089,1.0887999637052417
fixed,hydro,sobol,1,68,2.511946223420028,2.169295332362961,4.636605124920607,1.1058187140151858
fixed,hydro,sobol,1,69,2.511946223420028,2.169295332362961,4.740171958692372,1.1231529219076037
fixed,hydro,sobol,1,70,2.511946223420028,2.169295332362961,4.855928708799183,1.1559296301566064
fixed,hydro,sobol,1,71,2.511946223420028,2.169295332362961,4.950106749776751,1.1746515464037657
fixed,hydro,sobol,1,72,2.511946223420028,2.169295332362961,5.046368999872357,1.193720712326467
fixed,hydro,sobol,1,73,2.511946223420028,2.169295332362961,5.143808624707162,1.2139533790759742
fixed,hydro,sobol,1,74,2.511946223420028,2.169295332362961,5.250582166947424,1.2357755042612553
fixed,hydro,sobol,1,75,2.511946223420028,2.169295332362961,5.399194333702326,1.2834935882128775
fixed,hydro,sobol,1,76,2.511946223420028,2.169295332362961,5.537126416806132,1.3095140052028
fixed,hydro,sobol,1,77,2.511946223420028,2.169295332362961,5.670263833831996,1.3365455055609345
fixed,hydro,sobol,1,78,2.511946223420028,2.169295332362961,5.796185750048608,1.3588307136669755
fixed,hydro,sobol,1,79,2.511946223420028,2.169295332362961,5.945022666826844,1.3900846717879176
fixed,hydro,sobol,1,80,2.511946223420028,2.169295332362961,6.069313209038228,1.4152532969601452
fixed,hydro,sobol,1,81,2.511946223420028,2.169295332362961,6.204646584112197,1.4394262549467385
fixed,hydro,sobol,1,82,2.511946223420028,2.169295332362961,6.325115750078112,1.4647774221375585
fixed,hydro,sobol,1,83,2.511946223420028,2.169295332362961,6.436230166815221,1.4868924217298627
fixed,hydro,sobol,1,84,2.511946223420028,2.169295332362961,6.5476739588193595,1.5079389638267457
fixed,hydro,sobol,1,85,2.511946223420028,2.169295332362961,6.655230791773647,1.528619296848774
fixed,hydro,sobol,1,86,2.511946223420028,2.169295332362961,6.76156520890072,1.5502930888906121
fixed,hydro,sobol,1,87,2.511946223420028,2.169295332362961,6.870184541679919,1.5722627136856318
fixed,hydro,sobol,1,88,2.511946223420028,2.169295332362961,6.975331208668649,1.5931716714985669
fixed,hydro,sobol,1,89,2.511946223420028,2.169295332362961,7.065476333722472,1.6106308791786432
fixed,hydro,sobol,1,90,2.511946223420028,2.169295332362961,7.161793958861381,1.6298013371415436
fixed,hydro,sobol,1,91,2.511946223420028,2.169295332362961,7.243987958878279,1.6441210452467203
fixed,hydro,sobol,1,92,2.511946223420028,2.169295332362961,7.341400249861181,1.662405753042549
fixed,hydro,sobol,1,93,2.511946223420028,2.169295332362961,7.431460208725184,1.678345128428191
fixed,hydro,sobol,1,94,2.511946223420028,2.169295332362961,7.529362166766077,1.6975627532228827
fixed,hydro,sobol,1,95,2.511946223420028,2.169295332362961,7.630219249986112,1.7166000865399837
fixed,hydro,sobol,1,96,2.511946223420028,2.169295332362961,7.764315291773528,1.7347140442579985
fixed,hydro,bo,1,1,6.100453852246741,2.169295332362961,0.1004284592345357,0.01702691661193967
fixed,hydro,bo,1,2,6.100453852246741,2.169295332362961,0.1634654593653977,0.0353876668959856
fixed,hydro,bo,1,3,3.1320698817974835,2.169295332362961,0.2263347920961678,0.053181875962764025
fixed,hydro,bo,1,4,3.1320698817974835,2.169295332362961,0.2922013341449201,0.07044650102034211
fixed,hydro,bo,1,5,2.0659955546313915,2.169295332362961,0.40089229214936495,0.08908133441582322
fixed,hydro,bo,1,6,2.0659955546313915,2.169295332362961,0.5434962920844555,0.10777137661352754
fixed,hydro,bo,1,7,2.0659955546313915,2.169295332362961,0.6536087091080844,0.12465304369106889
fixed,hydro,bo,1,8,2.0659955546313915,2.169295332362961,0.7644217093475163,0.1415978348813951
fixed,hydro,bo,1,9,2.0659955546313915,2.169295332362961,0.9233905421569943,0.15967762703076005
fixed,hydro,bo,1,10,2.0659955546313915,2.169295332362961,1.0854719174094498,0.1777535849250853
fixed,hydro,bo,1,11,2.0659955546313915,2.169295332362961,1.2052195840515196,0.1949348347261548
fixed,hydro,bo,1,12,2.0659955546313915,2.169295332362961,1.3613285422325134,0.21136500081047416
fixed,hydro,bo,1,13,2.0659955546313915,2.169295332362961,1.5194954173639417,0.2283920426853001
fixed,hydro,bo,1,14,2.0659955546313915,2.169295332362961,1.6710981670767069,0.24524929281324148
fixed,hydro,bo,1,15,2.0659955546313915,2.169295332362961,1.8225847091525793,0.2620623758994043
fixed,hydro,bo,1,16,2.0659955546313915,2.169295332362961,1.9714157921262085,0.27779683377593756
fixed,hydro,bo,1,17,2.0659955546313915,2.169295332362961,2.124436375219375,0.2933870838023722
fixed,hydro,bo,1,18,2.0659955546313915,2.169295332362961,2.2762046670541167,0.3098265416920185
fixed,hydro,bo,1,19,2.0659955546313915,2.169295332362961,2.431381709408015,0.3263981668278575
fixed,hydro,bo,1,20,2.0659955546313915,2.169295332362961,2.5876573342829943,0.3422787496820092
fixed,hydro,bo,1,21,2.0659955546313915,2.169295332362961,2.7466830844059587,0.3572013326920569
fixed,hydro,bo,1,22,2.0659955546313915,2.169295332362961,2.8961817920207977,0.3729860414750874
fixed,hydro,bo,1,23,2.0659955546313915,2.169295332362961,3.060651292093098,0.38998229149729013
fixed,hydro,bo,1,24,2.0659955546313915,2.169295332362961,3.2225613752380013,0.4058972913771868
fixed,hydro,bo,1,25,2.0659955546313915,2.169295332362961,3.381462292280048,0.42155924905091524
fixed,hydro,bo,1,26,2.0659955546313915,2.169295332362961,3.5424869591370225,0.43826795695349574
fixed,hydro,bo,1,27,2.0659955546313915,2.169295332362961,3.7069621672853827,0.4550239569507539
fixed,hydro,bo,1,28,2.0659955546313915,2.169295332362961,3.869377708993852,0.4708914989605546
fixed,hydro,bo,1,29,2.0659955546313915,2.169295332362961,4.027313459198922,0.4866872080601752
fixed,hydro,bo,1,30,2.0659955546313915,2.169295332362961,4.189046542160213,0.5035467906855047
fixed,hydro,bo,1,31,2.0659955546313915,2.169295332362961,4.361232167109847,0.5204650815576315
fixed,hydro,bo,1,32,2.0659955546313915,2.169295332362961,4.527338125277311,0.5362024144269526
fixed,hydro,bo,1,33,2.0659955546313915,2.169295332362961,4.695930792018771,0.5521541223861277
fixed,hydro,bo,1,34,2.0659955546313915,2.169295332362961,4.861522875260562,0.5683294972404838
fixed,hydro,bo,1,35,2.0659955546313915,2.169295332362961,5.030098709277809,0.584417830221355
fixed,hydro,bo,1,36,2.0659955546313915,2.169295332362961,5.192440667189658,0.599743370898068
fixed,hydro,bo,1,37,2.0659955546313915,2.169295332362961,5.325760417152196,0.6155568291433156
fixed,hydro,bo,1,38,2.0659955546313915,2.169295332362961,5.495303792413324,0.6317342459224164
fixed,hydro,bo,1,39,2.0659955546313915,2.169295332362961,5.663774167187512,0.6478403708897531
fixed,hydro,bo,1,40,2.0659955546313915,2.169295332362961,5.91530654206872,0.6638816208578646
fixed,hydro,bo,1,41,2.0659955546313915,2.169295332362961,6.095503667369485,0.6796804126352072
fixed,hydro,bo,1,42,2.0659955546313915,2.169295332362961,6.279525542166084,0.6963203293271363
fixed,hydro,bo,1,43,2.0659955546313915,2.169295332362961,6.46269545936957,0.7130760373547673
fixed,hydro,bo,1,44,2.0659955546313915,2.169295332362961,6.6595813343301415,0.7287602871656418
fixed,hydro,bo,1,45,2.0659955546313915,2.169295332362961,6.858094084076583,0.7461497029289603
fixed,hydro,bo,1,46,2.0659955546313915,2.169295332362961,7.05654516723007,0.7645226619206369
fixed,hydro,bo,1,47,2.0659955546313915,2.169295332362961,7.26089341705665,0.7823967868462205
fixed,hydro,bo,1,48,2.0659955546313915,2.169295332362961,7.460603875108063,0.799091077875346
fixed,hydro,bo,1,49,2.0659955546313915,2.169295332362961,7.757412084378302,0.8144214111380279
fixed,hydro,bo,1,50,2.0659955546313915,2.169295332362961,7.951314625330269,0.8314207857474685
fixed,hydro,bo,1,51,2.0659955546313915,2.169295332362961,8.146974792238325,0.8482022434473038
fixed,hydro,bo,1,52,2.0659955546313915,2.169295332362961,8.346193709410727,0.8642018274404109
fixed,hydro,bo,1,53,2.0659955546313915,2.169295332362961,8.550200042314827,0.8807510356418788
fixed,hydro,bo,1,54,2.0659955546313915,2.169295332362961,8.753962167073041,0.8979062433354557
fixed,hydro,bo,1,55,2.0659955546313915,2.169295332362961,9.021473709028214,0.9138784934766591
fixed,hydro,bo,1,56,2.0659955546313915,2.169295332362961,9.22544833412394,0.9277966185472906
fixed,hydro,bo,1,57,2.0659955546313915,2.169295332362961,9.429751500021666,0.9437829093076289
fixed,hydro,bo,1,58,2.0659955546313915,2.169295332362961,9.632555125281215,0.9606277435086668
fixed,hydro,bo,1,59,2.0659955546313915,2.169295332362961,9.836503417231143,0.9777619512751698
fixed,hydro,bo,1,60,2.0659955546313915,2.169295332362961,10.03597762528807,0.993729118257761
fixed,hydro,bo,1,61,2.0659955546313915,2.169295332362961,10.235306334216148,1.0100637013092637
fixed,hydro,bo,1,62,2.0659955546313915,2.169295332362961,10.439079500269145,1.027503992896527
fixed,hydro,bo,1,63,2.0659955546313915,2.169295332362961,10.6416278751567,1.0446457425132394
fixed,hydro,bo,1,64,2.0659955546313915,2.169295332362961,10.848762792069465,1.0600107423961163
fixed,hydro,bo,1,65,2.0659955546313915,2.169295332362961,11.048921125009656,1.074741325341165
fixed,hydro,bo,1,66,2.0659955546313915,2.169295332362961,11.253355709370226,1.091365700121969
fixed,hydro,bo,1,67,2.0659955546313915,2.169295332362961,11.456877042073756,1.1071676593273878
fixed,hydro,bo,1,68,2.0659955546313915,2.169295332362961,11.657556417398155,1.1218561176210642
fixed,hydro,bo,1,69,2.0659955546313915,2.169295332362961,11.87957633426413,1.1385183674283326
fixed,hydro,bo,1,70,2.0659955546313915,2.169295332362961,12.106452959123999,1.1569074094295502
fixed,hydro,bo,1,71,2.0659955546313915,2.169295332362961,12.344237667042762,1.175856909248978
fixed,hydro,bo,1,72,2.0659955546313915,2.169295332362961,12.583059542346746,1.192681534215808
fixed,hydro,bo,1,73,2.0659955546313915,2.169295332362961,12.822225084062666,1.2092943671159446
fixed,hydro,bo,1,74,2.0659955546313915,2.169295332362961,13.059907167218626,1.2273206594400108
fixed,hydro,bo,1,75,2.0659955546313915,2.169295332362961,13.288436459377408,1.2442524093203247
fixed,hydro,bo,1,76,2.0659955546313915,2.169295332362961,13.512164667248726,1.260310492478311
fixed,hydro,bo,1,77,2.0659955546313915,2.169295332362961,13.73831745935604,1.2765222834423184
fixed,hydro,bo,1,78,2.0659955546313915,2.169295332362961,13.94713779212907,1.2932259081862867
fixed,hydro,bo,1,79,2.0659955546313915,2.169295332362961,14.175896875094622,1.3102090330794454
fixed,hydro,bo,1,80,2.0659955546313915,2.169295332362961,14.42518133437261,1.3263399908319116
fixed,hydro,bo,1,81,2.0659955546313915,2.169295332362961,14.667690375354141,1.3428277829661965
fixed,hydro,bo,1,82,2.0659955546313915,2.169295332362961,14.908742625266314,1.3595317001454532
fixed,hydro,bo,1,83,2.0659955546313915,2.169295332362961,15.146778667345643,1.376653325278312
fixed,hydro,bo,1,84,2.0659955546313915,2.169295332362961,15.39022979233414,1.3932886165566742
fixed,hydro,bo,1,85,2.0659955546313915,2.169295332362961,15.631938042119145,1.409127908758819
fixed,hydro,bo,1,86,2.0659955546313915,2.169295332362961,15.872646334115416,1.4262467417865992
fixed,hydro,bo,1,87,2.0659955546313915,2.169295332362961,16.116507792379707,1.442937659099698
fixed,hydro,bo,1,88,2.0659955546313915,2.169295332362961,16.357077334076166,1.458417784422636
fixed,hydro,bo,1,89,2.0659955546313915,2.169295332362961,16.60497762542218,1.4741262425668538
fixed,hydro,bo,1,90,2.0659955546313915,2.169295332362961,16.852572709321976,1.4910060754045844
fixed,hydro,bo,1,91,2.0659955546313915,2.169295332362961,17.09277700027451,1.5067913671955466
fixed,hydro,bo,1,92,2.0659955546313915,2.169295332362961,17.33518366701901,1.5214979513548315
fixed,hydro,bo,1,93,2.0659955546313915,2.169295332362961,17.592056209221482,1.537375533953309
fixed,hydro,bo,1,94,2.0659955546313915,2.169295332362961,17.855195209383965,1.5545496586710215
fixed,hydro,bo,1,95,2.0659955546313915,2.169295332362961,18.120139750186354,1.5715916589833796
fixed,hydro,bo,1,96,2.0659955546313915,2.169295332362961,18.43128687515855,1.587333658710122
fixed,hydro,random,1,1,9.68127077964629,2.169295332362961,0.09381433296948671,0.01603508275002241
fixed,hydro,random,1,2,6.157307873283916,2.169295332362961,0.14983708318322897,0.03285520803183317
fixed,hydro,random,1,3,6.157307873283916,2.169295332362961,0.20662458287552,0.04967229114845395
fixed,hydro,random,1,4,6.157307873283916,2.169295332362961,0.26354958303272724,0.06563624879345298
fixed,hydro,random,1,5,2.6104276849140033,2.169295332362961,0.32103091618046165,0.08253820706158876
fixed,hydro,random,1,6,2.6104276849140033,2.169295332362961,0.37871399987488985,0.09921045694500208
fixed,hydro,random,1,7,2.6104276849140033,2.169295332362961,0.4386937911622226,0.11623383220285177
fixed,hydro,random,1,8,2.6104276849140033,2.169295332362961,0.5015778332017362,0.13339945720508695
fixed,hydro,random,1,9,2.6104276849140033,2.169295332362961,0.5574753331020474,0.14919854141771793
fixed,hydro,random,1,10,2.6104276849140033,2.169295332362961,0.6140320831909776,0.1639139992184937
fixed,hydro,random,1,11,2.6104276849140033,2.169295332362961,0.6675582909956574,0.17850620858371258
fixed,hydro,random,1,12,2.6104276849140033,2.169295332362961,0.72441191598773,0.19449350098147988
fixed,hydro,random,1,13,2.6104276849140033,2.169295332362961,0.7798855411820114,0.20987850055098534
fixed,hydro,random,1,14,2.6104276849140033,2.169295332362961,0.8346542082726955,0.22493450064212084
fixed,hydro,random,1,15,2.6104276849140033,2.169295332362961,0.8901542909443378,0.2407610835507512
fixed,hydro,random,1,16,2.6104276849140033,2.169295332362961,0.9466968332417309,0.2555933757685125
fixed,hydro,random,1,17,2.6104276849140033,2.169295332362961,1.0043646250851452,0.2713228757493198
fixed,hydro,random,1,18,2.6104276849140033,2.169295332362961,1.0651069581508636,0.2878272086381912
fixed,hydro,random,1,19,2.6104276849140033,2.169295332362961,1.1220753332599998,0.30268091708421707
fixed,hydro,random,1,20,2.6104276849140033,2.169295332362961,1.1774334162473679,0.31743595842272043
fixed,hydro,random,1,21,2.6104276849140033,2.169295332362961,1.2336339582689106,0.3324130834080279
fixed,hydro,random,1,22,2.6104276849140033,2.169295332362961,1.2914378331042826,0.3480078740976751
fixed,hydro,random,1,23,2.6104276849140033,2.169295332362961,1.3489805408753455,0.36311237420886755
fixed,hydro,random,1,24,2.6104276849140033,2.169295332362961,1.4072983749210835,0.37780674919486046
fixed,hydro,random,1,25,2.6104276849140033,2.169295332362961,1.4651863751932979,0.392531291116029
fixed,hydro,random,1,26,2.6104276849140033,2.169295332362961,1.5279147909022868,0.40867574885487556
fixed,hydro,random,1,27,2.6104276849140033,2.169295332362961,1.5918427081778646,0.42443562392145395
fixed,hydro,random,1,28,2.6104276849140033,2.169295332362961,1.6564837908372283,0.44002328952774405
fixed,hydro,random,1,29,2.6104276849140033,2.169295332362961,1.721467416267842,0.45581803983077407
fixed,hydro,random,1,30,2.6104276849140033,2.169295332362961,1.787336708046496,0.4713352485559881
fixed,hydro,random,1,31,2.6104276849140033,2.169295332362961,1.8530025002546608,0.4871178325265646
fixed,hydro,random,1,32,2.6104276849140033,2.169295332362961,1.923285875003785,0.5039565823972225
fixed,hydro,random,1,33,2.6104276849140033,2.169295332362961,1.9927610829472542,0.520558915566653
fixed,hydro,random,1,34,2.6104276849140033,2.169295332362961,2.061718082986772,0.5364934983663261
fixed,hydro,random,1,35,2.6104276849140033,2.169295332362961,2.144776999950409,0.5523258317261934
fixed,hydro,random,1,36,2.6104276849140033,2.169295332362961,2.214500625152141,0.5682205404154956
fixed,hydro,random,1,37,2.6104276849140033,2.169295332362961,2.289801875129342,0.5843484154902399
fixed,hydro,random,1,38,2.6104276849140033,2.169295332362961,2.363866874948144,0.600633873604238
fixed,hydro,random,1,39,2.6104276849140033,2.169295332362961,2.4337667082436383,0.616282123606652
fixed,hydro,random,1,40,2.6104276849140033,2.169295332362961,2.501667625270784,0.6332234987057745
fixed,hydro,random,1,41,2.6104276849140033,2.169295332362961,2.5728698750026524,0.6501158317551017
fixed,hydro,random,1,42,2.6104276849140033,2.169295332362961,2.6423165411688387,0.6671277489513159
fixed,hydro,random,1,43,2.6104276849140033,2.169295332362961,2.7111914162524045,0.6839147079735994
fixed,hydro,random,1,44,2.6104276849140033,2.169295332362961,2.7791021252050996,0.6997347488068044
fixed,hydro,random,1,45,2.6104276849140033,2.169295332362961,2.9130190000869334,0.7169120395556092
fixed,hydro,random,1,46,2.6104276849140033,2.169295332362961,2.98339279089123,0.7321046236902475
fixed,hydro,random,1,47,2.6104276849140033,2.169295332362961,3.053525375202298,0.7479112488217652
fixed,hydro,random,1,48,2.6104276849140033,2.169295332362961,3.1224018330685794,0.764567791018635
fixed,hydro,random,1,49,2.6104276849140033,2.169295332362961,3.192082582972944,0.7813855833373964
fixed,hydro,random,1,50,2.6104276849140033,2.169295332362961,3.2609431659802794,0.7979948744177818
fixed,hydro,random,1,51,2.395240689783653,2.169295332362961,3.3322510002180934,0.8145811245776713
fixed,hydro,random,1,52,2.395240689783653,2.169295332362961,3.4033302911557257,0.8313692905940115
fixed,hydro,random,1,53,2.395240689783653,2.169295332362961,3.4749311660416424,0.8474677065387368
fixed,hydro,random,1,54,2.395240689783653,2.169295332362961,3.542441333178431,0.863359039183706
fixed,hydro,random,1,55,2.0813210754763407,2.169295332362961,3.6113324160687625,0.8791994974017143
fixed,hydro,random,1,56,2.0813210754763407,2.169295332362961,3.6802632082253695,0.8950324133038521
fixed,hydro,random,1,57,2.0813210754763407,2.169295332362961,3.7508727912791073,0.9112918302416801
fixed,hydro,random,1,58,2.0813210754763407,2.169295332362961,3.8189554158598185,0.9259389555081725
fixed,hydro,random,1,59,2.0813210754763407,2.169295332362961,3.8878930411301553,0.9410453303717077
fixed,hydro,random,1,60,2.0813210754763407,2.169295332362961,3.956349499989301,0.9556617052294314
fixed,hydro,random,1,61,2.0813210754763407,2.169295332362961,4.029409207869321,0.9714276632294059
fixed,hydro,random,1,62,2.0813210754763407,2.169295332362961,4.097932916134596,0.9861552882939577
fixed,hydro,random,1,63,2.0813210754763407,2.169295332362961,4.168574790935963,1.0009352462366223
fixed,hydro,random,1,64,2.0813210754763407,2.169295332362961,4.240064499899745,1.0166248711757362
fixed,hydro,random,1,65,2.0813210754763407,2.169295332362961,4.3125021662563086,1.032774621155113
fixed,hydro,random,1,66,2.0813210754763407,2.169295332362961,4.383383708074689,1.047977996058762
fixed,hydro,random,1,67,2.0813210754763407,2.169295332362961,4.455251332838088,1.0628789537586272
fixed,hydro,random,1,68,2.0813210754763407,2.169295332362961,4.526916999835521,1.0786156626418233
fixed,hydro,random,1,69,2.0813210754763407,2.169295332362961,4.603853499982506,1.095779954455793
fixed,hydro,random,1,70,2.0813210754763407,2.169295332362961,4.676438624970615,1.110757370479405
fixed,hydro,random,1,71,2.0813210754763407,2.169295332362961,4.752774000167847,1.1257290365174413
fixed,hydro,random,1,72,2.0813210754763407,2.169295332362961,4.82766875019297,1.1408690786920488
fixed,hydro,random,1,73,2.0813210754763407,2.169295332362961,4.902706082910299,1.1567639117129147
fixed,hydro,random,1,74,2.0813210754763407,2.169295332362961,4.97812704090029,1.171453703660518
fixed,hydro,random,1,75,2.0813210754763407,2.169295332362961,5.058532833121717,1.1881879130378366
fixed,hydro,random,1,76,2.0813210754763407,2.169295332362961,5.1409622500650585,1.2049497459083796
fixed,hydro,random,1,77,2.0813210754763407,2.169295332362961,5.223440750036389,1.2216532882303
fixed,hydro,random,1,78,2.0813210754763407,2.169295332362961,5.303620500024408,1.2373780384659767
fixed,hydro,random,1,79,2.0813210754763407,2.169295332362961,5.383001999929547,1.2531295386143029
fixed,hydro,random,1,80,2.0813210754763407,2.169295332362961,5.461161291226745,1.2688819975592196
fixed,hydro,random,1,81,2.0813210754763407,2.169295332362961,5.540173916146159,1.2856162474490702
fixed,hydro,random,1,82,2.0813210754763407,2.169295332362961,5.620431040879339,1.3022789563983679
fixed,hydro,random,1,83,2.0813210754763407,2.169295332362961,5.701870791148394,1.3189846235327423
fixed,hydro,random,1,84,2.0813210754763407,2.169295332362961,5.783323457930237,1.3347824565134943
fixed,hydro,random,1,85,2.0813210754763407,2.169295332362961,5.865531333256513,1.351786914281547
fixed,hydro,random,1,86,2.0813210754763407,2.169295332362961,5.944266916252673,1.3675842471420765
fixed,hydro,random,1,87,2.0813210754763407,2.169295332362961,6.0226193331182,1.3831963720731437
fixed,hydro,random,1,88,2.0813210754763407,2.169295332362961,6.113917791284621,1.4051148719154298
fixed,hydro,random,1,89,2.0813210754763407,2.169295332362961,6.191432791296393,1.4199205380864441
fixed,hydro,random,1,90,2.0813210754763407,2.169295332362961,6.270178750157356,1.434479746967554
fixed,hydro,random,1,91,2.0813210754763407,2.169295332362961,6.351221791002899,1.4493929548189044
fixed,hydro,random,1,92,2.0813210754763407,2.169295332362961,6.432374583091587,1.4654039959423244
fixed,hydro,random,1,93,2.0813210754763407,2.169295332362961,6.5123431659303606,1.4799272040836513
fixed,hydro,random,1,94,2.0813210754763407,2.169295332362961,6.593644083011895,1.4943127450533211
fixed,hydro,random,1,95,2.0813210754763407,2.169295332362961,6.672768208198249,1.5088627869263291
fixed,hydro,random,1,96,2.0813210754763407,2.169295332362961,6.789585958234966,1.5232184119522572
fixed,hydro,bo,2,1,8.341659612582665,2.169295332362961,0.08852737490087748,0.015115917194634676
fixed,hydro,bo,2,2,8.31722183217514,2.169295332362961,0.14315579179674387,0.030842792242765427
fixed,hydro,bo,2,3,3.548664124657178,2.169295332362961,0.19823495903983712,0.04680475126951933
fixed,hydro,bo,2,4,3.548664124657178,2.169295332362961,0.2513466668315232,0.06149166822433472
fixed,hydro,bo,2,5,2.090306053774759,2.169295332362961,0.34556633373722434,0.07715483522042632
fixed,hydro,bo,2,6,2.090306053774759,2.169295332362961,0.4461394171230495,0.0917185852304101
fixed,hydro,bo,2,7,2.0659955546313915,2.169295332362961,0.548100208863616,0.10801037633791566
fixed,hydro,bo,2,8,2.0659955546313915,2.169295332362961,0.7041454589925706,0.12269695941358805
fixed,hydro,bo,2,9,2.0659955546313915,2.169295332362961,0.8595850421115756,0.1386249172501266
fixed,hydro,bo,2,10,2.0659955546313915,2.169295332362961,1.0318982088938355,0.15604854235425591
fixed,hydro,bo,2,11,2.0659955546313915,2.169295332362961,1.1853734171018004,0.1739850421436131
fixed,hydro,bo,2,12,2.0659955546313915,2.169295332362961,1.295389167033136,0.19002662505954504
fixed,hydro,bo,2,13,2.0659955546313915,2.169295332362961,1.4523751246742904,0.2073119580745697
fixed,hydro,bo,2,14,2.0659955546313915,2.169295332362961,1.5796185000799596,0.2242106250487268
fixed,hydro,bo,2,15,2.0659955546313915,2.169295332362961,1.6995972087606788,0.2404330838471651
fixed,hydro,bo,2,16,2.0659955546313915,2.169295332362961,1.8527268338948488,0.2561096246354282
fixed,hydro,bo,2,17,2.0659955546313915,2.169295332362961,2.0100587089546025,0.27112133288756013
fixed,hydro,bo,2,18,2.0659955546313915,2.169295332362961,2.1558733340352774,0.28715174878016114
fixed,hydro,bo,2,19,2.0659955546313915,2.169295332362961,2.3012360837310553,0.3026952897198498
fixed,hydro,bo,2,20,2.0659955546313915,2.169295332362961,2.444198959041387,0.31765541434288025
fixed,hydro,bo,2,21,2.0659955546313915,2.169295332362961,2.589557916857302,0.33238974725827575
fixed,hydro,bo,2,22,2.0659955546313915,2.169295332362961,2.737872833851725,0.34824724728241563
fixed,hydro,bo,2,23,2.0659955546313915,2.169295332362961,2.8863259167410433,0.36399049730971456
fixed,hydro,bo,2,24,2.0659955546313915,2.169295332362961,3.037141833920032,0.3795209554955363
fixed,hydro,bo,2,25,2.0659955546313915,2.169295332362961,3.190199833828956,0.39416966354474425
fixed,hydro,bo,2,26,2.0659955546313915,2.169295332362961,3.3483699169009924,0.4103400385938585
fixed,hydro,bo,2,27,2.0659955546313915,2.169295332362961,3.5149691249243915,0.4270099555142224
fixed,hydro,bo,2,28,2.0659955546313915,2.169295332362961,3.6771492920815945,0.44256633054465055
fixed,hydro,bo,2,29,2.0659955546313915,2.169295332362961,3.846452916972339,0.45818599639460444
fixed,hydro,bo,2,30,2.0659955546313915,2.169295332362961,4.02086391672492,0.47468591341748834
fixed,hydro,bo,2,31,2.0659955546313915,2.169295332362961,4.192239374853671,0.4916873713955283
fixed,hydro,bo,2,32,2.0659955546313915,2.169295332362961,4.359308874700218,0.5069949543103576
fixed,hydro,bo,2,33,2.0659955546313915,2.169295332362961,4.527979958802462,0.5225870376452804
fixed,hydro,bo,2,34,2.0659955546313915,2.169295332362961,4.697217584121972,0.5392266628332436
fixed,hydro,bo,2,35,2.0659955546313915,2.169295332362961,4.868852458894253,0.555924454703927
fixed,hydro,bo,2,36,2.0659955546313915,2.169295332362961,5.040977375116199,0.5709967464208603
fixed,hydro,bo,2,37,2.0659955546313915,2.169295332362961,5.20895754173398,0.5866574542596936
fixed,hydro,bo,2,38,2.0659955546313915,2.169295332362961,5.377459208946675,0.6025302042253315
fixed,hydro,bo,2,39,2.0659955546313915,2.169295332362961,5.550659374799579,0.618648371193558
fixed,hydro,bo,2,40,2.0659955546313915,2.169295332362961,5.71941954176873,0.6334525789134204
fixed,hydro,bo,2,41,2.0659955546313915,2.169295332362961,5.8946551671251655,0.6481215786188841
fixed,hydro,bo,2,42,2.0659955546313915,2.169295332362961,6.099540208932012,0.6657474539242685
fixed,hydro,bo,2,43,2.0659955546313915,2.169295332362961,6.35373116703704,0.682741204276681
fixed,hydro,bo,2,44,2.0659955546313915,2.169295332362961,6.549481374677271,0.6994406622834504
fixed,hydro,bo,2,45,2.0659955546313915,2.169295332362961,6.7449453747831285,0.7161510372534394
fixed,hydro,bo,2,46,2.0659955546313915,2.169295332362961,6.941790834069252,0.7344153705053031
fixed,hydro,bo,2,47,2.0659955546313915,2.169295332362961,7.127641583792865,0.7511222874745727
fixed,hydro,bo,2,48,2.0659955546313915,2.169295332362961,7.315202708821744,0.7670691204257309
fixed,hydro,bo,2,49,2.0659955546313915,2.169295332362961,7.503791541792452,0.782731453422457
fixed,hydro,bo,2,50,2.0659955546313915,2.169295332362961,7.689707874786109,0.7995803691446781
fixed,hydro,bo,2,51,2.0659955546313915,2.169295332362961,7.878975291736424,0.8164798272773623
fixed,hydro,bo,2,52,2.0659955546313915,2.169295332362961,8.067175624892116,0.8322467021644115
fixed,hydro,bo,2,53,2.0659955546313915,2.169295332362961,8.257496791891754,0.8478736602701247
fixed,hydro,bo,2,54,2.0659955546313915,2.169295332362961,8.444943916983902,0.8635988682508469
fixed,hydro,bo,2,55,2.0659955546313915,2.169295332362961,8.625062834005803,0.8792267022654414
fixed,hydro,bo,2,56,2.0659955546313915,2.169295332362961,8.806883833836764,0.8935615350492299
fixed,hydro,bo,2,57,2.0659955546313915,2.169295332362961,9.007910708896816,0.9092857427895069
fixed,hydro,bo,2,58,2.0659955546313915,2.169295332362961,9.213628042023629,0.9263922432437539
fixed,hydro,bo,2,59,2.0659955546313915,2.169295332362961,9.415045458823442,0.9434477025642991
fixed,hydro,bo,2,60,2.0659955546313915,2.169295332362961,9.620254749897867,0.9591829525306821
fixed,hydro,bo,2,61,2.0659955546313915,2.169295332362961,9.830323999747634,0.975249994546175
fixed,hydro,bo,2,62,2.0659955546313915,2.169295332362961,10.05224824976176,0.993349286261946
fixed,hydro,bo,2,63,2.0659955546313915,2.169295332362961,10.261248166672885,1.0100789535790682
fixed,hydro,bo,2,64,2.0659955546313915,2.169295332362961,10.465665916912258,1.025786995422095
fixed,hydro,bo,2,65,2.0659955546313915,2.169295332362961,10.676081541925669,1.0417372044175863
fixed,hydro,bo,2,66,2.0659955546313915,2.169295332362961,10.89703975012526,1.0586774544790387
fixed,hydro,bo,2,67,2.0659955546313915,2.169295332362961,11.113359958864748,1.075107913929969
fixed,hydro,bo,2,68,2.0659955546313915,2.169295332362961,11.388443124946207,1.0905987885780632
fixed,hydro,bo,2,69,2.0659955546313915,2.169295332362961,11.602623084094375,1.1062126634642482
fixed,hydro,bo,2,70,2.0659955546313915,2.169295332362961,11.815198124852031,1.122278872411698
fixed,hydro,bo,2,71,2.0659955546313915,2.169295332362961,12.021365999709815,1.1382788722403347
fixed,hydro,bo,2,72,2.0659955546313915,2.169295332362961,12.238797791767865,1.154449122492224
fixed,hydro,bo,2,73,2.0659955546313915,2.169295332362961,12.460844583809376,1.1702601644210517
fixed,hydro,bo,2,74,2.0659955546313915,2.169295332362961,12.720606334041804,1.1907672891393304
fixed,hydro,bo,2,75,2.0659955546313915,2.169295332362961,12.9698138339445,1.2089841640554368
fixed,hydro,bo,2,76,2.0659955546313915,2.169295332362961,13.219979166984558,1.2261719978414476
fixed,hydro,bo,2,77,2.0659955546313915,2.169295332362961,13.46797383390367,1.243054747581482
fixed,hydro,bo,2,78,2.0659955546313915,2.169295332362961,13.71569904172793,1.2608242062851787
fixed,hydro,bo,2,79,2.0659955546313915,2.169295332362961,13.95348154194653,1.277483164332807
fixed,hydro,bo,2,80,2.0659955546313915,2.169295332362961,14.184193917084485,1.293046830687672
fixed,hydro,bo,2,81,2.0659955546313915,2.169295332362961,14.41435291711241,1.308779664337635
fixed,hydro,bo,2,82,2.0659955546313915,2.169295332362961,14.65171516686678,1.3253639563918114
fixed,hydro,bo,2,83,2.0659955546313915,2.169295332362961,14.89748491672799,1.3422666643746197
fixed,hydro,bo,2,84,2.0659955546313915,2.169295332362961,15.149756167083979,1.35825528902933
fixed,hydro,bo,2,85,2.0659955546313915,2.169295332362961,15.398951166775078,1.3738516638986766
fixed,hydro,bo,2,86,2.0659955546313915,2.169295332362961,15.651446249801666,1.3905403311364353
fixed,hydro,bo,2,87,2.0659955546313915,2.169295332362961,15.907565624918789,1.407399205956608
fixed,hydro,bo,2,88,2.0659955546313915,2.169295332362961,16.157994041685015,1.4230036637745798
fixed,hydro,bo,2,89,2.0659955546313915,2.169295332362961,16.406078499741852,1.4389411639422178
fixed,hydro,bo,2,90,2.0659955546313915,2.169295332362961,16.65194029174745,1.4557794141583145
fixed,hydro,bo,2,91,2.0659955546313915,2.169295332362961,16.90623199986294,1.472476331051439
fixed,hydro,bo,2,92,2.0659955546313915,2.169295332362961,17.155549458693713,1.4875906649976969
fixed,hydro,bo,2,93,2.0659955546313915,2.169295332362961,17.39968749973923,1.5025113322772086
fixed,hydro,bo,2,94,2.0659955546313915,2.169295332362961,17.64832058409229,1.5186013323254883
fixed,hydro,bo,2,95,2.0659955546313915,2.169295332362961,17.912315167021006,1.5354042905382812
fixed,hydro,bo,2,96,2.0659955546313915,2.169295332362961,18.22004633396864,1.5511022484861314
fixed,hydro,random,2,1,4.280855504300816,2.169295332362961,0.09503662493079901,0.0168655002489686
fixed,hydro,random,2,2,4.280855504300816,2.169295332362961,0.15069874981418252,0.0323472092859447
fixed,hydro,random,2,3,4.280855504300816,2.169295332362961,0.20755070773884654,0.0493413764052093
fixed,hydro,random,2,4,4.280855504300816,2.169295332362961,0.2632179167121649,0.06592304352670908
fixed,hydro,random,2,5,4.280855504300816,2.169295332362961,0.3220323328860104,0.082869210280478
fixed,hydro,random,2,6,4.280855504300816,2.169295332362961,0.3797759576700628,0.0999403353780508
fixed,hydro,random,2,7,4.280855504300816,2.169295332362961,0.440824041608721,0.11569212656468153
fixed,hydro,random,2,8,2.7875932684277474,2.169295332362961,0.5013447077944875,0.13298895955085754
fixed,hydro,random,2,9,2.7875932684277474,2.169295332362961,0.562570916954428,0.15071445936337113
fixed,hydro,random,2,10,2.7875932684277474,2.169295332362961,0.6246964577585459,0.16764241736382246
fixed,hydro,random,2,11,2.7875932684277474,2.169295332362961,0.6872727079316974,0.18414154229685664
fixed,hydro,random,2,12,2.7875932684277474,2.169295332362961,0.7530352077446878,0.20115708326920867
fixed,hydro,random,2,13,2.7875932684277474,2.169295332362961,0.8158225826919079,0.2175753335468471
fixed,hydro,random,2,14,2.7875932684277474,2.169295332362961,0.8754156245850027,0.23366862582042813
fixed,hydro,random,2,15,2.7875932684277474,2.169295332362961,0.935059457551688,0.24951804289594293
fixed,hydro,random,2,16,2.7875932684277474,2.169295332362961,0.996033082716167,0.2656635008752346
fixed,hydro,random,2,17,2.7875932684277474,2.169295332362961,1.0559997917152941,0.28080833377316594
fixed,hydro,random,2,18,2.7875932684277474,2.169295332362961,1.1163891246542335,0.29570858366787434
fixed,hydro,random,2,19,2.7875932684277474,2.169295332362961,1.1768504995852709,0.31055579287931323
fixed,hydro,random,2,20,2.7875932684277474,2.169295332362961,1.2392354169860482,0.32656621001660824
fixed,hydro,random,2,21,2.7875932684277474,2.169295332362961,1.3051635827869177,0.3418971267528832
fixed,hydro,random,2,22,2.7875932684277474,2.169295332362961,1.3662546668201685,0.3567960853688419
fixed,hydro,random,2,23,2.7875932684277474,2.169295332362961,1.4267448745667934,0.37174262711778283
fixed,hydro,random,2,24,2.7875932684277474,2.169295332362961,1.4870254998095334,0.3877464192919433
fixed,hydro,random,2,25,2.7875932684277474,2.169295332362961,1.5487764165736735,0.40386016946285963
fixed,hydro,random,2,26,2.7875932684277474,2.169295332362961,1.6111962916329503,0.4198217527009547
fixed,hydro,random,2,27,2.7875932684277474,2.169295332362961,1.670336457900703,0.43447062792256474
fixed,hydro,random,2,28,2.7875932684277474,2.169295332362961,1.7309350417926908,0.45023783575743437
fixed,hydro,random,2,29,2.7875932684277474,2.169295332362961,1.7896960829384625,0.4648817526176572
fixed,hydro,random,2,30,2.7875932684277474,2.169295332362961,1.8490259167738259,0.4794067945331335
fixed,hydro,random,2,31,2.7875932684277474,2.169295332362961,1.9122414169833064,0.49471783684566617
fixed,hydro,random,2,32,2.7875932684277474,2.169295332362961,1.9721713326871395,0.5095850867219269
fixed,hydro,random,2,33,2.7875932684277474,2.169295332362961,2.034089499618858,0.5250125867314637
fixed,hydro,random,2,34,2.7875932684277474,2.169295332362961,2.097628249786794,0.5396557957865298
fixed,hydro,random,2,35,2.7875932684277474,2.169295332362961,2.160986957605928,0.5548278796486557
fixed,hydro,random,2,36,2.4971830746336123,2.169295332362961,2.2256405418738723,0.570547254756093
fixed,hydro,random,2,37,2.4971830746336123,2.169295332362961,2.28896874981001,0.5851226295344532
fixed,hydro,random,2,38,2.4971830746336123,2.169295332362961,2.353849791921675,0.6011129217222333
fixed,hydro,random,2,39,2.4971830746336123,2.169295332362961,2.4208927918225527,0.615795380435884
fixed,hydro,random,2,40,2.4971830746336123,2.169295332362961,2.4920824579894543,0.6325904210098088
fixed,hydro,random,2,41,2.4971830746336123,2.169295332362961,2.5617723749019206,0.6495890459045768
fixed,hydro,random,2,42,2.4971830746336123,2.169295332362961,2.632319166790694,0.6661465461365879
fixed,hydro,random,2,43,2.4971830746336123,2.169295332362961,2.7029750826768577,0.6823283382691443
fixed,hydro,random,2,44,2.4971830746336123,2.169295332362961,2.7730447077192366,0.6979688382707536
fixed,hydro,random,2,45,2.4971830746336123,2.169295332362961,2.8422301248647273,0.7137655052356422
fixed,hydro,random,2,46,2.4971830746336123,2.169295332362961,2.9114487916231155,0.7293432140722871
fixed,hydro,random,2,47,2.4971830746336123,2.169295332362961,2.980061249807477,0.7441349220462143
fixed,hydro,random,2,48,2.4971830746336123,2.169295332362961,3.0552599998191,0.7600736301392317
fixed,hydro,random,2,49,2.4971830746336123,2.169295332362961,3.1302836248651147,0.7763028801418841
fixed,hydro,random,2,50,2.4971830746336123,2.169295332362961,3.2060639169067144,0.7939349641092122
fixed,hydro,random,2,51,2.4971830746336123,2.169295332362961,3.280743332579732,0.8100148388184607
fixed,hydro,random,2,52,2.4971830746336123,2.169295332362961,3.3534658746793866,0.8257387136109173
fixed,hydro,random,2,53,2.4971830746336123,2.169295332362961,3.4270341247320175,0.8415685468353331
fixed,hydro,random,2,54,2.4971830746336123,2.169295332362961,3.497757707722485,0.8571585877798498
fixed,hydro,random,2,55,2.4971830746336123,2.169295332362961,3.570207541808486,0.8743614624254405
fixed,hydro,random,2,56,2.4971830746336123,2.169295332362961,3.641407416667789,0.8900290047749877
fixed,hydro,random,2,57,2.4971830746336123,2.169295332362961,3.7127193328924477,0.905837504658848
fixed,hydro,random,2,58,2.4971830746336123,2.169295332362961,3.7852922077290714,0.9224159219302237
fixed,hydro,random,2,59,2.4971830746336123,2.169295332362961,3.857558332849294,0.939049671869725
fixed,hydro,random,2,60,2.4971830746336123,2.169295332362961,3.930203416850418,0.9550460469909012
fixed,hydro,random,2,61,2.4971830746336123,2.169295332362961,4.004157541785389,0.9710474219173193
fixed,hydro,random,2,62,2.4971830746336123,2.169295332362961,4.076376374810934,0.986525546759367
fixed,hydro,random,2,63,2.4971830746336123,2.169295332362961,4.15321295754984,1.0032420046627522
fixed,hydro,random,2,64,2.4971830746336123,2.169295332362961,4.226803625002503,1.0189175875857472
fixed,hydro,random,2,65,2.4971830746336123,2.169295332362961,4.29980458272621,1.0345712965354323
fixed,hydro,random,2,66,2.4971830746336123,2.169295332362961,4.37430249992758,1.050738338381052
fixed,hydro,random,2,67,2.4971830746336123,2.169295332362961,4.451796332839876,1.0674804630689323
fixed,hydro,random,2,68,2.4971830746336123,2.169295332362961,4.6027525826357305,1.0820262134075165
fixed,hydro,random,2,69,2.4971830746336123,2.169295332362961,4.6755355829373,1.0978575046174228
fixed,hydro,random,2,70,2.4971830746336123,2.169295332362961,4.750854832585901,1.1136929639615119
fixed,hydro,random,2,71,2.4971830746336123,2.169295332362961,4.827092541847378,1.1284685470163822
fixed,hydro,random,2,72,2.4971830746336123,2.169295332362961,4.903722207993269,1.1443944643251598
fixed,hydro,random,2,73,2.4971830746336123,2.169295332362961,4.979639166966081,1.1591163389384747
fixed,hydro,random,2,74,2.4971830746336123,2.169295332362961,5.06021916680038,1.1758642978966236
fixed,hydro,random,2,75,2.4971830746336123,2.169295332362961,5.141775416675955,1.192607173230499
fixed,hydro,random,2,76,2.4971830746336123,2.169295332362961,5.221298166550696,1.2081770901568234
fixed,hydro,random,2,77,2.4971830746336123,2.169295332362961,5.303680457640439,1.2238247571513057
fixed,hydro,random,2,78,2.4971830746336123,2.169295332362961,5.388204582966864,1.2409678404219449
fixed,hydro,random,2,79,2.4971830746336123,2.169295332362961,5.467893124558032,1.2567379232496023
fixed,hydro,random,2,80,2.4971830746336123,2.169295332362961,5.550826707854867,1.2736046323552728
fixed,hydro,random,2,81,2.4971830746336123,2.169295332362961,5.630526207853109,1.2894573416560888
fixed,hydro,random,2,82,2.4971830746336123,2.169295332362961,5.712259457912296,1.3057563826441765
fixed,hydro,random,2,83,2.4971830746336123,2.169295332362961,5.79325862461701,1.3213100493885577
fixed,hydro,random,2,84,2.4971830746336123,2.169295332362961,5.875265166629106,1.337304883170873
fixed,hydro,random,2,85,2.4971830746336123,2.169295332362961,5.95592483272776,1.3528186329640448
fixed,hydro,random,2,86,2.4971830746336123,2.169295332362961,6.040200582705438,1.368858258239925
fixed,hydro,random,2,87,2.4971830746336123,2.169295332362961,6.126909707672894,1.3856034660711884
fixed,hydro,random,2,88,2.4971830746336123,2.169295332362961,6.209404332563281,1.4024698822759092
fixed,hydro,random,2,89,2.4971830746336123,2.169295332362961,6.291874499991536,1.4190005483105779
fixed,hydro,random,2,90,2.4971830746336123,2.169295332362961,6.373270374722779,1.4349510059691966
fixed,hydro,random,2,91,2.4971830746336123,2.169295332362961,6.456790041644126,1.4513180889189243
fixed,hydro,random,2,92,2.4971830746336123,2.169295332362961,6.540215666871518,1.4673207141458988
fixed,hydro,random,2,93,2.4971830746336123,2.169295332362961,6.625419499818236,1.4829212971962988
fixed,hydro,random,2,94,2.4971830746336123,2.169295332362961,6.710487874690443,1.4982827552594244
fixed,hydro,random,2,95,2.4971830746336123,2.169295332362961,6.794282791670412,1.51404696283862
fixed,hydro,random,2,96,2.4971830746336123,2.169295332362961,6.920717707835138,1.5309879630804062
fixed,hydro,sobol,2,1,8.341659612582665,2.169295332362961,0.09859058307483792,0.021585542242974043
fixed,hydro,sobol,2,2,8.31722183217514,2.169295332362961,0.15379300015047193,0.03800908429548144
fixed,hydro,sobol,2,3,3.548664124657178,2.169295332362961,0.20821204222738743,0.05364654213190079
fixed,hydro,sobol,2,4,3.548664124657178,2.169295332362961,0.2608022503554821,0.06844741757959127
fixed,hydro,sobol,2,5,3.548664124657178,2.169295332362961,0.31329558324068785,0.08360595954582095
fixed,hydro,sobol,2,6,3.548664124657178,2.169295332362961,0.36805929243564606,0.0991122922860086
fixed,hydro,sobol,2,7,3.548664124657178,2.169295332362961,0.4227808751165867,0.11477404227480292
fixed,hydro,sobol,2,8,3.548664124657178,2.169295332362961,0.47686508344486356,0.12951162597164512
fixed,hydro,sobol,2,9,3.548664124657178,2.169295332362961,0.5332036251202226,0.144490250851959
fixed,hydro,sobol,2,10,3.548664124657178,2.169295332362961,0.5869184173643589,0.16021725069731474
fixed,hydro,sobol,2,11,3.548664124657178,2.169295332362961,0.6414168332703412,0.17585237557068467
fixed,hydro,sobol,2,12,3.548664124657178,2.169295332362961,0.6967146671377122,0.1910247914493084
fixed,hydro,sobol,2,13,3.3895438592874876,2.169295332362961,0.7520492081530392,0.2055817493237555
fixed,hydro,sobol,2,14,3.3895438592874876,2.169295332362961,0.808961917180568,0.2208215412683785
fixed,hydro,sobol,2,15,3.3895438592874876,2.169295332362961,0.8637290834449232,0.23642345843836665
fixed,hydro,sobol,2,16,3.3895438592874876,2.169295332362961,0.921765667386353,0.2512349160388112
fixed,hydro,sobol,2,17,3.3895438592874876,2.169295332362961,0.982809083070606,0.2670048321597278
fixed,hydro,sobol,2,18,3.3895438592874876,2.169295332362961,1.0449953330680728,0.28401112323626876
fixed,hydro,sobol,2,19,3.3895438592874876,2.169295332362961,1.1083060833625495,0.30094612343236804
fixed,hydro,sobol,2,20,3.3895438592874876,2.169295332362961,1.172776292078197,0.3167769145220518
fixed,hydro,sobol,2,21,3.3895438592874876,2.169295332362961,1.2393430001102388,0.33251395635306835
fixed,hydro,sobol,2,22,2.4836531747465003,2.169295332362961,1.3024808750487864,0.349223165307194
fixed,hydro,sobol,2,23,2.4836531747465003,2.169295332362961,1.3686723751015961,0.36629470624029636
fixed,hydro,sobol,2,24,2.4836531747465003,2.169295332362961,1.4334262921474874,0.38202295638620853
fixed,hydro,sobol,2,25,2.4836531747465003,2.169295332362961,1.4972663749940693,0.3978885393589735
fixed,hydro,sobol,2,26,2.4836531747465003,2.169295332362961,1.5644785421900451,0.4151987894438207
fixed,hydro,sobol,2,27,2.4836531747465003,2.169295332362961,1.6307222503237426,0.43199637345969677
fixed,hydro,sobol,2,28,2.4836531747465003,2.169295332362961,1.6972245830111206,0.44768874859437346
fixed,hydro,sobol,2,29,2.4836531747465003,2.169295332362961,1.7629458331502974,0.4633179986849427
fixed,hydro,sobol,2,30,2.4836531747465003,2.169295332362961,1.8261916250921786,0.47998395655304193
fixed,hydro,sobol,2,31,2.4836531747465003,2.169295332362961,1.8954842500388622,0.49738670652732253
fixed,hydro,sobol,2,32,2.4836531747465003,2.169295332362961,1.9595327503047884,0.5130279143340886
fixed,hydro,sobol,2,33,2.4836531747465003,2.169295332362961,2.0225842082872987,0.5286061223596334
fixed,hydro,sobol,2,34,2.4836531747465003,2.169295332362961,2.089999958407134,0.5454969559796154
fixed,hydro,sobol,2,35,2.4836531747465003,2.169295332362961,2.1553864581510425,0.5622606640681624
fixed,hydro,sobol,2,36,2.4836531747465003,2.169295332362961,2.223146750126034,0.5779649559408426
fixed,hydro,sobol,2,37,2.4836531747465003,2.169295332362961,2.2898416672833264,0.59381183097139
fixed,hydro,sobol,2,38,2.4836531747465003,2.169295332362961,2.3562003751285374,0.6103707482106984
fixed,hydro,sobol,2,39,2.4836531747465003,2.169295332362961,2.4196552503854036,0.6260527484118938
fixed,hydro,sobol,2,40,2.4836531747465003,2.169295332362961,2.481883625034243,0.6407242072746158
fixed,hydro,sobol,2,41,2.4836531747465003,2.169295332362961,2.546776458155364,0.6553963730111718
fixed,hydro,sobol,2,42,2.4836531747465003,2.169295332362961,2.614154875278473,0.6709155812859535
fixed,hydro,sobol,2,43,2.4836531747465003,2.169295332362961,2.679795625153929,0.6868345811963081
fixed,hydro,sobol,2,44,2.4836531747465003,2.169295332362961,2.7429398749955,0.7015034561045468
fixed,hydro,sobol,2,45,2.4836531747465003,2.169295332362961,2.805908958427608,0.7164331651292741
fixed,hydro,sobol,2,46,2.4836531747465003,2.169295332362961,2.870870250277221,0.7320272903889418
fixed,hydro,sobol,2,47,2.4836531747465003,2.169295332362961,2.937476208433509,0.7478868733160198
fixed,hydro,sobol,2,48,2.4836531747465003,2.169295332362961,3.001011500135064,0.7623177906498313
fixed,hydro,sobol,2,49,2.4836531747465003,2.169295332362961,3.06659850012511,0.7771725407801569
fixed,hydro,sobol,2,50,2.4836531747465003,2.169295332362961,3.1334067923016846,0.7928412491455674
fixed,hydro,sobol,2,51,2.4836531747465003,2.169295332362961,3.2009481671266258,0.8087393743917346
fixed,hydro,sobol,2,52,2.4836531747465003,2.169295332362961,3.2704138751141727,0.8232524576596916
fixed,hydro,sobol,2,53,2.4836531747465003,2.169295332362961,3.3373196250759065,0.8381422497332096
fixed,hydro,sobol,2,54,2.4836531747465003,2.169295332362961,3.4048280832357705,0.8540428746491671
fixed,hydro,sobol,2,55,2.4836531747465003,2.169295332362961,3.4753781254403293,0.8696596245281398
fixed,hydro,sobol,2,56,2.4836531747465003,2.169295332362961,3.543550417292863,0.8840635833330452
fixed,hydro,sobol,2,57,2.4836531747465003,2.169295332362961,3.6135292924009264,0.8988026254810393
fixed,hydro,sobol,2,58,2.4836531747465003,2.169295332362961,3.6838903753086925,0.9143720422871411
fixed,hydro,sobol,2,59,2.4836531747465003,2.169295332362961,3.757040625438094,0.9307783343829215
fixed,hydro,sobol,2,60,2.4836531747465003,2.169295332362961,3.8287001252174377,0.9459172934293747
fixed,hydro,sobol,2,61,2.4836531747465003,2.169295332362961,3.902750000357628,0.9605781263671815
fixed,hydro,sobol,2,62,2.4836531747465003,2.169295332362961,3.9753643753938377,0.9760917513631284
fixed,hydro,sobol,2,63,2.4836531747465003,2.169295332362961,4.053902417421341,0.9930351683869958
fixed,hydro,sobol,2,64,2.4836531747465003,2.169295332362961,4.130940708331764,1.0086621684022248
fixed,hydro,sobol,2,65,2.4836531747465003,2.169295332362961,4.2082440834492445,1.0242945435456932
fixed,hydro,sobol,2,66,2.270650852440263,2.169295332362961,4.285833792295307,1.040842835791409
fixed,hydro,sobol,2,67,2.270650852440263,2.169295332362961,4.364942375104874,1.0575344185344875
fixed,hydro,sobol,2,68,2.270650852440263,2.169295332362961,4.442134708166122,1.0730600855313241
fixed,hydro,sobol,2,69,2.270650852440263,2.169295332362961,4.517100083176047,1.088869085535407
fixed,hydro,sobol,2,70,2.270650852440263,2.169295332362961,4.595525500364602,1.1054175435565412
fixed,hydro,sobol,2,71,2.270650852440263,2.169295332362961,4.676022750325501,1.1223781267181039
fixed,hydro,sobol,2,72,2.270650852440263,2.169295332362961,4.752393875271082,1.137992126867175
fixed,hydro,sobol,2,73,2.270650852440263,2.169295332362961,4.829737958032638,1.1537884608842432
fixed,hydro,sobol,2,74,2.270650852440263,2.169295332362961,4.905993167310953,1.1703798780217767
fixed,hydro,sobol,2,75,2.270650852440263,2.169295332362961,4.9812535000965,1.186353003140539
fixed,hydro,sobol,2,76,2.270650852440263,2.169295332362961,5.053240583278239,1.2009980441071093
fixed,hydro,sobol,2,77,2.270650852440263,2.169295332362961,5.12629104219377,1.2157725864090025
fixed,hydro,sobol,2,78,2.270650852440263,2.169295332362961,5.20105641707778,1.2314634202048182
fixed,hydro,sobol,2,79,2.270650852440263,2.169295332362961,5.27781437523663,1.2470930451527238
fixed,hydro,sobol,2,80,2.270650852440263,2.169295332362961,5.354584083426744,1.2615448371507227
fixed,hydro,sobol,2,81,2.270650852440263,2.169295332362961,5.429549500346184,1.2763222120702267
fixed,hydro,sobol,2,82,2.270650852440263,2.169295332362961,5.505179125349969,1.2919525038450956
fixed,hydro,sobol,2,83,2.270650852440263,2.169295332362961,5.5821490422822535,1.3078194209374487
fixed,hydro,sobol,2,84,2.270650852440263,2.169295332362961,5.658608333207667,1.3227223791182041
fixed,hydro,sobol,2,85,2.270650852440263,2.169295332362961,5.734114625025541,1.3376937131397426
fixed,hydro,sobol,2,86,2.270650852440263,2.169295332362961,5.811412958428264,1.353214172180742
fixed,hydro,sobol,2,87,2.270650852440263,2.169295332362961,5.891975958365947,1.3687851303257048
fixed,hydro,sobol,2,88,2.270650852440263,2.169295332362961,5.972209708299488,1.3833357971161604
fixed,hydro,sobol,2,89,2.270650852440263,2.169295332362961,6.0507896253839135,1.3981579630635679
fixed,hydro,sobol,2,90,2.270650852440263,2.169295332362961,6.182928792200983,1.4136660052463412
fixed,hydro,sobol,2,91,2.270650852440263,2.169295332362961,6.26392133301124,1.4289631713181734
fixed,hydro,sobol,2,92,2.270650852440263,2.169295332362961,6.341071042232215,1.4436661712825298
fixed,hydro,sobol,2,93,2.270650852440263,2.169295332362961,6.419788542203605,1.458522462286055
fixed,hydro,sobol,2,94,2.270650852440263,2.169295332362961,6.5031015002168715,1.4736703792586923
fixed,hydro,sobol,2,95,2.270650852440263,2.169295332362961,6.585099542047828,1.4899165043607354
fixed,hydro,sobol,2,96,2.270650852440263,2.169295332362961,6.715660750400275,1.504651129245758
fixed,solar,random,0,1,181.5218414777633,183.83143789933789,0.09312166692689061,0.0137339998036623
fixed,solar,random,0,2,181.5218414777633,183.83143789933789,0.14780174987390637,0.027427999768406153
fixed,solar,random,0,3,181.5218414777633,183.83143789933789,0.2018828745931387,0.04117316706106067
fixed,solar,random,0,4,181.5218414777633,183.83143789933789,0.25651333294808865,0.054595000110566616
fixed,solar,random,0,5,181.5218414777633,183.83143789933789,0.31154587492346764,0.06724179117009044
fixed,solar,random,0,6,181.5218414777633,183.83143789933789,0.36466041672974825,0.08078624913468957
fixed,solar,random,0,7,181.5218414777633,183.83143789933789,0.417342874687165,0.0934430412016809
fixed,solar,random,0,8,181.5218414777633,183.83143789933789,0.4710127077996731,0.1071406239643693
fixed,solar,random,0,9,175.6803212316816,183.83143789933789,0.525069291703403,0.11993187386542559
fixed,solar,random,0,10,175.6803212316816,183.83143789933789,0.5805326248519123,0.13306191517040133
fixed,solar,random,0,11,175.6803212316816,183.83143789933789,0.6389111247844994,0.14615741511806846
fixed,solar,random,0,12,175.6803212316816,183.83143789933789,0.6947714169509709,0.15912229008972645
fixed,solar,random,0,13,175.6803212316816,183.83143789933789,0.7512221247889102,0.1726948320865631
fixed,solar,random,0,14,175.6803212316816,183.83143789933789,0.8186961668543518,0.18647229112684727
fixed,solar,random,0,15,175.6803212316816,183.83143789933789,0.876381749752909,0.1994493743404746
fixed,solar,random,0,16,175.6803212316816,183.83143789933789,0.9297143747098744,0.21204287465661764
fixed,solar,random,0,17,175.6803212316816,183.83143789933789,0.9836312499828637,0.22403458366170526
fixed,solar,random,0,18,175.6803212316816,183.83143789933789,1.0382387917488813,0.2361885835416615
fixed,solar,random,0,19,175.6803212316816,183.83143789933789,1.093642832711339,0.2482265424914658
fixed,solar,random,0,20,175.6803212316816,183.83143789933789,1.1483137076720595,0.2603042093105614
fixed,solar,random,0,21,175.6803212316816,183.83143789933789,1.2036455827765167,0.2725916262716055
fixed,solar,random,0,22,175.45455563953095,183.83143789933789,1.2618443327955902,0.2854197509586811
fixed,solar,random,0,23,175.45455563953095,183.83143789933789,1.320546249859035,0.2983979182317853
fixed,solar,random,0,24,175.45455563953095,183.83143789933789,1.3759182495996356,0.3110745851881802
fixed,solar,random,0,25,175.45455563953095,183.83143789933789,1.4320468748919666,0.3235754603520036
fixed,solar,random,0,26,175.45455563953095,183.83143789933789,1.4891344578936696,0.33586262725293636
fixed,solar,random,0,27,175.45455563953095,183.83143789933789,1.5459879166446626,0.34797546034678817
fixed,solar,random,0,28,175.45455563953095,183.83143789933789,1.6024357075802982,0.35989891830831766
fixed,solar,random,0,29,175.45455563953095,183.83143789933789,1.6593376668170094,0.37177566858008504
fixed,solar,random,0,30,175.45455563953095,183.83143789933789,1.7165456246584654,0.3842791276983917
fixed,solar,random,0,31,175.45455563953095,183.83143789933789,1.7741678329184651,0.3966980027034879
fixed,solar,random,0,32,175.45455563953095,183.83143789933789,1.8347854167222977,0.4088444197550416
fixed,solar,random,0,33,175.45455563953095,183.83143789933789,1.8963731247931719,0.42112637776881456
fixed,solar,random,0,34,175.45455563953095,183.83143789933789,1.9543367917649448,0.4335988354869187
fixed,solar,random,0,35,175.45455563953095,183.83143789933789,2.0130194169469178,0.4461187105625868
fixed,solar,random,0,36,175.45455563953095,183.83143789933789,2.071583041921258,0.4586277105845511
fixed,solar,random,0,37,175.45455563953095,183.83143789933789,2.130599749740213,0.4710685024037957
fixed,solar,random,0,38,175.45455563953095,183.83143789933789,2.1898091668263078,0.48358871042728424
fixed,solar,random,0,39,175.45455563953095,183.83143789933789,2.2499672919511795,0.4961307104676962
fixed,solar,random,0,40,175.45455563953095,183.83143789933789,2.310441041830927,0.5082582104951143
fixed,solar,random,0,41,175.45455563953095,183.83143789933789,2.375337999779731,0.5205844603478909
fixed,solar,random,0,42,175.45455563953095,183.83143789933789,2.4408354577608407,0.5332782939076424
fixed,solar,random,0,43,175.45455563953095,183.83143789933789,2.507055166643113,0.5454877936281264
fixed,solar,random,0,44,175.45455563953095,183.83143789933789,2.571293707937002,0.557991043664515
fixed,solar,random,0,45,175.45455563953095,183.83143789933789,2.6365859578363597,0.5701970015652478
fixed,solar,random,0,46,175.45455563953095,183.83143789933789,2.7027352498844266,0.5822579185478389
fixed,solar,random,0,47,175.45455563953095,183.83143789933789,2.769286582712084,0.5949414605274796
fixed,solar,random,0,48,175.45455563953095,183.83143789933789,2.8351651248522103,0.60650066845119
fixed,solar,random,0,49,175.45455563953095,183.83143789933789,2.9019581247121096,0.6186667513102293
fixed,solar,random,0,50,175.45455563953095,183.83143789933789,2.972115374635905,0.6320192092098296
fixed,solar,random,0,51,175.45455563953095,183.83143789933789,3.042911416850984,0.6449495842680335
fixed,solar,random,0,52,175.45455563953095,183.83143789933789,3.114322166889906,0.6581578752957284
fixed,solar,random,0,53,175.45455563953095,183.83143789933789,3.182221416849643,0.6709804171696305
fixed,solar,random,0,54,175.45455563953095,183.83143789933789,3.249165457673371,0.6836680001579225
fixed,solar,random,0,55,175.42413530781772,183.83143789933789,3.312863999977708,0.6958724167197943
fixed,solar,random,0,56,175.42413530781772,183.83143789933789,3.3766486668027937,0.7077006665058434
fixed,solar,random,0,57,175.42413530781772,183.83143789933789,3.4412883748300374,0.7202287088148296
fixed,solar,random,0,58,175.42413530781772,183.83143789933789,3.508050082717091,0.7326954179443419
fixed,solar,random,0,59,175.42413530781772,183.83143789933789,3.5747352079488337,0.7453792090527713
fixed,solar,random,0,60,175.42413530781772,183.83143789933789,3.6421411666087806,0.758007709402591
fixed,solar,random,0,61,175.42413530781772,183.83143789933789,3.7115244576707482,0.7704870840534568
fixed,solar,random,0,62,175.42413530781772,183.83143789933789,3.7783297495916486,0.7828408749774098
fixed,solar,random,0,63,175.42413530781772,183.83143789933789,3.844455416779965,0.7948279590345919
fixed,solar,random,0,64,175.0964109792146,183.83143789933789,3.9105725418776274,0.8067922503687441
fixed,solar,random,0,65,175.0964109792146,183.83143789933789,3.9777563749812543,0.8188285427168012
fixed,solar,random,0,66,175.0964109792146,183.83143789933789,4.044995166826993,0.8314369595609605
fixed,solar,random,0,67,175.0964109792146,183.83143789933789,4.1129298326559365,0.8439032933674753
fixed,solar,random,0,68,175.0964109792146,183.83143789933789,4.180541874840856,0.8566490435041487
fixed,solar,random,0,69,175.0964109792146,183.83143789933789,4.249370999634266,0.8692327095195651
fixed,solar,random,0,70,175.0964109792146,183.83143789933789,4.321086082607508,0.8811898767016828
fixed,solar,random,0,71,175.0964109792146,183.83143789933789,4.3900783327408135,0.8933921265415847
fixed,solar,random,0,72,175.0964109792146,183.83143789933789,4.459902791772038,0.9053225014358759
fixed,solar,random,0,73,175.0964109792146,183.83143789933789,4.529857041779906,0.9172948761843145
fixed,solar,random,0,74,175.0964109792146,183.83143789933789,4.603154041804373,0.929755459073931
fixed,solar,random,0,75,175.0964109792146,183.83143789933789,4.674810207914561,0.9422179590910673
fixed,solar,random,0,76,175.0964109792146,183.83143789933789,4.74712779186666,0.9542261250317097
fixed,solar,random,0,77,175.0964109792146,183.83143789933789,4.820976416580379,0.9672702918760478
fixed,solar,random,0,78,175.0964109792146,183.83143789933789,4.895056249573827,0.9797822497785091
fixed,solar,random,0,79,175.0964109792146,183.83143789933789,4.9679192919284105,0.9921123743988574
fixed,solar,random,0,80,175.0964109792146,183.83143789933789,5.040132916998118,1.0046357493847609
fixed,solar,random,0,81,175.0964109792146,183.83143789933789,5.117597125004977,1.0168713331222534
fixed,solar,random,0,82,175.0964109792146,183.83143789933789,5.192931499797851,1.0296472911722958
fixed,solar,random,0,83,175.0964109792146,183.83143789933789,5.268789749592543,1.0416754162870347
fixed,solar,random,0,84,175.0964109792146,183.83143789933789,5.344575457740575,1.0537629583850503
fixed,solar,random,0,85,175.0964109792146,183.83143789933789,5.4199954168871045,1.0664844163693488
fixed,solar,random,0,86,175.0964109792146,183.83143789933789,5.498995374888182,1.0787685415707529
fixed,solar,random,0,87,175.0964109792146,183.83143789933789,5.576212374959141,1.0914669167250395
fixed,solar,random,0,88,175.0964109792146,183.83143789933789,5.654307957738638,1.1040735826827586
fixed,solar,random,0,89,175.0964109792146,183.83143789933789,5.734483541920781,1.117517541628331
fixed,solar,random,0,90,175.0964109792146,183.83143789933789,5.815411249641329,1.1309800827875733
fixed,solar,random,0,91,175.0964109792146,183.83143789933789,5.895498541649431,1.143150500021875
fixed,solar,random,0,92,175.0964109792146,183.83143789933789,5.975929499603808,1.1557754157111049
fixed,solar,random,0,93,175.0964109792146,183.83143789933789,6.069940791931003,1.171100290492177
fixed,solar,random,0,94,175.0964109792146,183.83143789933789,6.159124207682908,1.1847697487100959
fixed,solar,random,0,95,175.0964109792146,183.83143789933789,6.2452710419893265,1.1986381644383073
fixed,solar,random,0,96,175.0964109792146,183.83143789933789,6.372401332948357,1.2132341642864048
fixed,solar,sobol,0,1,191.98929190706218,183.83143789933789,0.09048520866781473,0.013513125013560057
fixed,solar,sobol,0,2,191.98929190706218,183.83143789933789,0.1433892915956676,0.026707416865974665
fixed,solar,sobol,0,3,179.07451587644834,183.83143789933789,0.19719433365389705,0.039340083952993155
fixed,solar,sobol,0,4,179.07451587644834,183.83143789933789,0.25342708360403776,0.05272579286247492
fixed,solar,sobol,0,5,179.07451587644834,183.83143789933789,0.3100364999845624,0.0661144177429378
fixed,solar,sobol,0,6,179.07451587644834,183.83143789933789,0.3656043750233948,0.07908529276028275
fixed,solar,sobol,0,7,179.07451587644834,183.83143789933789,0.4186282088048756,0.0916949175298214
fixed,solar,sobol,0,8,176.0199143850484,183.83143789933789,0.4730073339305818,0.10517775034531951
fixed,solar,sobol,0,9,176.0199143850484,183.83143789933789,0.5273020416498184,0.11857354268431664
fixed,solar,sobol,0,10,176.0199143850484,183.83143789933789,0.5808049170300364,0.13137370999902487
fixed,solar,sobol,0,11,176.0199143850484,183.83143789933789,0.6359406667761505,0.14425325207412243
fixed,solar,sobol,0,12,176.0199143850484,183.83143789933789,0.6909088338725269,0.15762791829183698
fixed,solar,sobol,0,13,176.0199143850484,183.83143789933789,0.7459115418605506,0.1710515432059765
fixed,solar,sobol,0,14,176.0199143850484,183.83143789933789,0.8029814995825291,0.18401096062734723
fixed,solar,sobol,0,15,176.0199143850484,183.83143789933789,0.860112666618079,0.19687904370948672
fixed,solar,sobol,0,16,176.0199143850484,183.83143789933789,0.9191904165782034,0.21044850163161755
fixed,solar,sobol,0,17,176.0199143850484,183.83143789933789,0.9716302920132875,0.2228931267745793
fixed,solar,sobol,0,18,176.0199143850484,183.83143789933789,1.0260790418833494,0.23542312672361732
fixed,solar,sobol,0,19,176.0199143850484,183.83143789933789,1.0835185418836772,0.24747412651777267
fixed,solar,sobol,0,20,176.0199143850484,183.83143789933789,1.1385806249454618,0.2600893354974687
fixed,solar,sobol,0,21,176.0199143850484,183.83143789933789,1.1938088336028159,0.2726950026117265
fixed,solar,sobol,0,22,175.14632469072916,183.83143789933789,1.2481517088599503,0.2846090868115425
fixed,solar,sobol,0,23,175.14632469072916,183.83143789933789,1.302253041882068,0.29653817042708397
fixed,solar,sobol,0,24,175.14632469072916,183.83143789933789,1.3581001670099795,0.3089428790844977
fixed,solar,sobol,0,25,175.14632469072916,183.83143789933789,1.414091124664992,0.32157862884923816
fixed,solar,sobol,0,26,175.14632469072916,183.83143789933789,1.4698622087016702,0.3336618379689753
fixed,solar,sobol,0,27,175.14632469072916,183.83143789933789,1.5250026667490602,0.3455268801189959
fixed,solar,sobol,0,28,175.14632469072916,183.83143789933789,1.5812429590150714,0.3581644222140312
fixed,solar,sobol,0,29,175.14632469072916,183.83143789933789,1.6387313748709857,0.37058596406131983
fixed,solar,sobol,0,30,175.14632469072916,183.83143789933789,1.6992831248790026,0.3827254232019186
fixed,solar,sobol,0,31,175.14632469072916,183.83143789933789,1.7563225417397916,0.3946932563558221
fixed,solar,sobol,0,32,175.14632469072916,183.83143789933789,1.816340833902359,0.40725179854780436
fixed,solar,sobol,0,33,175.14632469072916,183.83143789933789,1.8782855835743248,0.4200904234312475
fixed,solar,sobol,0,34,175.14632469072916,183.83143789933789,1.937060333788395,0.4319329233840108
fixed,solar,sobol,0,35,175.14632469072916,183.83143789933789,1.998595249839127,0.4439490893855691
fixed,solar,sobol,0,36,175.14632469072916,183.83143789933789,2.063212167005986,0.45724583975970745
fixed,solar,sobol,0,37,175.14632469072916,183.83143789933789,2.1295930417254567,0.4707049229182303
fixed,solar,sobol,0,38,175.14632469072916,183.83143789933789,2.196416208986193,0.4830930889584124
fixed,solar,sobol,0,39,175.14632469072916,183.83143789933789,2.2618276248686016,0.4958767560310662
fixed,solar,sobol,0,40,175.14632469072916,183.83143789933789,2.329648249782622,0.5092271729372442
fixed,solar,sobol,0,41,175.14632469072916,183.83143789933789,2.398188666906208,0.5226546316407621
fixed,solar,sobol,0,42,175.14632469072916,183.83143789933789,2.465974624734372,0.5355719644576311
fixed,solar,sobol,0,43,175.14632469072916,183.83143789933789,2.5313995420001447,0.5482167145237327
fixed,solar,sobol,0,44,175.14632469072916,183.83143789933789,2.5991559168323874,0.5616797148250043
fixed,solar,sobol,0,45,175.14632469072916,183.83143789933789,2.6636545839719474,0.5750319231301546
fixed,solar,sobol,0,46,175.14632469072916,183.83143789933789,2.7300737500190735,0.5877824653871357
fixed,solar,sobol,0,47,175.14632469072916,183.83143789933789,2.794711666647345,0.6003053826279938
fixed,solar,sobol,0,48,175.14632469072916,183.83143789933789,2.8632265417836607,0.6136546744965017
fixed,solar,sobol,0,49,175.14632469072916,183.83143789933789,2.9313612920232117,0.6267545493319631
fixed,solar,sobol,0,50,175.14632469072916,183.83143789933789,2.996565166860819,0.639207340311259
fixed,solar,sobol,0,51,175.14632469072916,183.83143789933789,3.0639280839823186,0.6518943402916193
fixed,solar,sobol,0,52,175.14632469072916,183.83143789933789,3.1302288747392595,0.665469924453646
fixed,solar,sobol,0,53,175.14632469072916,183.83143789933789,3.1979977916926146,0.6777863414026797
fixed,solar,sobol,0,54,175.14632469072916,183.83143789933789,3.261621499899775,0.6896654665470123
fixed,solar,sobol,0,55,175.14632469072916,183.83143789933789,3.325702083762735,0.7015375085175037
fixed,solar,sobol,0,56,175.14632469072916,183.83143789933789,3.390401749871671,0.7142186756245792
fixed,solar,sobol,0,57,175.14632469072916,183.83143789933789,3.4545757086016238,0.7266526757739484
fixed,solar,sobol,0,58,175.14632469072916,183.83143789933789,3.520102333743125,0.7388148847967386
fixed,solar,sobol,0,59,175.14632469072916,183.83143789933789,3.585692083928734,0.7506570094265044
fixed,solar,sobol,0,60,175.14632469072916,183.83143789933789,3.6515272087417543,0.7632539258338511
fixed,solar,sobol,0,61,175.14632469072916,183.83143789933789,3.721375208813697,0.7758561340160668
fixed,solar,sobol,0,62,175.14632469072916,183.83143789933789,3.786401249933988,0.7876158012077212
fixed,solar,sobol,0,63,175.14632469072916,183.83143789933789,3.8522157086990774,0.7995763011276722
fixed,solar,sobol,0,64,175.14632469072916,183.83143789933789,3.9727691248990595,0.8120487593114376
fixed,solar,sobol,0,65,175.14632469072916,183.83143789933789,4.04167045885697,0.8245385512709618
fixed,solar,sobol,0,66,175.14632469072916,183.83143789933789,4.110555083956569,0.8366576340049505
fixed,solar,sobol,0,67,175.14632469072916,183.83143789933789,4.17969537479803,0.8484645923599601
fixed,solar,sobol,0,68,175.14632469072916,183.83143789933789,4.249927499797195,0.8610183424316347
fixed,solar,sobol,0,69,175.14632469072916,183.83143789933789,4.321788416709751,0.8737360504455864
fixed,solar,sobol,0,70,175.14632469072916,183.83143789933789,4.395020583644509,0.8856883835978806
fixed,solar,sobol,0,71,175.14632469072916,183.83143789933789,4.463944458868355,0.897970050573349
fixed,solar,sobol,0,72,175.14632469072916,183.83143789933789,4.534224750008434,0.9104610923677683
fixed,solar,sobol,0,73,175.14632469072916,183.83143789933789,4.609962208662182,0.9233584264293313
fixed,solar,sobol,0,74,175.14632469072916,183.83143789933789,4.68178612459451,0.9353496767580509
fixed,solar,sobol,0,75,175.14632469072916,183.83143789933789,4.753867249935865,0.947377884760499
fixed,solar,sobol,0,76,175.14632469072916,183.83143789933789,4.8292049169540405,0.9598707598634064
fixed,solar,sobol,0,77,175.14632469072916,183.83143789933789,4.906682958826423,0.9731100942008197
fixed,solar,sobol,0,78,175.14632469072916,183.83143789933789,4.983705708757043,0.9858510112389922
fixed,solar,sobol,0,79,175.14632469072916,183.83143789933789,5.063402166590095,0.998413385823369
fixed,solar,sobol,0,80,175.14632469072916,183.83143789933789,5.144859749823809,1.0120989689603448
fixed,solar,sobol,0,81,175.14632469072916,183.83143789933789,5.223972916603088,1.0255207610316575
fixed,solar,sobol,0,82,175.14632469072916,183.83143789933789,5.301329291891307,1.0383308450691402
fixed,solar,sobol,0,83,175.14632469072916,183.83143789933789,5.376588374841958,1.050834387075156
fixed,solar,sobol,0,84,175.14632469072916,183.83143789933789,5.453849708661437,1.06435759505257
fixed,solar,sobol,0,85,175.14632469072916,183.83143789933789,5.5300358748063445,1.0774765121750534
fixed,solar,sobol,0,86,175.14632469072916,183.83143789933789,5.606825458817184,1.0902392622083426
fixed,solar,sobol,0,87,175.14632469072916,183.83143789933789,5.688632458914071,1.1031304290518165
fixed,solar,sobol,0,88,175.14632469072916,183.83143789933789,5.766481916885823,1.116314179264009
fixed,solar,sobol,0,89,175.14632469072916,183.83143789933789,5.842367291916162,1.129545179195702
fixed,solar,sobol,0,90,175.14632469072916,183.83143789933789,5.9175456669181585,1.141524970997125
fixed,solar,sobol,0,91,175.14632469072916,183.83143789933789,5.992598333861679,1.1533834710717201
fixed,solar,sobol,0,92,175.14632469072916,183.83143789933789,6.069029749836773,1.1658068457618356
fixed,solar,sobol,0,93,175.14632469072916,183.83143789933789,6.145542874932289,1.1785433036275208
fixed,solar,sobol,0,94,175.14632469072916,183.83143789933789,6.2235827087424695,1.1904882206581533
fixed,solar,sobol,0,95,175.14632469072916,183.83143789933789,6.304701083805412,1.2034056787379086
fixed,solar,sobol,0,96,175.14632469072916,183.83143789933789,6.422455166932195,1.215917095541954
fixed,solar,bo,0,1,191.98929190706218,183.83143789933789,0.08665416715666652,0.012480458244681358
fixed,solar,bo,0,2,191.98929190706218,183.83143789933789,0.13756591686978936,0.024583416059613228
fixed,solar,bo,0,3,179.07451587644834,183.83143789933789,0.18834954220801592,0.036521332804113626
fixed,solar,bo,0,4,179.07451587644834,183.83143789933789,0.2409940422512591,0.0489504998549819
fixed,solar,bo,0,5,175.4872818523409,183.83143789933789,0.35785912489518523,0.060892459005117416
fixed,solar,bo,0,6,175.4872818523409,183.83143789933789,0.45707941707223654,0.0734482929110527
fixed,solar,bo,0,7,175.4872818523409,183.83143789933789,0.5733096250332892,0.085808583535254
fixed,solar,bo,0,8,175.2746232502668,183.83143789933789,0.6989583340473473,0.0979537507519126
fixed,solar,bo,0,9,175.08135521329856,183.83143789933789,0.8627865421585739,0.11051000049337745
fixed,solar,bo,0,10,175.07914026839168,183.83143789933789,1.0565796671435237,0.12315616756677628
fixed,solar,bo,0,11,175.0775599041313,183.83143789933789,1.277823000214994,0.13585770968347788
fixed,solar,bo,0,12,175.0775599041313,183.83143789933789,1.465158292092383,0.1488600019365549
fixed,solar,bo,0,13,175.0775599041313,183.83143789933789,1.6733017922379076,0.16154741868376732
fixed,solar,bo,0,14,175.0775599041313,183.83143789933789,2.58935704221949,0.17341658473014832
fixed,solar,bo,0,15,175.0775599041313,183.83143789933789,3.4335278342477977,0.18567800195887685
fixed,solar,bo,0,16,175.0775599041313,183.83143789933789,3.8950781668536365,0.1983752097003162
fixed,solar,bo,0,17,175.0775599041313,183.83143789933789,4.922028624918312,0.21160491881892085
fixed,solar,bo,0,18,175.0775599041313,183.83143789933789,5.924469708930701,0.22292050160467625
fixed,solar,bo,0,19,175.0775599041313,183.83143789933789,6.12531075021252,0.23590695951133966
fixed,solar,bo,0,20,175.0775599041313,183.83143789933789,7.129649791866541,0.249184625223279
fixed,solar,bo,0,21,175.0775599041313,183.83143789933789,7.345414958894253,0.26196274999529123
fixed,solar,bo,0,22,175.0775599041313,183.83143789933789,7.546051959041506,0.2761555826291442
fixed,solar,bo,0,23,175.0775599041313,183.83143789933789,7.752246292307973,0.28887995798140764
fixed,solar,bo,0,24,175.0775599041313,183.83143789933789,7.960909250192344,0.3016474167816341
fixed,solar,bo,0,25,175.0775599041313,183.83143789933789,8.208508667070419,0.31447479175403714
fixed,solar,bo,0,26,175.0775599041313,183.83143789933789,8.431729041971266,0.3273124163970351
fixed,solar,bo,0,27,175.0775599041313,183.83143789933789,9.342701292131096,0.33924108324572444
fixed,solar,bo,0,28,175.0775599041313,183.83143789933789,9.558728917036206,0.35191424936056137
fixed,solar,bo,0,29,175.0775599041313,183.83143789933789,10.8539714589715,0.3652865826152265
fixed,solar,bo,0,30,175.0775599041313,183.83143789933789,11.100853125099093,0.3772009997628629
fixed,solar,bo,0,31,175.0775599041313,183.83143789933789,11.342535042203963,0.389147374778986
fixed,solar,bo,0,32,175.0775599041313,183.83143789933789,12.174563624896109,0.4013382918201387
fixed,solar,bo,0,33,175.0775599041313,183.83143789933789,13.479214500170201,0.4148936257697642
fixed,solar,bo,0,34,175.0775599041313,183.83143789933789,13.940846417099237,0.4278633347712457
fixed,solar,bo,0,35,175.0775599041313,183.83143789933789,14.467052875086665,0.4400659594684839
fixed,solar,bo,0,36,175.0775599041313,183.83143789933789,14.967968916986138,0.45222262665629387
fixed,solar,bo,0,37,175.07752209494612,183.83143789933789,15.87565275002271,0.4656842518597841
fixed,solar,bo,0,38,175.07752209494612,183.83143789933789,16.946254167240113,0.478642001748085
fixed,solar,bo,0,39,175.07752209494612,183.83143789933789,17.720570833887905,0.4920817515812814
fixed,solar,bo,0,40,175.07752209494612,183.83143789933789,18.969029792118818,0.5076358765363693
fixed,solar,bo,0,41,175.07752209494612,183.83143789933789,20.2892174590379,0.5211973763071001
fixed,solar,bo,0,42,175.07752209494612,183.83143789933789,21.86589795909822,0.5352847091853619
fixed,solar,bo,0,43,175.07752209494612,183.83143789933789,23.31854454195127,0.5483586671762168
fixed,solar,bo,0,44,175.07752209494612,183.83143789933789,24.659853416960686,0.5616357922554016
fixed,solar,bo,0,45,175.07752209494612,183.83143789933789,25.926672417204827,0.5741602089256048
fixed,solar,bo,0,46,175.07752209494612,183.83143789933789,27.04345495905727,0.5869741667993367
fixed,solar,bo,0,47,175.07752209494612,183.83143789933789,28.25824150023982,0.5991723760962486
fixed,solar,bo,0,48,175.07752209494612,183.83143789933789,29.737741709221154,0.612705709412694
fixed,solar,bo,0,49,175.07752209494612,183.83143789933789,30.726503167301416,0.6253376682288945
fixed,solar,bo,0,50,175.07752209494612,183.83143789933789,32.04208775004372,0.6374265430495143
fixed,solar,bo,0,51,175.07752209494612,183.83143789933789,33.13574633421376,0.6515786680392921
fixed,solar,bo,0,52,175.07752209494612,183.83143789933789,34.419713667128235,0.6651893351227045
fixed,solar,bo,0,53,175.07750815692842,183.83143789933789,34.691990917082876,0.6778823770582676
fixed,solar,bo,0,54,175.07750815692842,183.83143789933789,35.97100875014439,0.6911169192753732
fixed,solar,bo,0,55,175.07750815692842,183.83143789933789,37.16493825009093,0.7039781273342669
fixed,solar,bo,0,56,175.07750815692842,183.83143789933789,37.81989425001666,0.7166107934899628
fixed,solar,bo,0,57,175.07750815692842,183.83143789933789,39.084346333984286,0.7302003353834152
fixed,solar,bo,0,58,175.07750609711547,183.83143789933789,39.68596529215574,0.7429747525602579
fixed,solar,bo,0,59,175.07750609711547,183.83143789933789,40.90678487485275,0.7551867524161935
fixed,solar,bo,0,60,175.07750609711547,183.83143789933789,41.22900479193777,0.7678160024806857
fixed,solar,bo,0,61,175.07750609711547,183.83143789933789,41.608487834222615,0.7806351692415774
fixed,solar,bo,0,62,175.07750609711547,183.83143789933789,42.35318720899522,0.793637378141284
fixed,solar,bo,0,63,175.07750609711547,183.83143789933789,43.66627758415416,0.8070474620908499
fixed,solar,bo,0,64,175.07750609711547,183.83143789933789,45.19472979195416,0.819547045044601
fixed,solar,bo,0,65,175.07750609711547,183.83143789933789,46.51700245914981,0.8325226288288832
fixed,solar,bo,0,66,175.07750609711547,183.83143789933789,48.498112875036895,0.8452619621530175
fixed,solar,bo,0,67,175.07750609711547,183.83143789933789,50.70705379219726,0.8716582953929901
fixed,solar,bo,0,68,175.07750609711547,183.83143789933789,52.04513604193926,0.8852833793498576
fixed,solar,bo,0,69,175.07750609711547,183.83143789933789,54.20089341700077,0.9021462546661496
fixed,solar,bo,0,70,175.07750609711547,183.83143789933789,56.049789334181696,0.9160470049828291
fixed,solar,bo,0,71,175.07750609711547,183.83143789933789,57.67858295887709,0.931946880184114
fixed,solar,bo,0,72,175.07750609711547,183.83143789933789,59.43137066718191,0.9617820051498711
fixed,solar,bo,0,73,175.07750609711547,183.83143789933789,61.21196766709909,0.9784874222241342
fixed,solar,bo,0,74,175.07750609711547,183.83143789933789,62.65791629208252,0.9955676719546318
fixed,solar,bo,0,75,175.07750609711547,183.83143789933789,64.49821479199454,1.0102828796952963
fixed,solar,bo,0,76,175.07750609711547,183.83143789933789,66.31107879197225,1.0289082126691937
fixed,solar,bo,0,77,175.07750609711547,183.83143789933789,67.52180441701785,1.0407502129673958
fixed,solar,bo,0,78,175.07750609711547,183.83143789933789,67.86773487506434,1.0559590877965093
fixed,solar,bo,0,79,175.07750609711547,183.83143789933789,68.22385987499729,1.070651379879564
fixed,solar,bo,0,80,175.07750609711547,183.83143789933789,69.13187795924023,1.0856080460362136
fixed,solar,bo,0,81,175.07750609711547,183.83143789933789,70.54397504217923,1.0978980460204184
fixed,solar,bo,0,82,175.07750609711547,183.83143789933789,72.22067458415404,1.1134925461374223
fixed,solar,bo,0,83,175.07750609711547,183.83143789933789,73.41304524987936,1.1265531303361058
fixed,solar,bo,0,84,175.07750609711547,183.83143789933789,74.99487658403814,1.1408688393421471
fixed,solar,bo,0,85,175.07750609711547,183.83143789933789,76.79922658391297,1.154491423163563
fixed,solar,bo,0,86,175.07750609711547,183.83143789933789,78.36341370921582,1.166734965518117
fixed,solar,bo,0,87,175.07750609711547,183.83143789933789,79.88456379203126,1.181921923533082
fixed,solar,bo,0,88,175.07750609711547,183.83143789933789,81.24215770885348,1.1951064644381404
fixed,solar,bo,0,89,175.07750609711547,183.83143789933789,82.09836604213342,1.2082897564396262
fixed,solar,bo,0,90,175.07750609711547,183.83143789933789,83.98845137516037,1.2275827564299107
fixed,solar,bo,0,91,175.07750609711547,183.83143789933789,86.38312420900911,1.2420137147419155
fixed,solar,bo,0,92,175.07750609711547,183.83143789933789,87.98599320929497,1.259231130592525
fixed,solar,bo,0,93,175.07750609711547,183.83143789933789,89.94443050026894,1.2744550895877182
fixed,solar,bo,0,94,175.07750609711547,183.83143789933789,91.71280391700566,1.2882614224217832
fixed,solar,bo,0,95,175.07750609711547,183.83143789933789,93.20222591701895,1.3011175054125488
fixed,solar,bo,0,96,175.07750609711547,183.83143789933789,94.77818645909429,1.3146545477211475
fixed,solar,sobol,1,1,248.67718066931397,183.83143789933789,0.09945387486368418,0.013652415946125984
fixed,solar,sobol,1,2,181.69178855993675,183.83143789933789,0.16069679195061326,0.0284314570017159
fixed,solar,sobol,1,3,181.69178855993675,183.83143789933789,0.21562316687777638,0.04199033183977008
fixed,solar,sobol,1,4,181.69178855993675,183.83143789933789,0.2729346673004329,0.05586095666512847
fixed,solar,sobol,1,5,176.78147777435927,183.83143789933789,0.33056308329105377,0.07005399884656072
fixed,solar,sobol,1,6,176.78147777435927,183.83143789933789,0.38833924988284707,0.08459020685404539
fixed,solar,sobol,1,7,176.78147777435927,183.83143789933789,0.44806645810604095,0.09946537390351295
fixed,solar,sobol,1,8,176.78147777435927,183.83143789933789,0.5067455829121172,0.11190891591832042
fixed,solar,sobol,1,9,176.78147777435927,183.83143789933789,0.5657334579154849,0.1258701658807695
fixed,solar,sobol,1,10,176.78147777435927,183.83143789933789,0.627769417129457,0.14031287375837564
fixed,solar,sobol,1,11,176.13317631180675,183.83143789933789,0.6898957919329405,0.15398870734497905
fixed,solar,sobol,1,12,176.13317631180675,183.83143789933789,0.752893625292927,0.16793233202770352
fixed,solar,sobol,1,13,176.13317631180675,183.83143789933789,0.818216749932617,0.1810848731547594
fixed,solar,sobol,1,14,176.13317631180675,183.83143789933789,0.8839801670983434,0.19597033131867647
fixed,solar,sobol,1,15,176.13317631180675,183.83143789933789,0.9611301668919623,0.2101157894358039
fixed,solar,sobol,1,16,176.13317631180675,183.83143789933789,1.0257419580593705,0.2242719973437488
fixed,solar,sobol,1,17,176.13317631180675,183.83143789933789,1.0899494579061866,0.2381550814025104
fixed,solar,sobol,1,18,176.13317631180675,183.83143789933789,1.1540173753164709,0.25271945632994175
fixed,solar,sobol,1,19,176.13317631180675,183.83143789933789,1.218726749997586,0.2665780810639262
fixed,solar,sobol,1,20,176.13317631180675,183.83143789933789,1.285012791864574,0.2810212899930775
fixed,solar,sobol,1,21,176.13317631180675,183.83143789933789,1.3498928332701325,0.2947948728688061
fixed,solar,sobol,1,22,176.13317631180675,183.83143789933789,1.4126306250691414,0.3086099149659276
fixed,solar,sobol,1,23,176.13317631180675,183.83143789933789,1.4799190419726074,0.3231100398115814
fixed,solar,sobol,1,24,176.13317631180675,183.83143789933789,1.5423426670022309,0.33678120700642467
fixed,solar,sobol,1,25,175.11339502934877,183.83143789933789,1.6052323332987726,0.35046420665457845
fixed,solar,sobol,1,26,175.11339502934877,183.83143789933789,1.6689766668714583,0.3648112486116588
fixed,solar,sobol,1,27,175.11339502934877,183.83143789933789,1.7345582502894104,0.37963329069316387
fixed,solar,sobol,1,28,175.11339502934877,183.83143789933789,1.7986021251417696,0.3931751656346023
fixed,solar,sobol,1,29,175.11339502934877,183.83143789933789,1.8628611671738327,0.406955998390913
fixed,solar,sobol,1,30,175.11339502934877,183.83143789933789,1.92785366717726,0.42124108131974936
fixed,solar,sobol,1,31,175.11339502934877,183.83143789933789,1.9938852922059596,0.43589366413652897
fixed,solar,sobol,1,32,175.11339502934877,183.83143789933789,2.057584083173424,0.4498843722976744
fixed,solar,sobol,1,33,175.11339502934877,183.83143789933789,2.1228247922845185,0.4627682897262275
fixed,solar,sobol,1,34,175.11339502934877,183.83143789933789,2.184665707871318,0.4761307896114886
fixed,solar,sobol,1,35,175.11339502934877,183.83143789933789,2.248379750177264,0.4900316223502159
fixed,solar,sobol,1,36,175.11339502934877,183.83143789933789,2.3114475421607494,0.5033827894367278
fixed,solar,sobol,1,37,175.11339502934877,183.83143789933789,2.3754252921789885,0.5164383314549923
fixed,solar,sobol,1,38,175.11339502934877,183.83143789933789,2.4401209582574666,0.5298046222887933
fixed,solar,sobol,1,39,175.11339502934877,183.83143789933789,2.505599250085652,0.5430858312174678
fixed,solar,sobol,1,40,175.11339502934877,183.83143789933789,2.574298582971096,0.5558786643669009
fixed,solar,sobol,1,41,175.11339502934877,183.83143789933789,2.640694750007242,0.5688572893850505
fixed,solar,sobol,1,42,175.11339502934877,183.83143789933789,2.725097583141178,0.5828629564493895
fixed,solar,sobol,1,43,175.11339502934877,183.83143789933789,2.7931059170514345,0.5965625406242907
fixed,solar,sobol,1,44,175.11339502934877,183.83143789933789,2.862214958295226,0.6098307487554848
fixed,solar,sobol,1,45,175.11339502934877,183.83143789933789,2.933761917054653,0.6224200404249132
fixed,solar,sobol,1,46,175.11339502934877,183.83143789933789,3.0038936669006944,0.6356396246701479
fixed,solar,sobol,1,47,175.11339502934877,183.83143789933789,3.0746470419690013,0.6488965824246407
fixed,solar,sobol,1,48,175.11339502934877,183.83143789933789,3.145359667018056,0.661554207559675
fixed,solar,sobol,1,49,175.11339502934877,183.83143789933789,3.214810499921441,0.6746099153533578
fixed,solar,sobol,1,50,175.11339502934877,183.83143789933789,3.284617249853909,0.6878291657194495
fixed,solar,sobol,1,51,175.11339502934877,183.83143789933789,3.3581859171390533,0.7020474984310567
fixed,solar,sobol,1,52,175.11339502934877,183.83143789933789,3.4328162921592593,0.7161821653135121
fixed,solar,sobol,1,53,175.11339502934877,183.83143789933789,3.5053733331151307,0.7296165814623237
fixed,solar,sobol,1,54,175.11339502934877,183.83143789933789,3.5745162502862513,0.7439734973013401
fixed,solar,sobol,1,55,175.11339502934877,183.83143789933789,3.645550708286464,0.7574812471866608
fixed,solar,sobol,1,56,175.11339502934877,183.83143789933789,3.716157332994044,0.7703465381637216
fixed,solar,sobol,1,57,175.11339502934877,183.83143789933789,3.7866585832089186,0.7828103713691235
fixed,solar,sobol,1,58,175.11339502934877,183.83143789933789,3.859770250041038,0.7962017874233425
fixed,solar,sobol,1,59,175.11339502934877,183.83143789933789,3.9298841250129044,0.8096154537051916
fixed,solar,sobol,1,60,175.11339502934877,183.83143789933789,3.9995975829660892,0.8224093290045857
fixed,solar,sobol,1,61,175.11339502934877,183.83143789933789,4.0704679582268,0.8353779120370746
fixed,solar,sobol,1,62,175.11339502934877,183.83143789933789,4.140734292101115,0.8487018700689077
fixed,solar,sobol,1,63,175.11339502934877,183.83143789933789,4.21097100013867,0.8618624117225409
fixed,solar,sobol,1,64,175.11339502934877,183.83143789933789,4.281790417153388,0.8745534117333591
fixed,solar,sobol,1,65,175.11339502934877,183.83143789933789,4.353461416903883,0.886851369868964
fixed,solar,sobol,1,66,175.11339502934877,183.83143789933789,4.430432457942516,0.9003289947286248
fixed,solar,sobol,1,67,175.11339502934877,183.83143789933789,4.504797958303243,0.9138540774583817
fixed,solar,sobol,1,68,175.11339502934877,183.83143789933789,4.579559583216906,0.9269634112715721
fixed,solar,sobol,1,69,175.11339502934877,183.83143789933789,4.652246166951954,0.939478786662221
fixed,solar,sobol,1,70,175.11339502934877,183.83143789933789,4.732025958131999,0.9529389115050435
fixed,solar,sobol,1,71,175.11339502934877,183.83143789933789,4.814313792157918,0.9664459945634007
fixed,solar,sobol,1,72,175.11339502934877,183.83143789933789,4.9598499168641865,0.978177119512111
fixed,solar,sobol,1,73,175.11339502934877,183.83143789933789,5.034975292161107,0.9902432863600552
fixed,solar,sobol,1,74,175.11339502934877,183.83143789933789,5.1095920000225306,1.003098743967712
fixed,solar,sobol,1,75,175.11339502934877,183.83143789933789,5.182153750211,1.0158574106171727
fixed,solar,sobol,1,76,175.11339502934877,183.83143789933789,5.254753167275339,1.0279773697257042
fixed,solar,sobol,1,77,175.11339502934877,183.83143789933789,5.330759458243847,1.040276327636093
fixed,solar,sobol,1,78,175.11339502934877,183.83143789933789,5.405630332883447,1.053115994669497
fixed,solar,sobol,1,79,175.11339502934877,183.83143789933789,5.481022832915187,1.0657575777731836
fixed,solar,sobol,1,80,175.11339502934877,183.83143789933789,5.556194667238742,1.0781457861885428
fixed,solar,sobol,1,81,175.11339502934877,183.83143789933789,5.63303487515077,1.0901084942743182
fixed,solar,sobol,1,82,175.11339502934877,183.83143789933789,5.714303125161678,1.103842577431351
fixed,solar,sobol,1,83,175.11339502934877,183.83143789933789,5.796049499884248,1.1171075776219368
fixed,solar,sobol,1,84,175.11339502934877,183.83143789933789,5.875898375175893,1.1302461186423898
fixed,solar,sobol,1,85,175.11339502934877,183.83143789933789,5.9571104580536485,1.1430581184104085
fixed,solar,sobol,1,86,175.11339502934877,183.83143789933789,6.03910395829007,1.1563476184383035
fixed,solar,sobol,1,87,175.11339502934877,183.83143789933789,6.123373041860759,1.1698343264870346
fixed,solar,sobol,1,88,175.11339502934877,183.83143789933789,6.203720625024289,1.1828193264082074
fixed,solar,sobol,1,89,175.11339502934877,183.83143789933789,6.2827335419133306,1.1957441181875765
fixed,solar,sobol,1,90,175.11339502934877,183.83143789933789,6.363761582877487,1.2095697433687747
fixed,solar,sobol,1,91,175.11339502934877,183.83143789933789,6.447466708254069,1.222965743392706
fixed,solar,sobol,1,92,175.11339502934877,183.83143789933789,6.528586708009243,1.23578782659024
fixed,solar,sobol,1,93,175.11339502934877,183.83143789933789,6.610795750282705,1.248566451948136
fixed,solar,sobol,1,94,175.11339502934877,183.83143789933789,6.69292675005272,1.2616197429597378
fixed,solar,sobol,1,95,175.11339502934877,183.83143789933789,6.777477917261422,1.2748871599324048
fixed,solar,sobol,1,96,175.11339502934877,183.83143789933789,6.906523542013019,1.2875439510680735
fixed,solar,bo,1,1,248.67718066931397,183.83143789933789,0.0928593329153955,0.012749291956424713
fixed,solar,bo,1,2,181.69178855993675,183.83143789933789,0.14698358299210668,0.026114792097359896
fixed,solar,bo,1,3,181.69178855993675,183.83143789933789,0.20144829200580716,0.039577126037329435
fixed,solar,bo,1,4,181.69178855993675,183.83143789933789,0.2554417918436229,0.05157941719517112
fixed,solar,bo,1,5,179.37533179144458,183.83143789933789,0.37580187479034066,0.06373229203745723
fixed,solar,bo,1,6,179.37533179144458,183.83143789933789,0.4920020829886198,0.0764812920242548
fixed,solar,bo,1,7,175.0775624702757,183.83143789933789,0.6423220001161098,0.08870545821264386
fixed,solar,bo,1,8,175.0775624702757,183.83143789933789,0.8030771669000387,0.1015978753566742
fixed,solar,bo,1,9,175.0775624702757,183.83143789933789,0.9855622500181198,0.11428033420816064
fixed,solar,bo,1,10,175.0775624702757,183.83143789933789,1.1668820828199387,0.12585404329001904
fixed,solar,bo,1,11,175.0775624702757,183.83143789933789,1.3198871668428183,0.13895433535799384
fixed,solar,bo,1,12,175.0775624702757,183.83143789933789,1.8633144577033818,0.15306246047839522
fixed,solar,bo,1,13,175.0775624702757,183.83143789933789,2.8415638748556376,0.16585991950705647
fixed,solar,bo,1,14,175.0775624702757,183.83143789933789,3.9386037080548704,0.1807019617408514
fixed,solar,bo,1,15,175.0775624702757,183.83143789933789,5.127579249907285,0.19506833655759692
fixed,solar,bo,1,16,175.0775624702757,183.83143789933789,5.361971624661237,0.2098047537729144
fixed,solar,bo,1,17,175.0775624702757,183.83143789933789,5.663280041888356,0.22373237879946828
fixed,solar,bo,1,18,175.0775624702757,183.83143789933789,6.253079916816205,0.23643733747303486
fixed,solar,bo,1,19,175.0775624702757,183.83143789933789,7.4824799578636885,0.25214567175135016
fixed,solar,bo,1,20,175.0775624702757,183.83143789933789,8.567538042087108,0.2682515890337527
fixed,solar,bo,1,21,175.0775624702757,183.83143789933789,9.615946624893695,0.2793096313253045
fixed,solar,bo,1,22,175.0775624702757,183.83143789933789,10.526826167013496,0.30632558930665255
fixed,solar,bo,1,23,175.0775624702757,183.83143789933789,11.941430292092264,0.31794217228889465
fixed,solar,bo,1,24,175.0775624702757,183.83143789933789,12.822229041717947,0.3309640474617481
fixed,solar,bo,1,25,175.0775624702757,183.83143789933789,13.15757254185155,0.3532886723987758
fixed,solar,bo,1,26,175.0775624702757,183.83143789933789,13.54089945787564,0.3724824646487832
fixed,solar,bo,1,27,175.07751758727477,183.83143789933789,14.013895124662668,0.3895148397423327
fixed,solar,bo,1,28,175.07751758727477,183.83143789933789,15.924264624714851,0.4034291314892471
fixed,solar,bo,1,29,175.07751758727477,183.83143789933789,17.474682124797255,0.41716900654137135
fixed,solar,bo,1,30,175.07751758727477,183.83143789933789,19.170733917038888,0.43092667357996106
fixed,solar,bo,1,31,175.07751758727477,183.83143789933789,20.58267083298415,0.44464442366734147
fixed,solar,bo,1,32,175.07751758727477,183.83143789933789,21.91876308294013,0.4573980080895126
fixed,solar,bo,1,33,175.07751758727477,183.83143789933789,23.077151833102107,0.47135167522355914
fixed,solar,bo,1,34,175.07751758727477,183.83143789933789,24.8147768327035,0.4841545084491372
fixed,solar,bo,1,35,175.07751758727477,183.83143789933789,26.103300374932587,0.5036566336639225
fixed,solar,bo,1,36,175.07751758727477,183.83143789933789,26.474283291958272,0.5214472180232406
fixed,solar,bo,1,37,175.07751758727477,183.83143789933789,27.576953750103712,0.5355823840945959
fixed,solar,bo,1,38,175.07751758727477,183.83143789933789,28.693324042018503,0.5517349252477288
fixed,solar,bo,1,39,175.07751758727477,183.83143789933789,29.987213499844074,0.5669061755761504
fixed,solar,bo,1,40,175.07751758727477,183.83143789933789,30.57082466688007,0.5809525507502258
fixed,solar,bo,1,41,175.07750494311597,183.83143789933789,30.82322279177606,0.5937140085734427
fixed,solar,bo,1,42,175.07750494311597,183.83143789933789,32.372217749711126,0.6093985503539443
fixed,solar,bo,1,43,175.07750494311597,183.83143789933789,33.035400457680225,0.6233158833347261
fixed,solar,bo,1,44,175.07750494311597,183.83143789933789,34.225967874750495,0.6389620495028794
fixed,solar,bo,1,45,175.07750494311597,183.83143789933789,35.684004249982536,0.653188715223223
fixed,solar,bo,1,46,175.07750494311597,183.83143789933789,36.010759124998,0.6684424243867397
fixed,solar,bo,1,47,175.07750494311597,183.83143789933789,37.16237383289263,0.6828795913606882
fixed,solar,bo,1,48,175.07750494311597,183.83143789933789,37.46713220793754,0.6982017164118588
fixed,solar,bo,1,49,175.07750494311597,183.83143789933789,38.781718666665256,0.71323525859043
fixed,solar,bo,1,50,175.07750494311597,183.83143789933789,39.497493375092745,0.7272355086170137
fixed,solar,bo,1,51,175.07750494311597,183.83143789933789,40.912150541786104,0.7422017585486174
fixed,solar,bo,1,52,175.07750494311597,183.83143789933789,42.176745374687016,0.7564055914990604
fixed,solar,bo,1,53,175.07750494311597,183.83143789933789,43.59754958283156,0.7719408413395286
fixed,solar,bo,1,54,175.07750494311597,183.83143789933789,45.00650666700676,0.7870314242318273
fixed,solar,bo,1,55,175.07750494311597,183.83143789933789,45.67797837499529,0.8016956741921604
fixed,solar,bo,1,56,175.07750494311597,183.83143789933789,46.74552770797163,0.8167985072359443
fixed,solar,bo,1,57,175.07750494311597,183.83143789933789,48.1770403329283,0.831892381887883
fixed,solar,bo,1,58,175.07750494311597,183.83143789933789,48.90479112509638,0.8436766318045557
fixed,solar,bo,1,59,175.07750494311597,183.83143789933789,50.147491292096674,0.8586925487034023
fixed,solar,bo,1,60,175.07750494311597,183.83143789933789,50.78894312493503,0.8729682564735413
fixed,solar,bo,1,61,175.0775041717465,183.83143789933789,51.79517100006342,0.8861355064436793
fixed,solar,bo,1,62,175.0775041717465,183.83143789933789,52.7960057919845,0.9002682147547603
fixed,solar,bo,1,63,175.0775041717465,183.83143789933789,54.13404416712001,0.9148078397847712
fixed,solar,bo,1,64,175.0775041717465,183.83143789933789,55.351320082787424,0.9297366314567626
fixed,solar,bo,1,65,175.0775041717465,183.83143789933789,55.703066541813314,0.9404852562583983
fixed,solar,bo,1,66,175.0775041717465,183.83143789933789,57.180510374717414,0.9552802140824497
fixed,solar,bo,1,67,175.0775041717465,183.83143789933789,57.571311791893095,0.9706660471856594
fixed,solar,bo,1,68,175.0775041717465,183.83143789933789,59.05314991669729,0.9841235894709826
fixed,solar,bo,1,69,175.0775041717465,183.83143789933789,60.596342832781374,0.9981488394550979
fixed,solar,bo,1,70,175.0775041717465,183.83143789933789,60.93605066696182,1.0119648803956807
fixed,solar,bo,1,71,175.0775041717465,183.83143789933789,62.33461745781824,1.0263002556748688
fixed,solar,bo,1,72,175.0775041717465,183.83143789933789,63.69944929191843,1.0391669226810336
fixed,solar,bo,1,73,175.0775041717465,183.83143789933789,64.78793558292091,1.0522770886309445
fixed,solar,bo,1,74,175.0775041717465,183.83143789933789,66.14191741682589,1.0670654214918613
fixed,solar,bo,1,75,175.0775041717465,183.83143789933789,68.18262662505731,1.0915324636735022
fixed,solar,bo,1,76,175.0775041717465,183.83143789933789,70.00896904198453,1.1080691306851804
fixed,solar,bo,1,77,175.0775041717465,183.83143789933789,71.67085141688585,1.1217140476219356
fixed,solar,bo,1,78,175.0775041717465,183.83143789933789,72.42519233282655,1.1352521725930274
fixed,solar,bo,1,79,175.0775041717465,183.83143789933789,72.85472691711038,1.1480037136934698
fixed,solar,bo,1,80,175.0775041717465,183.83143789933789,74.3483499167487,1.1610154639929533
fixed,solar,bo,1,81,175.0775041717465,183.83143789933789,75.63593870773911,1.1737480470910668
fixed,solar,bo,1,82,175.0775041717465,183.83143789933789,75.97256637504324,1.1870508389547467
fixed,solar,bo,1,83,175.0775041717465,183.83143789933789,77.45903741708025,1.2011908809654415
fixed,solar,bo,1,84,175.0775041717465,183.83143789933789,77.77216466702521,1.2144990479573607
fixed,solar,bo,1,85,175.0775041717465,183.83143789933789,79.01506558293477,1.2273238389752805
fixed,solar,bo,1,86,175.0775041717465,183.83143789933789,80.26309020770714,1.2407541312277317
fixed,solar,bo,1,87,175.0775041717465,183.83143789933789,80.59573141671717,1.253366089425981
fixed,solar,bo,1,88,175.0775041717465,183.83143789933789,82.03814004175365,1.2662013391964138
fixed,solar,bo,1,89,175.0775041717465,183.83143789933789,82.33504962502047,1.2783443392254412
fixed,solar,bo,1,90,175.0775041717465,183.83143789933789,84.16130066709593,1.2912304643541574
fixed,solar,bo,1,91,175.0775041717465,183.83143789933789,85.71050283266231,1.3046100474894047
fixed,solar,bo,1,92,175.0775041717465,183.83143789933789,87.22205170802772,1.3175159646198153
fixed,solar,bo,1,93,175.0775041717465,183.83143789933789,88.71550312498584,1.3305508396588266
fixed,solar,bo,1,94,175.0775041717465,183.83143789933789,90.1328858747147,1.343977506738156
fixed,solar,bo,1,95,175.0775041717465,183.83143789933789,90.46785412495956,1.356838881969452
fixed,solar,bo,1,96,175.0775041717465,183.83143789933789,92.17495408281684,1.3696290482766926
fixed,solar,random,1,1,175.50436318663702,183.83143789933789,0.08663016697391868,0.012718832585960627
fixed,solar,random,1,2,175.50436318663702,183.83143789933789,0.13817108422517776,0.02641337364912033
fixed,solar,random,1,3,175.50436318663702,183.83143789933789,0.19045854220166802,0.03994358191266656
fixed,solar,random,1,4,175.50436318663702,183.83143789933789,0.24247945938259363,0.05275991605594754
fixed,solar,random,1,5,175.50436318663702,183.83143789933789,0.29730308428406715,0.06650429079309106
fixed,solar,random,1,6,175.50436318663702,183.83143789933789,0.3525791671127081,0.0800523329526186
fixed,solar,random,1,7,175.50436318663702,183.83143789933789,0.40554883424192667,0.09353249985724688
fixed,solar,random,1,8,175.50436318663702,183.83143789933789,0.4595379591919482,0.1072588749229908
fixed,solar,random,1,9,175.50436318663702,183.83143789933789,0.512020209338516,0.12008333299309015
fixed,solar,random,1,10,175.50436318663702,183.83143789933789,0.5649973340332508,0.13306487491354346
fixed,solar,random,1,11,175.50436318663702,183.83143789933789,0.6188066252507269,0.14578991569578648
fixed,solar,random,1,12,175.50436318663702,183.83143789933789,0.6714251670055091,0.15859362483024597
fixed,solar,random,1,13,175.50436318663702,183.83143789933789,0.7228510002605617,0.17097341688349843
fixed,solar,random,1,14,175.07793636465613,183.83143789933789,0.7751022502779961,0.18291158275678754
fixed,solar,random,1,15,175.07793636465613,183.83143789933789,0.8282425841316581,0.19536458235234022
fixed,solar,random,1,16,175.07793636465613,183.83143789933789,0.8816892923787236,0.2076383326202631
fixed,solar,random,1,17,175.07793636465613,183.83143789933789,0.9359562089666724,0.21998862456530333
fixed,solar,random,1,18,175.07793636465613,183.83143789933789,0.9894685000181198,0.23274291632696986
fixed,solar,random,1,19,175.07793636465613,183.83143789933789,1.041450667195022,0.2447499162517488
fixed,solar,random,1,20,175.07793636465613,183.83143789933789,1.094268084038049,0.25701949931681156
fixed,solar,random,1,21,175.07793636465613,183.83143789933789,1.1467972924001515,0.2689282074570656
fixed,solar,random,1,22,175.07793636465613,183.83143789933789,1.1996351252309978,0.28145195730030537
fixed,solar,random,1,23,175.07793636465613,183.83143789933789,1.2530844593420625,0.293693998362869
fixed,solar,random,1,24,175.07793636465613,183.83143789933789,1.3068157923407853,0.3057167064398527
fixed,solar,random,1,25,175.07793636465613,183.83143789933789,1.3636608342640102,0.3175582066178322
fixed,solar,random,1,26,175.07793636465613,183.83143789933789,1.4181126253679395,0.3293868312612176
fixed,solar,random,1,27,175.07793636465613,183.83143789933789,1.4770706249400973,0.3417901643551886
fixed,solar,random,1,28,175.07793636465613,183.83143789933789,1.5333605003543198,0.3547576223500073
fixed,solar,random,1,29,175.07793636465613,183.83143789933789,1.58919637510553,0.36739149736240506
fixed,solar,random,1,30,175.07793636465613,183.83143789933789,1.6454883753322065,0.3795589143410325
fixed,solar,random,1,31,175.07793636465613,183.83143789933789,1.7018586252816021,0.3916932479478419
fixed,solar,random,1,32,175.07793636465613,183.83143789933789,1.7599312090314925,0.4043513312935829
fixed,solar,random,1,33,175.07793636465613,183.83143789933789,1.820348083972931,0.4174096235074103
fixed,solar,random,1,34,175.07793636465613,183.83143789933789,1.8786154589615762,0.4297087895683944
fixed,solar,random,1,35,175.07793636465613,183.83143789933789,1.9380839592777193,0.4417832475155592
fixed,solar,random,1,36,175.07793636465613,183.83143789933789,1.997325542382896,0.4537399555556476
fixed,solar,random,1,37,175.07793636465613,183.83143789933789,2.059269584249705,0.4657652899622917
fixed,solar,random,1,38,175.07793636465613,183.83143789933789,2.123027792200446,0.4785135821439326
fixed,solar,random,1,39,175.07793636465613,183.83143789933789,2.1858497499488294,0.49112620716914535
fixed,solar,random,1,40,175.07793636465613,183.83143789933789,2.2505347500555217,0.5044642491266131
fixed,solar,random,1,41,175.07793636465613,183.83143789933789,2.3190977503545582,0.5180776240304112
fixed,solar,random,1,42,175.07793636465613,183.83143789933789,2.3847924172878265,0.531185916159302
fixed,solar,random,1,43,175.07793636465613,183.83143789933789,2.450124042108655,0.5445302911102772
fixed,solar,random,1,44,175.07793636465613,183.83143789933789,2.514398209284991,0.5575031661428511
fixed,solar,random,1,45,175.07793636465613,183.83143789933789,2.5779185839928687,0.5709701664745808
fixed,solar,random,1,46,175.07793636465613,183.83143789933789,2.6546579590067267,0.5838230834342539
fixed,solar,random,1,47,175.07793636465613,183.83143789933789,2.7199933752417564,0.5969492923468351
fixed,solar,random,1,48,175.07793636465613,183.83143789933789,2.785236125346273,0.61052808444947
fixed,solar,random,1,49,175.07793636465613,183.83143789933789,2.8502582921646535,0.6238131262362003
fixed,solar,random,1,50,175.07793636465613,183.83143789933789,2.9164613340981305,0.637100460473448
fixed,solar,random,1,51,175.07793636465613,183.83143789933789,2.980021375231445,0.6505404193885624
fixed,solar,random,1,52,175.07793636465613,183.83143789933789,3.0463886251673102,0.6632053782232106
fixed,solar,random,1,53,175.07793636465613,183.83143789933789,3.108779584057629,0.6756842532195151
fixed,solar,random,1,54,175.07793636465613,183.83143789933789,3.171506750397384,0.6881051282398403
fixed,solar,random,1,55,175.07793636465613,183.83143789933789,3.236465667374432,0.7006860030815005
fixed,solar,random,1,56,175.07793636465613,183.83143789933789,3.3002246250398457,0.713070753030479
fixed,solar,random,1,57,175.07793636465613,183.83143789933789,3.3648242922499776,0.7256916691549122
fixed,solar,random,1,58,175.07793636465613,183.83143789933789,3.42863762518391,0.7378112943843007
fixed,solar,random,1,59,175.07793636465613,183.83143789933789,3.491906250361353,0.7495837113820016
fixed,solar,random,1,60,175.07793636465613,183.83143789933789,3.556268624961376,0.7615472944453359
fixed,solar,random,1,61,175.07793636465613,183.83143789933789,3.62252104235813,0.7736921282485127
fixed,solar,random,1,62,175.07793636465613,183.83143789933789,3.687923958990723,0.7857928364537656
fixed,solar,random,1,63,175.07793636465613,183.83143789933789,3.7535747922956944,0.7979310038499534
fixed,solar,random,1,64,175.07793636465613,183.83143789933789,3.8225843752734363,0.8104430451057851
fixed,solar,random,1,65,175.07793636465613,183.83143789933789,3.893396000377834,0.8230697116814554
fixed,solar,random,1,66,175.07793636465613,183.83143789933789,3.959986750036478,0.8351755039766431
fixed,solar,random,1,67,175.07793636465613,183.83143789933789,4.0257198750041425,0.8471667957492173
fixed,solar,random,1,68,175.07793636465613,183.83143789933789,4.093218334019184,0.8598139206878841
fixed,solar,random,1,69,175.07793636465613,183.83143789933789,4.161416459362954,0.8725385046564043
fixed,solar,random,1,70,175.07793636465613,183.83143789933789,4.229262792039663,0.8843954205513
fixed,solar,random,1,71,175.07793636465613,183.83143789933789,4.296559667214751,0.896289920900017
fixed,solar,random,1,72,175.07793636465613,183.83143789933789,4.365115334279835,0.9083155868574977
fixed,solar,random,1,73,175.07793636465613,183.83143789933789,4.433640875387937,0.9205826697871089
fixed,solar,random,1,74,175.07793636465613,183.83143789933789,4.504877584055066,0.9323456697165966
fixed,solar,random,1,75,175.07793636465613,183.83143789933789,4.5782062090002,0.9455492119304836
fixed,solar,random,1,76,175.07793636465613,183.83143789933789,4.652897458989173,0.9581445869989693
fixed,solar,random,1,77,175.07793636465613,183.83143789933789,4.728675625286996,0.9707786282524467
fixed,solar,random,1,78,175.07793636465613,183.83143789933789,4.800531834363937,0.982807170599699
fixed,solar,random,1,79,175.07793636465613,183.83143789933789,4.874635000247508,0.9947196706198156
fixed,solar,random,1,80,175.07793636465613,183.83143789933789,4.950803500134498,1.007521003484726
fixed,solar,random,1,81,175.07793636465613,183.83143789933789,5.027353791985661,1.0209305034950376
fixed,solar,random,1,82,175.07793636465613,183.83143789933789,5.1045975419692695,1.0341714206151664
fixed,solar,random,1,83,175.07793636465613,183.83143789933789,5.1818928751163185,1.0474545042961836
fixed,solar,random,1,84,175.07793636465613,183.83143789933789,5.3163109589368105,1.0599718792364001
fixed,solar,random,1,85,175.07793636465613,183.83143789933789,5.394341959152371,1.0731171295046806
fixed,solar,random,1,86,175.07793636465613,183.83143789933789,5.472075167112052,1.0865625874139369
fixed,solar,random,1,87,175.07793636465613,183.83143789933789,5.551054334267974,1.0995937534607947
fixed,solar,random,1,88,175.07793636465613,183.83143789933789,5.631841416936368,1.1129147531464696
fixed,solar,random,1,89,175.07793636465613,183.83143789933789,5.710099500138313,1.1257278779521585
fixed,solar,random,1,90,175.07793636465613,183.83143789933789,5.787644625175744,1.1384230447001755
fixed,solar,random,1,91,175.07793636465613,183.83143789933789,5.866467334330082,1.1513233776204288
fixed,solar,random,1,92,175.07793636465613,183.83143789933789,5.944323459174484,1.1645593773573637
fixed,solar,random,1,93,175.07793636465613,183.83143789933789,6.021955417003483,1.1773810856975615
fixed,solar,random,1,94,175.07793636465613,183.83143789933789,6.09992687497288,1.189941085409373
fixed,solar,random,1,95,175.07793636465613,183.83143789933789,6.178921959362924,1.2025890434160829
fixed,solar,random,1,96,175.07793636465613,183.83143789933789,6.29676862526685,1.215109918732196
fixed,solar,bo,2,1,232.58222879007022,183.83143789933789,0.08861191663891077,0.013354042079299688
fixed,solar,bo,2,2,177.05495208936324,183.83143789933789,0.14508741674944758,0.026750416960567236
fixed,solar,bo,2,3,177.05495208936324,183.83143789933789,0.19870454166084528,0.04017662489786744
fixed,solar,bo,2,4,177.05495208936324,183.83143789933789,0.2519641248509288,0.05268812458962202
fixed,solar,bo,2,5,177.05495208936324,183.83143789933789,0.3515831669792533,0.06484074983745813
fixed,solar,bo,2,6,177.05495208936324,183.83143789933789,0.4682023338973522,0.07733837468549609
fixed,solar,bo,2,7,177.05495208936324,183.83143789933789,0.6139544998295605,0.08969216654077172
fixed,solar,bo,2,8,175.17629470005684,183.83143789933789,0.7372068339027464,0.10147570772096515
fixed,solar,bo,2,9,175.17629470005684,183.83143789933789,0.8964332086034119,0.1140449158847332
fixed,solar,bo,2,10,175.17629470005684,183.83143789933789,1.0486065419390798,0.12618341576308012
fixed,solar,bo,2,11,175.09851391967112,183.83143789933789,1.1978509589098394,0.13827324891462922
fixed,solar,bo,2,12,175.0794632912374,183.83143789933789,1.366770041640848,0.15048662386834621
fixed,solar,bo,2,13,175.0794632912374,183.83143789933789,1.5134177920408547,0.16260824911296368
fixed,solar,bo,2,14,175.0794632912374,183.83143789933789,1.698885208927095,0.17531416611745954
fixed,solar,bo,2,15,175.0794632912374,183.83143789933789,1.8585978336632252,0.18834995804354548
fixed,solar,bo,2,16,175.0794632912374,183.83143789933789,2.054783499799669,0.20125016570091248
fixed,solar,bo,2,17,175.07760391281883,183.83143789933789,2.518681624904275,0.21419649850577116
fixed,solar,bo,2,18,175.07760391281883,183.83143789933789,3.0278025837615132,0.22645574854686856
fixed,solar,bo,2,19,175.07760391281883,183.83143789933789,3.8712514168582857,0.23853787314146757
fixed,solar,bo,2,20,175.07760391281883,183.83143789933789,4.455796333961189,0.251433664932847
fixed,solar,bo,2,21,175.07760391281883,183.83143789933789,4.681796833872795,0.2644504145719111
fixed,solar,bo,2,22,175.07760391281883,183.83143789933789,5.337676750030369,0.2773827058263123
fixed,solar,bo,2,23,175.07760391281883,183.83143789933789,6.201330749783665,0.28990441374480724
fixed,solar,bo,2,24,175.07760391281883,183.83143789933789,6.3977028746157885,0.3026946228928864
fixed,solar,bo,2,25,175.07760391281883,183.83143789933789,6.571203166618943,0.3153564566746354
fixed,solar,bo,2,26,175.07760391281883,183.83143789933789,6.744928624946624,0.32827933179214597
fixed,solar,bo,2,27,175.07753021848796,183.83143789933789,6.919057374820113,0.34048287384212017
fixed,solar,bo,2,28,175.07753021848796,183.83143789933789,7.165576333645731,0.35359008191153407
fixed,solar,bo,2,29,175.07753021848796,183.83143789933789,8.151142874732614,0.36736729089170694
fixed,solar,bo,2,30,175.07753021848796,183.83143789933789,8.386975874658674,0.38111166562885046
fixed,solar,bo,2,31,175.07753021848796,183.83143789933789,9.502389458939433,0.3944690404459834
fixed,solar,bo,2,32,175.07753021848796,183.83143789933789,10.061685208696872,0.40742954052984715
fixed,solar,bo,2,33,175.07753021848796,183.83143789933789,10.72040320886299,0.421103332657367
fixed,solar,bo,2,34,175.07753021848796,183.83143789933789,11.186154999770224,0.43399724876508117
fixed,solar,bo,2,35,175.07753021848796,183.83143789933789,11.793291541747749,0.44674004102125764
fixed,solar,bo,2,36,175.07753021848796,183.83143789933789,12.772665958851576,0.4594616247341037
fixed,solar,bo,2,37,175.07753021848796,183.83143789933789,12.988132999744266,0.4722589165903628
fixed,solar,bo,2,38,175.07753021848796,183.83143789933789,13.98367370897904,0.486932166852057
fixed,solar,bo,2,39,175.07753021848796,183.83143789933789,14.866141499951482,0.5006730007007718
fixed,solar,bo,2,40,175.07753021848796,183.83143789933789,15.396206500008702,0.5137962503358722
fixed,solar,bo,2,41,175.07753021848796,183.83143789933789,16.33604266680777,0.5268390001729131
fixed,solar,bo,2,42,175.0775155422358,183.83143789933789,16.54312654165551,0.5392235424369574
fixed,solar,bo,2,43,175.0775155422358,183.83143789933789,17.17511041695252,0.5521947513334453
fixed,solar,bo,2,44,175.0775155422358,183.83143789933789,17.80470195878297,0.5644504595547915
fixed,solar,bo,2,45,175.0775155422358,183.83143789933789,18.027779791969806,0.5772008346393704
fixed,solar,bo,2,46,175.0775155422358,183.83143789933789,18.835176749620587,0.5901926676742733
fixed,solar,bo,2,47,175.0775155422358,183.83143789933789,19.981286250054836,0.6031277519650757
fixed,solar,bo,2,48,175.0775155422358,183.83143789933789,20.92514054197818,0.615066294092685
fixed,solar,bo,2,49,175.0775155422358,183.83143789933789,22.068947874940932,0.62781783612445
fixed,solar,bo,2,50,175.0775155422358,183.83143789933789,22.949964249972254,0.639861669857055
fixed,solar,bo,2,51,175.0775155422358,183.83143789933789,23.262077916879207,0.6532953358255327
fixed,solar,bo,2,52,175.0775155422358,183.83143789933789,24.618829124607146,0.6681521278806031
fixed,solar,bo,2,53,175.0775155422358,183.83143789933789,25.728317874949425,0.6812245869077742
fixed,solar,bo,2,54,175.0775075380868,183.83143789933789,26.330252334009856,0.6933822529390454
fixed,solar,bo,2,55,175.0775075380868,183.83143789933789,27.518330958671868,0.7052133358083665
fixed,solar,bo,2,56,175.0775075380868,183.83143789933789,28.735758875031024,0.7182546267285943
fixed,solar,bo,2,57,175.0775075380868,183.83143789933789,29.802307249978185,0.7302974187768996
fixed,solar,bo,2,58,175.0775075380868,183.83143789933789,30.750611166935414,0.7452250020578504
fixed,solar,bo,2,59,175.0775075380868,183.83143789933789,31.960782750044018,0.7590607097372413
fixed,solar,bo,2,60,175.0775075380868,183.83143789933789,33.12449699966237,0.7722387928515673
fixed,solar,bo,2,61,175.0775075380868,183.83143789933789,33.765216666739434,0.785351209808141
fixed,solar,bo,2,62,175.0775075380868,183.83143789933789,35.00686383387074,0.7978840437717736
fixed,solar,bo,2,63,175.0775075380868,183.83143789933789,35.683544375002384,0.8105545435100794
fixed,solar,bo,2,64,175.0775075380868,183.83143789933789,36.90685408376157,0.8232625015079975
fixed,solar,bo,2,65,175.0775075380868,183.83143789933789,37.66388504160568,0.8363226265646517
fixed,solar,bo,2,66,175.0775075380868,183.83143789933789,39.07064533373341,0.8509965855628252
fixed,solar,bo,2,67,175.0775075380868,183.83143789933789,39.50260574975982,0.8649193765595555
fixed,solar,bo,2,68,175.0775075380868,183.83143789933789,40.800689874682575,0.8781575015746057
fixed,solar,bo,2,69,175.0775075380868,183.83143789933789,41.58825183380395,0.8919202098622918
fixed,solar,bo,2,70,175.0775075380868,183.83143789933789,43.039908417034894,0.9056005850434303
fixed,solar,bo,2,71,175.0775075380868,183.83143789933789,44.36105062486604,0.9186824597418308
fixed,solar,bo,2,72,175.0775075380868,183.83143789933789,45.09545745886862,0.9357312507927418
fixed,solar,bo,2,73,175.0775075380868,183.83143789933789,46.80774608394131,0.9498340426944196
fixed,solar,bo,2,74,175.0775075380868,183.83143789933789,48.207204083912075,0.9655133346095681
fixed,solar,bo,2,75,175.0775075380868,183.83143789933789,49.84966141683981,0.9822904183529317
fixed,solar,bo,2,76,175.0775075380868,183.83143789933789,50.634485041722655,0.9964735433459282
fixed,solar,bo,2,77,175.0775075380868,183.83143789933789,52.327511499635875,1.010265376418829
fixed,solar,bo,2,78,175.0775075380868,183.83143789933789,53.9256531666033,1.0247680013999343
fixed,solar,bo,2,79,175.0775075380868,183.83143789933789,54.87262470880523,1.0391529593616724
fixed,solar,bo,2,80,175.0775075380868,183.83143789933789,56.27145083388314,1.0534605011343956
fixed,solar,bo,2,81,175.0775075380868,183.83143789933789,57.7539567919448,1.0682909591123462
fixed,solar,bo,2,82,175.0775075380868,183.83143789933789,59.49122887477279,1.0839484590105712
fixed,solar,bo,2,83,175.0775075380868,183.83143789933789,61.17222512466833,1.0993709177710116
fixed,solar,bo,2,84,175.0775075380868,183.83143789933789,61.63369616679847,1.114476500544697
fixed,solar,bo,2,85,175.0775075380868,183.83143789933789,63.428119875025004,1.1370547083206475
fixed,solar,bo,2,86,175.0775075380868,183.83143789933789,64.72933116694912,1.1566114583984017
fixed,solar,bo,2,87,175.0775075380868,183.83143789933789,66.23253095895052,1.1728005832992494
fixed,solar,bo,2,88,175.07750630516097,183.83143789933789,67.89127108361572,1.1867992081679404
fixed,solar,bo,2,89,175.07750630516097,183.83143789933789,68.35713924979791,1.2052043741568923
fixed,solar,bo,2,90,175.07750630516097,183.83143789933789,68.69953670864925,1.2220770409330726
fixed,solar,bo,2,91,175.07750630516097,183.83143789933789,70.5395476249978,1.2366024581715465
fixed,solar,bo,2,92,175.07750630516097,183.83143789933789,71.96241912478581,1.249385999981314
fixed,solar,bo,2,93,175.07750630516097,183.83143789933789,73.74292374961078,1.2621918329969049
fixed,solar,bo,2,94,175.07750630516097,183.83143789933789,75.11979262484238,1.2751229163259268
fixed,solar,bo,2,95,175.07750630516097,183.83143789933789,76.83869533380494,1.2884125825949013
fixed,solar,bo,2,96,175.07750630516097,183.83143789933789,77.4007019167766,1.301236582454294
fixed,solar,random,2,1,281.4143240781446,183.83143789933789,0.08496712520718575,0.012695166748017073
fixed,solar,random,2,2,178.35466084248657,183.83143789933789,0.13466108310967684,0.024972833693027496
fixed,solar,random,2,3,178.35466084248657,183.83143789933789,0.18460683291777968,0.03767212573438883
fixed,solar,random,2,4,178.35466084248657,183.83143789933789,0.23794441623613238,0.050283792428672314
fixed,solar,random,2,5,178.35466084248657,183.83143789933789,0.2914030412212014,0.06311145843937993
fixed,solar,random,2,6,178.35466084248657,183.83143789933789,0.3417203752323985,0.07589145842939615
fixed,solar,random,2,7,178.35466084248657,183.83143789933789,0.39093379117548466,0.08772220835089684
fixed,solar,random,2,8,178.35466084248657,183.83143789933789,0.4418346253223717,0.10056266747415066
fixed,solar,random,2,9,176.3887911981306,183.83143789933789,0.4923959160223603,0.1129870000295341
fixed,solar,random,2,10,176.3887911981306,183.83143789933789,0.544147958047688,0.12557899998500943
fixed,solar,random,2,11,176.3887911981306,183.83143789933789,0.598736041225493,0.1379549577832222
fixed,solar,random,2,12,176.3887911981306,183.83143789933789,0.6540973749943078,0.15098691685125232
fixed,solar,random,2,13,176.3887911981306,183.83143789933789,0.7076311660930514,0.16352204186841846
fixed,solar,random,2,14,176.3887911981306,183.83143789933789,0.7638312079943717,0.17621445888653398
fixed,solar,random,2,15,176.3887911981306,183.83143789933789,0.82272983295843,0.18870479194447398
fixed,solar,random,2,16,176.3887911981306,183.83143789933789,0.8813887499272823,0.2023063749074936
fixed,solar,random,2,17,176.3887911981306,183.83143789933789,0.9381699999794364,0.2150085000321269
fixed,solar,random,2,18,176.3887911981306,183.83143789933789,0.9959607911296189,0.22767833294346929
fixed,solar,random,2,19,176.3887911981306,183.83143789933789,1.054403374902904,0.2403919999487698
fixed,solar,random,2,20,176.3887911981306,183.83143789933789,1.113661166280508,0.25384766701608896
fixed,solar,random,2,21,176.3887911981306,183.83143789933789,1.1726812501437962,0.26634287601336837
fixed,solar,random,2,22,176.3887911981306,183.83143789933789,1.232194083277136,0.2791594178415835
fixed,solar,random,2,23,176.3887911981306,183.83143789933789,1.2919575832784176,0.2918969178572297
fixed,solar,random,2,24,176.3887911981306,183.83143789933789,1.3522944999858737,0.3053280427120626
fixed,solar,random,2,25,176.3887911981306,183.83143789933789,1.4144840412773192,0.318574542645365
fixed,solar,random,2,26,176.3887911981306,183.83143789933789,1.4730356661602855,0.33172720950096846
fixed,solar,random,2,27,176.3887911981306,183.83143789933789,1.5327976662665606,0.3444297923706472
fixed,solar,random,2,28,176.3887911981306,183.83143789933789,1.592761458363384,0.35785229224711657
fixed,solar,random,2,29,176.3887911981306,183.83143789933789,1.6529425829648972,0.37055854219943285
fixed,solar,random,2,30,176.3887911981306,183.83143789933789,1.7104936251416802,0.383116792421788
fixed,solar,random,2,31,176.3887911981306,183.83143789933789,1.7675145003013313,0.39488775143399835
fixed,solar,random,2,32,175.0851159156334,183.83143789933789,1.8278786251321435,0.40685370936989784
fixed,solar,random,2,33,175.0851159156334,183.83143789933789,1.8977813753299415,0.4270176673308015
fixed,solar,random,2,34,175.0851159156334,183.83143789933789,1.959788041189313,0.43906220933422446
fixed,solar,random,2,35,175.0851159156334,183.83143789933789,2.020762958098203,0.45124300150200725
fixed,solar,random,2,36,175.0851159156334,183.83143789933789,2.079458875115961,0.4635674604214728
fixed,solar,random,2,37,175.0851159156334,183.83143789933789,2.1387187079526484,0.4755155025050044
fixed,solar,random,2,38,175.0851159156334,183.83143789933789,2.1961019579321146,0.4882782935164869
fixed,solar,random,2,39,175.0851159156334,183.83143789933789,2.256089416332543,0.4998014601878822
fixed,solar,random,2,40,175.0851159156334,183.83143789933789,2.326951333321631,0.5134844179265201
fixed,solar,random,2,41,175.0851159156334,183.83143789933789,2.402561041060835,0.5281477509997785
fixed,solar,random,2,42,175.0851159156334,183.83143789933789,2.461893041152507,0.5387297091074288
fixed,solar,random,2,43,175.0851159156334,183.83143789933789,2.5272569162771106,0.5516459178179502
fixed,solar,random,2,44,175.0851159156334,183.83143789933789,2.5911650829948485,0.564642668236047
fixed,solar,random,2,45,175.0851159156334,183.83143789933789,2.656989958137274,0.577568834181875
fixed,solar,random,2,46,175.0851159156334,183.83143789933789,2.723034624941647,0.590291625354439
fixed,solar,random,2,47,175.0851159156334,183.83143789933789,2.7899255002848804,0.6033172095194459
fixed,solar,random,2,48,175.0851159156334,183.83143789933789,2.8578365412540734,0.6157210422679782
fixed,solar,random,2,49,175.0851159156334,183.83143789933789,2.9214638751000166,0.6263108346611261
fixed,solar,random,2,50,175.0851159156334,183.83143789933789,2.9947087499313056,0.6396926268935204
fixed,solar,random,2,51,175.0851159156334,183.83143789933789,3.0660678329877555,0.6528635425493121
fixed,solar,random,2,52,175.0851159156334,183.83143789933789,3.1376458751037717,0.6663008346222341
fixed,solar,random,2,53,175.0851159156334,183.83143789933789,3.2069768332876265,0.6793872099369764
fixed,solar,random,2,54,175.0851159156334,183.83143789933789,3.2776372083462775,0.6922577507793903
fixed,solar,random,2,55,175.0851159156334,183.83143789933789,3.3535132501274347,0.7058186256326735
fixed,solar,random,2,56,175.0851159156334,183.83143789933789,3.431324000004679,0.7187066255137324
fixed,solar,random,2,57,175.0851159156334,183.83143789933789,3.5085139581933618,0.7313391668722034
fixed,solar,random,2,58,175.0851159156334,183.83143789933789,3.589880791027099,0.7458021668717265
fixed,solar,random,2,59,175.0851159156334,183.83143789933789,3.667642541229725,0.7602196247316897
fixed,solar,random,2,60,175.0851159156334,183.83143789933789,3.7451311252079904,0.7743088323622942
fixed,solar,random,2,61,175.0851159156334,183.83143789933789,3.8214646661654115,0.7879568734206259
fixed,solar,random,2,62,175.0851159156334,183.83143789933789,3.8986837081611156,0.8015266233123839
fixed,solar,random,2,63,175.0851159156334,183.83143789933789,3.9785379581153393,0.816149331163615
fixed,solar,random,2,64,175.0851159156334,183.83143789933789,4.061758333351463,0.8304924969561398
fixed,solar,random,2,65,175.0851159156334,183.83143789933789,4.1490657911635935,0.8455845797434449
fixed,solar,random,2,66,175.0851159156334,183.83143789933789,4.236324291210622,0.8611979954876006
fixed,solar,random,2,67,175.0851159156334,183.83143789933789,4.320894791278988,0.8768415376543999
fixed,solar,random,2,68,175.0851159156334,183.83143789933789,4.4019414582289755,0.8921546624042094
fixed,solar,random,2,69,175.0851159156334,183.83143789933789,4.484311833046377,0.9067001203075051
fixed,solar,random,2,70,175.0851159156334,183.83143789933789,4.607551208231598,0.9337544124573469
fixed,solar,random,2,71,175.0851159156334,183.83143789933789,4.69147325027734,0.948409078642726
fixed,solar,random,2,72,175.0851159156334,183.83143789933789,4.777738666161895,0.9639579956419766
fixed,solar,random,2,73,175.0851159156334,183.83143789933789,4.865168000105768,0.9788790782913566
fixed,solar,random,2,74,175.0851159156334,183.83143789933789,4.958209041040391,0.9945100364275277
fixed,solar,random,2,75,175.0851159156334,183.83143789933789,5.060222125146538,1.0101404944434762
fixed,solar,random,2,76,175.0851159156334,183.83143789933789,5.190097624901682,1.0320025775581598
fixed,solar,random,2,77,175.0851159156334,183.83143789933789,5.325813333038241,1.05674999486655
fixed,solar,random,2,78,175.0851159156334,183.83143789933789,5.4453538749367,1.0755229950882494
fixed,solar,random,2,79,175.0851159156334,183.83143789933789,5.568982874974608,1.0972349531948566
fixed,solar,random,2,80,175.0851159156334,183.83143789933789,5.698572082910687,1.11783078731969
fixed,solar,random,2,81,175.0851159156334,183.83143789933789,5.818337874952704,1.138301121070981
fixed,solar,random,2,82,175.0851159156334,183.83143789933789,5.939548875205219,1.157401705160737
fixed,solar,random,2,83,175.0851159156334,183.83143789933789,6.0465223751962185,1.1753414128907025
fixed,solar,random,2,84,175.0851159156334,183.83143789933789,6.150663333013654,1.1922269128262997
fixed,solar,random,2,85,175.0851159156334,183.83143789933789,6.254286125302315,1.2095189965330064
fixed,solar,random,2,86,175.0851159156334,183.83143789933789,6.354054666124284,1.2255344963632524
fixed,solar,random,2,87,175.0851159156334,183.83143789933789,6.458384625148028,1.2432820382528007
fixed,solar,random,2,88,175.0851159156334,183.83143789933789,6.561856165993959,1.260909829288721
fixed,solar,random,2,89,175.0851159156334,183.83143789933789,6.6700222082436085,1.2786949956789613
fixed,solar,random,2,90,175.0851159156334,183.83143789933789,6.768387957941741,1.2942996206693351
fixed,solar,random,2,91,175.0851159156334,183.83143789933789,6.872897458262742,1.3116556210443377
fixed,solar,random,2,92,175.0851159156334,183.83143789933789,6.956766500137746,1.3254062458872795
fixed,solar,random,2,93,175.0851159156334,183.83143789933789,7.058127125259489,1.3411108707077801
fixed,solar,random,2,94,175.0851159156334,183.83143789933789,7.2287625833414495,1.3577294535934925
fixed,solar,random,2,95,175.0851159156334,183.83143789933789,7.330619000364095,1.3744106208905578
fixed,solar,random,2,96,175.0851159156334,183.83143789933789,7.46813420811668,1.3898951630108058
fixed,solar,sobol,2,1,232.58222879007022,183.83143789933789,0.09938970906659961,0.015303666703402996
fixed,solar,sobol,2,2,177.05495208936324,183.83143789933789,0.15589299984276295,0.03088274970650673
fixed,solar,sobol,2,3,177.05495208936324,183.83143789933789,0.21099979197606444,0.045702957548201084
fixed,solar,sobol,2,4,177.05495208936324,183.83143789933789,0.26519066700711846,0.05949641577899456
fixed,solar,sobol,2,5,177.05495208936324,183.83143789933789,0.31899662502110004,0.07329116575419903
fixed,solar,sobol,2,6,177.05495208936324,183.83143789933789,0.37582520907744765,0.08778066607192159
fixed,solar,sobol,2,7,177.05495208936324,183.83143789933789,0.4322261246852577,0.10228862380608916
fixed,solar,sobol,2,8,177.05495208936324,183.83143789933789,0.4884616248309612,0.11590329091995955
fixed,solar,sobol,2,9,177.05495208936324,183.83143789933789,0.54753362480551,0.12985062366351485
fixed,solar,sobol,2,10,177.05495208936324,183.83143789933789,0.6067040837369859,0.14438808150589466
fixed,solar,sobol,2,11,177.05495208936324,183.83143789933789,0.6688774167560041,0.1592421648092568
fixed,solar,sobol,2,12,177.05495208936324,183.83143789933789,0.7262561251409352,0.17275833059102297
fixed,solar,sobol,2,13,177.05495208936324,183.83143789933789,0.7835732498206198,0.18649020558223128
fixed,solar,sobol,2,14,177.05495208936324,183.83143789933789,0.8398350840434432,0.20092483051121235
fixed,solar,sobol,2,15,177.05495208936324,183.83143789933789,0.8957762089557946,0.21443428844213486
fixed,solar,sobol,2,16,176.24461196553438,183.83143789933789,0.9536389168351889,0.22759308014065027
fixed,solar,sobol,2,17,176.24461196553438,183.83143789933789,1.010879541747272,0.24033028911799192
fixed,solar,sobol,2,18,176.24461196553438,183.83143789933789,1.069731208961457,0.25363466423004866
fixed,solar,sobol,2,19,176.24461196553438,183.83143789933789,1.1257796250283718,0.2668958310969174
fixed,solar,sobol,2,20,175.25841792389534,183.83143789933789,1.182896208949387,0.27974804025143385
fixed,solar,sobol,2,21,175.25841792389534,183.83143789933789,1.2390249171294272,0.29249562323093414
fixed,solar,sobol,2,22,175.25841792389534,183.83143789933789,1.2967512500472367,0.3060056231915951
fixed,solar,sobol,2,23,175.25841792389534,183.83143789933789,1.3557767500169575,0.3192948312498629
fixed,solar,sobol,2,24,175.25841792389534,183.83143789933789,1.4138326668180525,0.3320555812679231
fixed,solar,sobol,2,25,175.25841792389534,183.83143789933789,1.4723803750239313,0.3447049562819302
fixed,solar,sobol,2,26,175.25841792389534,183.83143789933789,1.531517167109996,0.3581569562666118
fixed,solar,sobol,2,27,175.25841792389534,183.83143789933789,1.5955947088077664,0.3717391639947891
fixed,solar,sobol,2,28,175.25841792389534,183.83143789933789,1.6579597499221563,0.3850749139674008
fixed,solar,sobol,2,29,175.25841792389534,183.83143789933789,1.7179432497359812,0.39771224837750196
fixed,solar,sobol,2,30,175.25841792389534,183.83143789933789,1.7805154998786747,0.41125312354415655
fixed,solar,sobol,2,31,175.25841792389534,183.83143789933789,1.8436583750881255,0.42460970766842365
fixed,solar,sobol,2,32,175.25841792389534,183.83143789933789,1.9062060420401394,0.43743937369436026
fixed,solar,sobol,2,33,175.09340922185277,183.83143789933789,1.9692445420660079,0.4503947077319026
fixed,solar,sobol,2,34,175.09340922185277,183.83143789933789,2.032828750088811,0.46360504161566496
fixed,solar,sobol,2,35,175.09340922185277,183.83143789933789,2.098701416980475,0.47675333358347416
fixed,solar,sobol,2,36,175.09340922185277,183.83143789933789,2.1684720418415964,0.4904365004040301
fixed,solar,sobol,2,37,175.09340922185277,183.83143789933789,2.236236374825239,0.5044154585339129
fixed,solar,sobol,2,38,175.09340922185277,183.83143789933789,2.305305624846369,0.5185318756848574
fixed,solar,sobol,2,39,175.09340922185277,183.83143789933789,2.3728374587371945,0.5328591256402433
fixed,solar,sobol,2,40,175.09340922185277,183.83143789933789,2.4434735840186477,0.5464569176547229
fixed,solar,sobol,2,41,175.09340922185277,183.83143789933789,2.5137209589593112,0.5597516680136323
fixed,solar,sobol,2,42,175.09340922185277,183.83143789933789,2.5816367086954415,0.5739287929609418
fixed,solar,sobol,2,43,175.09340922185277,183.83143789933789,2.652311666868627,0.5881924177519977
fixed,solar,sobol,2,44,175.09340922185277,183.83143789933789,2.723774999845773,0.6011924585327506
fixed,solar,sobol,2,45,175.09340922185277,183.83143789933789,2.7973095839843154,0.6149375415407121
fixed,solar,sobol,2,46,175.09340922185277,183.83143789933789,2.867298083845526,0.6292128744535148
fixed,solar,sobol,2,47,175.09340922185277,183.83143789933789,2.9378444170579314,0.6437885821796954
fixed,solar,sobol,2,48,175.09340922185277,183.83143789933789,3.005275208968669,0.6574959573335946
fixed,solar,sobol,2,49,175.09340922185277,183.83143789933789,3.07069120882079,0.6704262495040894
fixed,solar,sobol,2,50,175.09340922185277,183.83143789933789,3.13897049985826,0.6836910834535956
fixed,solar,sobol,2,51,175.09340922185277,183.83143789933789,3.2075419169850647,0.6971668335609138
fixed,solar,sobol,2,52,175.09340922185277,183.83143789933789,3.2737542088143528,0.7097975006327033
fixed,solar,sobol,2,53,175.09340922185277,183.83143789933789,3.3416175837628543,0.7224846254102886
fixed,solar,sobol,2,54,175.09340922185277,183.83143789933789,3.4133328339084983,0.7360088755376637
fixed,solar,sobol,2,55,175.09340922185277,183.83143789933789,3.480589209124446,0.7495508333668113
fixed,solar,sobol,2,56,175.09340922185277,183.83143789933789,3.548250833991915,0.7627093330956995
fixed,solar,sobol,2,57,175.09340922185277,183.83143789933789,3.6163780838251114,0.7753688748925924
fixed,solar,sobol,2,58,175.09340922185277,183.83143789933789,3.684698791708797,0.7886631251312792
fixed,solar,sobol,2,59,175.09340922185277,183.83143789933789,3.754229750018567,0.8020653328858316
fixed,solar,sobol,2,60,175.09340922185277,183.83143789933789,3.823357874993235,0.8150498326867819
fixed,solar,sobol,2,61,175.09340922185277,183.83143789933789,3.892875417135656,0.8278423324227333
fixed,solar,sobol,2,62,175.09340922185277,183.83143789933789,3.965161500032991,0.8414093744941056
fixed,solar,sobol,2,63,175.09340922185277,183.83143789933789,4.036532166879624,0.8550002914853394
fixed,solar,sobol,2,64,175.09340922185277,183.83143789933789,4.1066525420174,0.8677538754418492
fixed,solar,sobol,2,65,175.09340922185277,183.83143789933789,4.1770807090215385,0.8805636251345277
fixed,solar,sobol,2,66,175.09340922185277,183.83143789933789,4.248552166856825,0.8942666254006326
fixed,solar,sobol,2,67,175.09340922185277,183.83143789933789,4.3208624590188265,0.9077434581704438
fixed,solar,sobol,2,68,175.09340922185277,183.83143789933789,4.3891569171100855,0.9198268330655992
fixed,solar,sobol,2,69,175.09340922185277,183.83143789933789,4.456480416934937,0.9318411252461374
fixed,solar,sobol,2,70,175.09340922185277,183.83143789933789,4.526749874930829,0.9444834170863032
fixed,solar,sobol,2,71,175.09340922185277,183.83143789933789,4.59774237498641,0.9570167092606425
fixed,solar,sobol,2,72,175.07753767594625,183.83143789933789,4.666502541862428,0.9691541683860123
fixed,solar,sobol,2,73,175.07753767594625,183.83143789933789,4.735159333795309,0.9810997932218015
fixed,solar,sobol,2,74,175.07753767594625,183.83143789933789,4.805640249978751,0.9939661272801459
fixed,solar,sobol,2,75,175.07753767594625,183.83143789933789,4.877039833925664,1.0065539604984224
fixed,solar,sobol,2,76,175.07753767594625,183.83143789933789,4.950836792122573,1.0192129188217223
fixed,solar,sobol,2,77,175.07753767594625,183.83143789933789,5.028751667123288,1.0324425846338272
fixed,solar,sobol,2,78,175.07753767594625,183.83143789933789,5.109819708857685,1.0458669178187847
fixed,solar,sobol,2,79,175.07753767594625,183.83143789933789,5.187115166801959,1.0590489176101983
fixed,solar,sobol,2,80,175.07753767594625,183.83143789933789,5.264705459121615,1.0720942099578679
fixed,solar,sobol,2,81,175.07753767594625,183.83143789933789,5.343541875015944,1.0849403771571815
fixed,solar,sobol,2,82,175.07753767594625,183.83143789933789,5.421041208785027,1.0982759189791977
fixed,solar,sobol,2,83,175.07753767594625,183.83143789933789,5.499511791858822,1.1113970438018441
fixed,solar,sobol,2,84,175.07753767594625,183.83143789933789,5.577666792087257,1.1239715847186744
fixed,solar,sobol,2,85,175.07753767594625,183.83143789933789,5.657046209089458,1.1365355434827507
fixed,solar,sobol,2,86,175.07753767594625,183.83143789933789,5.734376499895006,1.1496177101507783
fixed,solar,sobol,2,87,175.07753767594625,183.83143789933789,5.811482833698392,1.1628996264189482
fixed,solar,sobol,2,88,175.07753767594625,183.83143789933789,5.888278834056109,1.175353501457721
fixed,solar,sobol,2,89,175.07753767594625,183.83143789933789,5.967622624710202,1.1882168343290687
fixed,solar,sobol,2,90,175.07753767594625,183.83143789933789,6.047524916939437,1.2018026262521744
fixed,solar,sobol,2,91,175.07753767594625,183.83143789933789,6.1265412089414895,1.2151410011574626
fixed,solar,sobol,2,92,175.07753767594625,183.83143789933789,6.208358834031969,1.2279165009967983
fixed,solar,sobol,2,93,175.07753767594625,183.83143789933789,6.286454209126532,1.240326042752713
fixed,solar,sobol,2,94,175.07753767594625,183.83143789933789,6.365268624853343,1.2534597520716488
fixed,solar,sobol,2,95,175.07753767594625,183.83143789933789,6.445496083702892,1.2671934189274907
fixed,solar,sobol,2,96,175.07753767594625,183.83143789933789,6.561393584124744,1.279826793819666
fixed,copper,random,0,1,0.19629171006005017,0.2057744777270775,0.08459341572597623,0.008368249982595444
fixed,copper,random,0,2,0.19629171006005017,0.2057744777270775,0.13079895777627826,0.01703375019133091
fixed,copper,random,0,3,0.19629171006005017,0.2057744777270775,0.17454058304429054,0.025057374965399504
fixed,copper,random,0,4,0.19629171006005017,0.2057744777270775,0.22063354076817632,0.03381162462756038
fixed,copper,random,0,5,0.19629171006005017,0.2057744777270775,0.2662332500331104,0.04288874985650182
fixed,copper,random,0,6,0.19629171006005017,0.2057744777270775,0.3106350409798324,0.05053191678598523
fixed,copper,random,0,7,0.19629171006005017,0.2057744777270775,0.3575649578124285,0.05972458282485604
fixed,copper,random,0,8,0.19629171006005017,0.2057744777270775,0.4034440000541508,0.06753641599789262
fixed,copper,random,0,9,0.19629171006005017,0.2057744777270775,0.44555824995040894,0.07224783208221197
fixed,copper,random,0,10,0.19629171006005017,0.2057744777270775,0.48990108305588365,0.07728545740246773
fixed,copper,random,0,11,0.19629171006005017,0.2057744777270775,0.5330701251514256,0.08199199941009283
fixed,copper,random,0,12,0.19629171006005017,0.2057744777270775,0.5786118330433965,0.0866823336109519
fixed,copper,random,0,13,0.19629171006005017,0.2057744777270775,0.6291949157603085,0.09399687452241778
fixed,copper,random,0,14,0.19598208865333872,0.2057744777270775,0.6765614161267877,0.10232529183849692
fixed,copper,random,0,15,0.19598208865333872,0.2057744777270775,0.7261362080462277,0.1117888749577105
fixed,copper,random,0,16,0.19598208865333872,0.2057744777270775,0.774405375123024,0.12009258382022381
fixed,copper,random,0,17,0.19598208865333872,0.2057744777270775,0.8177804998122156,0.12474754173308611
fixed,copper,random,0,18,0.19598208865333872,0.2057744777270775,0.8644075831398368,0.129508416634053
fixed,copper,random,0,19,0.19598208865333872,0.2057744777270775,0.9088110411539674,0.1342158759944141
fixed,copper,random,0,20,0.19598208865333872,0.2057744777270775,0.9582130829803646,0.14238625112921
fixed,copper,random,0,21,0.1959753352224791,0.2057744777270775,1.0117049161344767,0.15129137597978115
fixed,copper,random,0,22,0.1959753352224791,0.2057744777270775,1.0643116659484804,0.15951675130054355
fixed,copper,random,0,23,0.1959753352224791,0.2057744777270775,1.1161079579032958,0.16787008568644524
fixed,copper,random,0,24,0.1959753352224791,0.2057744777270775,1.1734782909043133,0.17739996081218123
fixed,copper,random,0,25,0.1959749106506545,0.2057744777270775,1.226373499725014,0.1855981689877808
fixed,copper,random,0,26,0.1959749106506545,0.2057744777270775,1.2781290407292545,0.1904344609938562
fixed,copper,random,0,27,0.1959749106506545,0.2057744777270775,1.3301889998838305,0.1954524191096425
fixed,copper,random,0,28,0.1959749106506545,0.2057744777270775,1.3885401249863207,0.20534050231799483
fixed,copper,random,0,29,0.1959749106506545,0.2057744777270775,1.4427641658112407,0.2121442100033164
fixed,copper,random,0,30,0.1959749106506545,0.2057744777270775,1.5060194581747055,0.22669654386118054
fixed,copper,random,0,31,0.1959749106506545,0.2057744777270775,1.562996500171721,0.23504483606666327
fixed,copper,random,0,32,0.1959749106506545,0.2057744777270775,1.6173565411008894,0.24018450314179063
fixed,copper,random,0,33,0.1959749106506545,0.2057744777270775,1.6784114581532776,0.24845533585175872
fixed,copper,random,0,34,0.1959749106506545,0.2057744777270775,1.7342017078772187,0.25640908582136035
fixed,copper,random,0,35,0.1959749106506545,0.2057744777270775,1.7914933748543262,0.26666946057230234
fixed,copper,random,0,36,0.1959749106506545,0.2057744777270775,1.8473400827497244,0.2753245020285249
fixed,copper,random,0,37,0.1959749106506545,0.2057744777270775,1.9052563328295946,0.28518450167030096
fixed,copper,random,0,38,0.19597447845574165,0.2057744777270775,1.9622452910989523,0.293914292473346
fixed,copper,random,0,39,0.19597447845574165,0.2057744777270775,2.021655249875039,0.30416629277169704
fixed,copper,random,0,40,0.19597447845574165,0.2057744777270775,2.0795576660893857,0.31361791770905256
fixed,copper,random,0,41,0.19597447845574165,0.2057744777270775,2.133702749852091,0.3186155422590673
fixed,copper,random,0,42,0.19597447845574165,0.2057744777270775,2.1905852500349283,0.3275842512957752
fixed,copper,random,0,43,0.19597447845574165,0.2057744777270775,2.2437547077424824,0.3323565851897001
fixed,copper,random,0,44,0.19597447845574165,0.2057744777270775,2.302441915962845,0.3406192525289953
fixed,copper,random,0,45,0.19597447845574165,0.2057744777270775,2.354163915850222,0.3452210444957018
fixed,copper,random,0,46,0.19597447845574165,0.2057744777270775,2.4117133747786283,0.3548945444636047
fixed,copper,random,0,47,0.19597447845574165,0.2057744777270775,2.4671844160184264,0.36242929473519325
fixed,copper,random,0,48,0.19597447845574165,0.2057744777270775,2.523057332728058,0.3671797947026789
fixed,copper,random,0,49,0.19597447845574165,0.2057744777270775,2.5784770408645272,0.3720096694305539
fixed,copper,random,0,50,0.19597447845574165,0.2057744777270775,2.6400217907503247,0.3794661690481007
fixed,copper,random,0,51,0.19597447845574165,0.2057744777270775,2.699762749951333,0.38459771079942584
fixed,copper,random,0,52,0.19597447845574165,0.2057744777270775,2.766516000032425,0.3938942109234631
fixed,copper,random,0,53,0.19597447845574165,0.2057744777270775,2.8350267908535898,0.4042270020581782
fixed,copper,random,0,54,0.19597447845574165,0.2057744777270775,2.8951728329993784,0.40930108493193984
fixed,copper,random,0,55,0.19597447845574165,0.2057744777270775,2.96144837513566,0.4191237101331353
fixed,copper,random,0,56,0.19597447845574165,0.2057744777270775,3.0285262907855213,0.4290326270274818
fixed,copper,random,0,57,0.19597447845574165,0.2057744777270775,3.0989370001479983,0.4433143772184849
fixed,copper,random,0,58,0.19597447845574165,0.2057744777270775,3.1659370828419924,0.45166916958987713
fixed,copper,random,0,59,0.19597447845574165,0.2057744777270775,3.2311359578743577,0.4601073358207941
fixed,copper,random,0,60,0.19597447845574165,0.2057744777270775,3.2978191250003874,0.4694927940145135
fixed,copper,random,0,61,0.19597447845574165,0.2057744777270775,3.3650362910702825,0.47788846027106047
fixed,copper,random,0,62,0.19597447845574165,0.2057744777270775,3.4325372078455985,0.48631587624549866
fixed,copper,random,0,63,0.19597447845574165,0.2057744777270775,3.5050030411221087,0.4962775423191488
fixed,copper,random,0,64,0.19597447845574165,0.2057744777270775,3.5625234157778323,0.5005475003272295
fixed,copper,random,0,65,0.19597447845574165,0.2057744777270775,3.6407990409061313,0.5119515000842512
fixed,copper,random,0,66,0.19597447845574165,0.2057744777270775,3.7207396659068763,0.5225597908720374
fixed,copper,random,0,67,0.19597447845574165,0.2057744777270775,3.88076804112643,0.531769332010299
fixed,copper,random,0,68,0.19597447845574165,0.2057744777270775,3.962121790740639,0.54253462376073
fixed,copper,random,0,69,0.19597447845574165,0.2057744777270775,4.041103540919721,0.5511168735101819
fixed,copper,random,0,70,0.19597447845574165,0.2057744777270775,4.119204707909375,0.5601782905869186
fixed,copper,random,0,71,0.19597447845574165,0.2057744777270775,4.198338041082025,0.5725327497348189
fixed,copper,random,0,72,0.19597447845574165,0.2057744777270775,4.277572290971875,0.5791868744418025
fixed,copper,random,0,73,0.19597447845574165,0.2057744777270775,4.358348540961742,0.5875071655027568
fixed,copper,random,0,74,0.19597447845574165,0.2057744777270775,4.4486669157631695,0.5978179983794689
fixed,copper,random,0,75,0.19597447845574165,0.2057744777270775,4.548169665969908,0.610165998339653
fixed,copper,random,0,76,0.19597447845574165,0.2057744777270775,4.6365755829028785,0.6195056233555079
fixed,copper,random,0,77,0.19597447845574165,0.2057744777270775,4.7386810830794275,0.6326301232911646
fixed,copper,random,0,78,0.19597447845574165,0.2057744777270775,4.841380707919598,0.6468646652065217
fixed,copper,random,0,79,0.19597447845574165,0.2057744777270775,4.926279707811773,0.6528189559467137
fixed,copper,random,0,80,0.19597447845574165,0.2057744777270775,5.016231541056186,0.6635403307154775
fixed,copper,random,0,81,0.19597447845574165,0.2057744777270775,5.105969083029777,0.6695729559287429
fixed,copper,random,0,82,0.19597447845574165,0.2057744777270775,5.198122582864016,0.6820355388335884
fixed,copper,random,0,83,0.19597447845574165,0.2057744777270775,5.286168832797557,0.693808080162853
fixed,copper,random,0,84,0.19597447845574165,0.2057744777270775,5.36657629115507,0.6998350801877677
fixed,copper,random,0,85,0.19597447845574165,0.2057744777270775,5.451102290768176,0.7097184550948441
fixed,copper,random,0,86,0.19597447845574165,0.2057744777270775,5.552577999886125,0.7155155800282955
fixed,copper,random,0,87,0.19597447845574165,0.2057744777270775,5.693479333072901,0.732674871571362
fixed,copper,random,0,88,0.19597447845574165,0.2057744777270775,5.809668249916285,0.7495812466368079
fixed,copper,random,0,89,0.19597447845574165,0.2057744777270775,5.886559708043933,0.7570524136535823
fixed,copper,random,0,90,0.19597447845574165,0.2057744777270775,5.964308707974851,0.764628704637289
fixed,copper,random,0,91,0.19597447845574165,0.2057744777270775,6.052738041151315,0.7705202465876937
fixed,copper,random,0,92,0.19597447845574165,0.2057744777270775,6.150198749732226,0.7819087048992515
fixed,copper,random,0,93,0.19597447845574165,0.2057744777270775,6.241627666167915,0.7921467046253383
fixed,copper,random,0,94,0.19597447845574165,0.2057744777270775,6.329120582900941,0.7980434126220644
fixed,copper,random,0,95,0.19597447845574165,0.2057744777270775,6.411261874716729,0.8039235374890268
fixed,copper,random,0,96,0.19597447845574165,0.2057744777270775,6.544056749902666,0.8137332042679191
fixed,copper,sobol,0,1,1.2109911860973013,0.2057744777270775,0.10155254183337092,0.008545250166207552
fixed,copper,sobol,0,2,0.3898933419393808,0.2057744777270775,0.15959850000217557,0.020402458030730486
fixed,copper,sobol,0,3,0.3898933419393808,0.2057744777270775,0.21272933296859264,0.026403458323329687
fixed,copper,sobol,0,4,0.3898933419393808,0.2057744777270775,0.29347104160115123,0.037313458509743214
fixed,copper,sobol,0,5,0.3898933419393808,0.2057744777270775,0.3801972079090774,0.05736233340576291
fixed,copper,sobol,0,6,0.3898933419393808,0.2057744777270775,0.4514399576000869,0.0668737506493926
fixed,copper,sobol,0,7,0.3898933419393808,0.2057744777270775,0.550774332601577,0.0890831253491342
fixed,copper,sobol,0,8,0.19599344579277864,0.2057744777270775,0.6564670829102397,0.10847745835781097
fixed,copper,sobol,0,9,0.19599344579277864,0.2057744777270775,0.7599052917212248,0.133757833391428
fixed,copper,sobol,0,10,0.19599344579277864,0.2057744777270775,0.8663814999163151,0.16162524977698922
fixed,copper,sobol,0,11,0.19599344579277864,0.2057744777270775,0.9634647076018155,0.17765329172834754
fixed,copper,sobol,0,12,0.19599344579277864,0.2057744777270775,1.0668267076835036,0.20063549978658557
fixed,copper,sobol,0,13,0.19599344579277864,0.2057744777270775,1.1631651669740677,0.22278112452477217
fixed,copper,sobol,0,14,0.19599344579277864,0.2057744777270775,1.240185166709125,0.23100279038771987
fixed,copper,sobol,0,15,0.19599344579277864,0.2057744777270775,1.3162317918613553,0.24319970747455955
fixed,copper,sobol,0,16,0.19599344579277864,0.2057744777270775,1.3970825825817883,0.25691245775669813
fixed,copper,sobol,0,17,0.19599344579277864,0.2057744777270775,1.4808319169096649,0.269076791126281
fixed,copper,sobol,0,18,0.19599344579277864,0.2057744777270775,1.578898707870394,0.2870067493058741
fixed,copper,sobol,0,19,0.19599344579277864,0.2057744777270775,1.6582799167372286,0.2946042902767658
fixed,copper,sobol,0,20,0.19599344579277864,0.2057744777270775,1.7466714167967439,0.30898895720019937
fixed,copper,sobol,0,21,0.19599344579277864,0.2057744777270775,1.8339948328211904,0.3210319164209068
fixed,copper,sobol,0,22,0.19599344579277864,0.2057744777270775,1.9039853746071458,0.3279427494853735
fixed,copper,sobol,0,23,0.19599344579277864,0.2057744777270775,1.9789045825600624,0.3400491662323475
fixed,copper,sobol,0,24,0.19599344579277864,0.2057744777270775,2.048691166564822,0.35124837420880795
fixed,copper,sobol,0,25,0.19599344579277864,0.2057744777270775,2.119055457878858,0.36234862403944135
fixed,copper,sobol,0,26,0.19599344579277864,0.2057744777270775,2.1893038325943053,0.37514629075303674
fixed,copper,sobol,0,27,0.19599344579277864,0.2057744777270775,2.256659582722932,0.38159108301624656
fixed,copper,sobol,0,28,0.19599344579277864,0.2057744777270775,2.329391249921173,0.3949168738909066
fixed,copper,sobol,0,29,0.19599344579277864,0.2057744777270775,2.399693916551769,0.4059817907400429
fixed,copper,sobol,0,30,0.19599344579277864,0.2057744777270775,2.4675297499634326,0.41261237440630794
fixed,copper,sobol,0,31,0.19599344579277864,0.2057744777270775,2.5405113748274744,0.42325266636908054
fixed,copper,sobol,0,32,0.1959768744819118,0.2057744777270775,2.610217582900077,0.4334652489051223
fixed,copper,sobol,0,33,0.1959768744819118,0.2057744777270775,2.676086041610688,0.44287887355312705
fixed,copper,sobol,0,34,0.1959768744819118,0.2057744777270775,2.7509479578584433,0.4544597486965358
fixed,copper,sobol,0,35,0.1959768744819118,0.2057744777270775,2.8186097079887986,0.4610695824958384
fixed,copper,sobol,0,36,0.1959768744819118,0.2057744777270775,2.8943933327682316,0.4725223323330283
fixed,copper,sobol,0,37,0.1959768744819118,0.2057744777270775,2.984217541757971,0.4837332493625581
fixed,copper,sobol,0,38,0.1959768744819118,0.2057744777270775,3.0726236668415368,0.4920386243611574
fixed,copper,sobol,0,39,0.1959768744819118,0.2057744777270775,3.1528055826202035,0.5032566664740443
fixed,copper,sobol,0,40,0.1959768744819118,0.2057744777270775,3.2296096668578684,0.5203891666606069
fixed,copper,sobol,0,41,0.1959768744819118,0.2057744777270775,3.3008142076432705,0.5297370837070048
fixed,copper,sobol,0,42,0.1959768744819118,0.2057744777270775,3.370102666784078,0.5408432087861001
fixed,copper,sobol,0,43,0.1959768744819118,0.2057744777270775,3.4432611246593297,0.5466770837083459
fixed,copper,sobol,0,44,0.1959768744819118,0.2057744777270775,3.545685791876167,0.5576151665300131
fixed,copper,sobol,0,45,0.1959768744819118,0.2057744777270775,3.639844541903585,0.5694778757169843
fixed,copper,sobol,0,46,0.1959768744819118,0.2057744777270775,3.7321634576655924,0.5772569179534912
fixed,copper,sobol,0,47,0.1959768744819118,0.2057744777270775,3.8413827079348266,0.592203167732805
fixed,copper,sobol,0,48,0.1959768744819118,0.2057744777270775,3.948798082768917,0.6052905428223312
fixed,copper,sobol,0,49,0.1959768744819118,0.2057744777270775,4.074096041731536,0.6220212508924305
fixed,copper,sobol,0,50,0.1959768744819118,0.2057744777270775,4.1855789995752275,0.6382450419478118
fixed,copper,sobol,0,51,0.1959768744819118,0.2057744777270775,4.282130749896169,0.6461340826936066
fixed,copper,sobol,0,52,0.1959768744819118,0.2057744777270775,4.399534707888961,0.6695178328081965
fixed,copper,sobol,0,53,0.1959768744819118,0.2057744777270775,4.504428082611412,0.6850042906589806
fixed,copper,sobol,0,54,0.1959768744819118,0.2057744777270775,4.593558457680047,0.6924040406011045
fixed,copper,sobol,0,55,0.1959768744819118,0.2057744777270775,4.687117374967784,0.7035469561815262
fixed,copper,sobol,0,56,0.1959768744819118,0.2057744777270775,4.776371457614005,0.7160837892442942
fixed,copper,sobol,0,57,0.1959768744819118,0.2057744777270775,4.868411832954735,0.72799370624125
fixed,copper,sobol,0,58,0.1959768744819118,0.2057744777270775,4.96625395771116,0.7437184560112655
fixed,copper,sobol,0,59,0.1959768744819118,0.2057744777270775,5.053044207859784,0.7509700390510261
fixed,copper,sobol,0,60,0.1959768744819118,0.2057744777270775,5.14755449956283,0.7658041222020984
fixed,copper,sobol,0,61,0.1959768744819118,0.2057744777270775,5.240118207875639,0.7774519138038158
fixed,copper,sobol,0,62,0.1959768744819118,0.2057744777270775,5.322820124682039,0.784102538600564
fixed,copper,sobol,0,63,0.1959768744819118,0.2057744777270775,5.407024332787842,0.7953066639602184
fixed,copper,sobol,0,64,0.1959768744819118,0.2057744777270775,5.491157166659832,0.8062866218388081
fixed,copper,sobol,0,65,0.1959768744819118,0.2057744777270775,5.573279249947518,0.8168399138376117
fixed,copper,sobol,0,66,0.1959768744819118,0.2057744777270775,5.663977707736194,0.8307817475870252
fixed,copper,sobol,0,67,0.1959768744819118,0.2057744777270775,5.7438490418717265,0.8372328318655491
fixed,copper,sobol,0,68,0.1959768744819118,0.2057744777270775,5.831415499560535,0.8503932897001505
fixed,copper,sobol,0,69,0.1959768744819118,0.2057744777270775,5.918634082656354,0.8607627898454666
fixed,copper,sobol,0,70,0.1959768744819118,0.2057744777270775,6.001948499586433,0.8672621650621295
fixed,copper,sobol,0,71,0.1959768744819118,0.2057744777270775,6.0910933329723775,0.8792782900854945
fixed,copper,sobol,0,72,0.1959768744819118,0.2057744777270775,6.178001332562417,0.8901449982076883
fixed,copper,sobol,0,73,0.1959768744819118,0.2057744777270775,6.272625499870628,0.901943248230964
fixed,copper,sobol,0,74,0.1959768744819118,0.2057744777270775,6.372765166684985,0.9169628731906414
fixed,copper,sobol,0,75,0.1959768744819118,0.2057744777270775,6.442846374586225,0.9219908728264272
fixed,copper,sobol,0,76,0.1959768744819118,0.2057744777270775,6.511580999940634,0.9306639567948878
fixed,copper,sobol,0,77,0.1959768744819118,0.2057744777270775,6.585105207748711,0.9417373319156468
fixed,copper,sobol,0,78,0.1959768744819118,0.2057744777270775,6.691728957928717,0.9484147480688989
fixed,copper,sobol,0,79,0.1959768744819118,0.2057744777270775,6.8013907498680055,0.9601671653799713
fixed,copper,sobol,0,80,0.1959768744819118,0.2057744777270775,6.900219166651368,0.9719982072710991
fixed,copper,sobol,0,81,0.1959768744819118,0.2057744777270775,7.00228108279407,0.9842319996096194
fixed,copper,sobol,0,82,0.1959768744819118,0.2057744777270775,7.1042284169234335,0.9988724165596068
fixed,copper,sobol,0,83,0.1959768744819118,0.2057744777270775,7.204600291792303,1.0067667495459318
fixed,copper,sobol,0,84,0.1959768744819118,0.2057744777270775,7.298856582958251,1.0220417072996497
fixed,copper,sobol,0,85,0.1959768744819118,0.2057744777270775,7.367786707822233,1.0297029153443873
fixed,copper,sobol,0,86,0.1959768744819118,0.2057744777270775,7.494719416834414,1.0335190403275192
fixed,copper,sobol,0,87,0.1959768744819118,0.2057744777270775,7.593857207801193,1.0471799983642995
fixed,copper,sobol,0,88,0.1959768744819118,0.2057744777270775,7.802508749999106,1.1056900825351477
fixed,copper,sobol,0,89,0.1959768744819118,0.2057744777270775,7.9079772075638175,1.1153669152408838
fixed,copper,sobol,0,90,0.1959768744819118,0.2057744777270775,8.085835416801274,1.1450392063707113
fixed,copper,sobol,0,91,0.1959768744819118,0.2057744777270775,8.221010957844555,1.15361483162269
fixed,copper,sobol,0,92,0.1959768744819118,0.2057744777270775,8.350641457829624,1.1713919145986438
fixed,copper,sobol,0,93,0.1959768744819118,0.2057744777270775,8.477316832635552,1.1871317476034164
fixed,copper,sobol,0,94,0.1959768744819118,0.2057744777270775,8.596277041826397,1.1956566222943366
fixed,copper,sobol,0,95,0.1959768744819118,0.2057744777270775,8.726290707942098,1.2120364559814334
fixed,copper,sobol,0,96,0.1959768744819118,0.2057744777270775,8.916193624958396,1.2371153309941292
fixed,copper,bo,0,1,1.2109911860973013,0.2057744777270775,0.1598802083171904,0.014605499804019928
fixed,copper,bo,0,2,0.3898933419393808,0.2057744777270775,0.243259291164577,0.031715208664536476
fixed,copper,bo,0,3,0.3898933419393808,0.2057744777270775,0.3117810832336545,0.03794683376327157
fixed,copper,bo,0,4,0.3898933419393808,0.2057744777270775,0.3951434581540525,0.05342270852997899
fixed,copper,bo,0,5,0.3555036226984997,0.2057744777270775,0.9092304580844939,0.13345904182642698
fixed,copper,bo,0,6,0.19599757114299732,0.2057744777270775,1.6302353334613144,0.16795599972829223
fixed,copper,bo,0,7,0.19598580987194594,0.2057744777270775,2.2092770831659436,0.19548220885917544
fixed,copper,bo,0,8,0.19598580987194594,0.2057744777270775,2.5912318332120776,0.20462150080129504
fixed,copper,bo,0,9,0.19598580987194594,0.2057744777270775,2.921179916244,0.2234570006839931
fixed,copper,bo,0,10,0.19597569307340712,0.2057744777270775,3.1662343330681324,0.2385872509330511
fixed,copper,bo,0,11,0.19597569307340712,0.2057744777270775,3.344320125412196,0.25274983514100313
fixed,copper,bo,0,12,0.19597569307340712,0.2057744777270775,3.549699916038662,0.26568021019920707
fixed,copper,bo,0,13,0.19597569307340712,0.2057744777270775,4.122842916287482,0.27670458517968655
fixed,copper,bo,0,14,0.19597569307340712,0.2057744777270775,4.359924583230168,0.2834029602818191
fixed,copper,bo,0,15,0.19597569307340712,0.2057744777270775,4.670912125147879,0.2943261694163084
fixed,copper,bo,0,16,0.19597569307340712,0.2057744777270775,4.899393666069955,0.30517704458907247
fixed,copper,bo,0,17,0.19597569307340712,0.2057744777270775,5.290721250232309,0.31737454421818256
fixed,copper,bo,0,18,0.19597569307340712,0.2057744777270775,5.4650900000706315,0.32908212719485164
fixed,copper,bo,0,19,0.19597569307340712,0.2057744777270775,5.69227600004524,0.34068283531814814
fixed,copper,bo,0,20,0.19597569307340712,0.2057744777270775,6.070822791196406,0.3518700022250414
fixed,copper,bo,0,21,0.19597569307340712,0.2057744777270775,6.464029250200838,0.3619811683893204
fixed,copper,bo,0,22,0.19597569307340712,0.2057744777270775,6.631798916030675,0.3723338353447616
fixed,copper,bo,0,23,0.19597569307340712,0.2057744777270775,7.0084001664072275,0.3823831691406667
fixed,copper,bo,0,24,0.19597569307340712,0.2057744777270775,7.503240625374019,0.39214025205001235
fixed,copper,bo,0,25,0.19597569307340712,0.2057744777270775,7.6852354584261775,0.4020529189147055
fixed,copper,bo,0,26,0.19597569307340712,0.2057744777270775,8.37017250014469,0.42125287698581815
fixed,copper,bo,0,27,0.19597569307340712,0.2057744777270775,8.72926887543872,0.44328612741082907
fixed,copper,bo,0,28,0.19597569307340712,0.2057744777270775,9.00093604112044,0.4573630867525935
fixed,copper,bo,0,29,0.19597569307340712,0.2057744777270775,9.38928437512368,0.4698396706953645
fixed,copper,bo,0,30,0.19597569307340712,0.2057744777270775,9.743999208323658,0.48165221279487014
fixed,copper,bo,0,31,0.19597569307340712,0.2057744777270775,10.071871041320264,0.49185221269726753
fixed,copper,bo,0,32,0.19597569307340712,0.2057744777270775,10.477793166413903,0.5044230045750737
fixed,copper,bo,0,33,0.19597569307340712,0.2057744777270775,10.794954041019082,0.5158639214932919
fixed,copper,bo,0,34,0.19597569307340712,0.2057744777270775,11.397579291369766,0.5287840054370463
fixed,copper,bo,0,35,0.19597569307340712,0.2057744777270775,11.859544875100255,0.5354044223204255
fixed,copper,bo,0,36,0.19597569307340712,0.2057744777270775,12.38238679105416,0.5501956725493073
fixed,copper,bo,0,37,0.19597569307340712,0.2057744777270775,13.556871791370213,0.5631178803741932
fixed,copper,bo,0,38,0.19597569307340712,0.2057744777270775,14.045091333333403,0.5752040054649115
fixed,copper,bo,0,39,0.19597569307340712,0.2057744777270775,14.27654887503013,0.5883315894752741
fixed,copper,bo,0,40,0.19597569307340712,0.2057744777270775,14.8749511661008,0.6126029640436172
fixed,copper,bo,0,41,0.19597569307340712,0.2057744777270775,15.580824250355363,0.6241020471788943
fixed,copper,bo,0,42,0.19597569307340712,0.2057744777270775,15.803179208189249,0.6357845049351454
fixed,copper,bo,0,43,0.19597569307340712,0.2057744777270775,16.15612933319062,0.6473721298389137
fixed,copper,bo,0,44,0.19597569307340712,0.2057744777270775,16.346892916131765,0.658898837864399
fixed,copper,bo,0,45,0.19597569307340712,0.2057744777270775,16.859375500120223,0.6695027127861977
fixed,copper,bo,0,46,0.19597569307340712,0.2057744777270775,17.04006716609001,0.6805542125366628
fixed,copper,bo,0,47,0.19597569307340712,0.2057744777270775,17.585438791196793,0.6918049622327089
fixed,copper,bo,0,48,0.19597569307340712,0.2057744777270775,17.801392041146755,0.7028565872460604
fixed,copper,bo,0,49,0.19597569307340712,0.2057744777270775,18.35148537531495,0.7177233374677598
fixed,copper,bo,0,50,0.19597569307340712,0.2057744777270775,18.785211791284382,0.7330615455284715
fixed,copper,bo,0,51,0.19597569307340712,0.2057744777270775,19.397598333191127,0.7401164206676185
fixed,copper,bo,0,52,0.19597569307340712,0.2057744777270775,19.72662950027734,0.7470652125775814
fixed,copper,bo,0,53,0.19597569307340712,0.2057744777270775,20.25998245831579,0.7587238373234868
fixed,copper,bo,0,54,0.19597569307340712,0.2057744777270775,20.61318395845592,0.7701128371991217
fixed,copper,bo,0,55,0.19597569307340712,0.2057744777270775,20.8928535412997,0.7805478372611105
fixed,copper,bo,0,56,0.19597569307340712,0.2057744777270775,21.27081041643396,0.7907155039720237
fixed,copper,bo,0,57,0.19597569307340712,0.2057744777270775,21.54610325023532,0.8002301710657775
fixed,copper,bo,0,58,0.19597569307340712,0.2057744777270775,21.807311500422657,0.8101293789222836
fixed,copper,bo,0,59,0.19597569307340712,0.2057744777270775,22.085527875460684,0.8203047537244856
fixed,copper,bo,0,60,0.19597569307340712,0.2057744777270775,22.68864316632971,0.8311409195885062
fixed,copper,bo,0,61,0.19597569307340712,0.2057744777270775,23.476670500356704,0.8492733356542885
fixed,copper,bo,0,62,0.19597569307340712,0.2057744777270775,23.931651583407074,0.8561317939311266
fixed,copper,bo,0,63,0.19597569307340712,0.2057744777270775,24.310952458065003,0.8673272519372404
fixed,copper,bo,0,64,0.19597569307340712,0.2057744777270775,24.894741750322282,0.8784939600154757
fixed,copper,bo,0,65,0.19597569307340712,0.2057744777270775,25.479435625020415,0.889055959880352
fixed,copper,bo,0,66,0.19597569307340712,0.2057744777270775,25.854130583349615,0.9005708349868655
fixed,copper,bo,0,67,0.19597569307340712,0.2057744777270775,26.48148304130882,0.911491209641099
fixed,copper,bo,0,68,0.19597569307340712,0.2057744777270775,27.016899166163057,0.9231616263277829
fixed,copper,bo,0,69,0.19597569307340712,0.2057744777270775,27.443122416269034,0.9325248352251947
fixed,copper,bo,0,70,0.19597569307340712,0.2057744777270775,27.886840666178614,0.9386472105979919
fixed,copper,bo,0,71,0.19597569307340712,0.2057744777270775,29.43470170814544,0.9536376274190843
fixed,copper,bo,0,72,0.19597569307340712,0.2057744777270775,29.965829958207905,0.9667205442674458
fixed,copper,bo,0,73,0.19597569307340712,0.2057744777270775,30.636226791422814,0.9810672113671899
fixed,copper,bo,0,74,0.19597569307340712,0.2057744777270775,31.19469541637227,0.9961497527547181
fixed,copper,bo,0,75,0.19597569307340712,0.2057744777270775,31.796606125310063,1.0037232949398458
fixed,copper,bo,0,76,0.19597569307340712,0.2057744777270775,32.134084458462894,1.0151219200342894
fixed,copper,bo,0,77,0.19597569307340712,0.2057744777270775,32.68943720823154,1.0329727530479431
fixed,copper,bo,0,78,0.19597569307340712,0.2057744777270775,33.45278129121289,1.047205419279635
fixed,copper,bo,0,79,0.19597569307340712,0.2057744777270775,34.034845541231334,1.0595105444081128
fixed,copper,bo,0,80,0.19597569307340712,0.2057744777270775,34.68527537537739,1.0726195443421602
fixed,copper,bo,0,81,0.19597569307340712,0.2057744777270775,34.99330800026655,1.0853360863402486
fixed,copper,bo,0,82,0.19597569307340712,0.2057744777270775,35.513031208422035,1.099858044181019
fixed,copper,bo,0,83,0.19597569307340712,0.2057744777270775,35.92862929124385,1.1070576692000031
fixed,copper,bo,0,84,0.19597569307340712,0.2057744777270775,36.28673437517136,1.1185722942464054
fixed,copper,bo,0,85,0.19597569307340712,0.2057744777270775,36.93362775025889,1.1323863351717591
fixed,copper,bo,0,86,0.19597569307340712,0.2057744777270775,37.923674166202545,1.1421322943642735
fixed,copper,bo,0,87,0.19597569307340712,0.2057744777270775,38.6929480410181,1.1513297520577908
fixed,copper,bo,0,88,0.19597569307340712,0.2057744777270775,39.01785695832223,1.1659139604307711
fixed,copper,bo,0,89,0.19597569307340712,0.2057744777270775,39.624455583281815,1.1765065025538206
fixed,copper,bo,0,90,0.19597569307340712,0.2057744777270775,40.117050416301936,1.1888718353584409
fixed,copper,bo,0,91,0.19597569307340712,0.2057744777270775,40.48934766603634,1.1942455852404237
fixed,copper,bo,0,92,0.19597569307340712,0.2057744777270775,40.938105875160545,1.2065910850651562
fixed,copper,bo,0,93,0.19597569307340712,0.2057744777270775,41.42784337513149,1.2165434178896248
fixed,copper,bo,0,94,0.19597569307340712,0.2057744777270775,42.205056000035256,1.2220117091201246
fixed,copper,bo,0,95,0.19597569307340712,0.2057744777270775,42.69836283335462,1.2306573339737952
fixed,copper,bo,0,96,0.19597569307340712,0.2057744777270775,43.346464375033975,1.244799375999719
fixed,copper,sobol,1,1,0.9934598382567322,0.2057744777270775,0.0785602917894721,0.0050550419837236404
fixed,copper,sobol,1,2,0.19598389612508613,0.2057744777270775,0.12549495790153742,0.013667126186192036
fixed,copper,sobol,1,3,0.19598389612508613,0.2057744777270775,0.17442491697147489,0.022850500885397196
fixed,copper,sobol,1,4,0.19598389612508613,0.2057744777270775,0.22538258275017142,0.03378404164686799
fixed,copper,sobol,1,5,0.19598389612508613,0.2057744777270775,0.2728874580934644,0.041688624769449234
fixed,copper,sobol,1,6,0.19598389612508613,0.2057744777270775,0.3198510827496648,0.05167554132640362
fixed,copper,sobol,1,7,0.19598389612508613,0.2057744777270775,0.3651721249334514,0.059410583693534136
fixed,copper,sobol,1,8,0.19598389612508613,0.2057744777270775,0.408421624917537,0.06407720874994993
fixed,copper,sobol,1,9,0.19598389612508613,0.2057744777270775,0.4539784579537809,0.0686734588816762
fixed,copper,sobol,1,10,0.19598389612508613,0.2057744777270775,0.5046414169482887,0.07684362586587667
fixed,copper,sobol,1,11,0.19598389612508613,0.2057744777270775,0.5539478748105466,0.0856313337571919
fixed,copper,sobol,1,12,0.19598389612508613,0.2057744777270775,0.6052942499518394,0.09522166661918163
fixed,copper,sobol,1,13,0.19598389612508613,0.2057744777270775,0.654969375114888,0.10315624997019768
fixed,copper,sobol,1,14,0.19598389612508613,0.2057744777270775,0.7069211667403579,0.1127106249332428
fixed,copper,sobol,1,15,0.19598389612508613,0.2057744777270775,0.7602302078157663,0.12101787514984608
fixed,copper,sobol,1,16,0.19598389612508613,0.2057744777270775,0.8095969171263278,0.12599616637453437
fixed,copper,sobol,1,17,0.19598389612508613,0.2057744777270775,0.8589451247826219,0.1310409582220018
fixed,copper,sobol,1,18,0.19598389612508613,0.2057744777270775,0.9124075421132147,0.1391902081668377
fixed,copper,sobol,1,19,0.19598389612508613,0.2057744777270775,0.9655770417302847,0.14713495830073953
fixed,copper,sobol,1,20,0.19598389612508613,0.2057744777270775,1.022612125147134,0.1575813740491867
fixed,copper,sobol,1,21,0.19598389612508613,0.2057744777270775,1.080882125068456,0.16832045698538423
fixed,copper,sobol,1,22,0.19598389612508613,0.2057744777270775,1.1395025830715895,0.17861416516825557
fixed,copper,sobol,1,23,0.19598389612508613,0.2057744777270775,1.1958089577965438,0.18688566517084837
fixed,copper,sobol,1,24,0.19598389612508613,0.2057744777270775,1.2477168748155236,0.1919337073341012
fixed,copper,sobol,1,25,0.19598389612508613,0.2057744777270775,1.2988797081634402,0.19701391644775867
fixed,copper,sobol,1,26,0.19598389612508613,0.2057744777270775,1.3523201667703688,0.20538295758888125
fixed,copper,sobol,1,27,0.19598389612508613,0.2057744777270775,1.4056754168123007,0.21206024941056967
fixed,copper,sobol,1,28,0.19598389612508613,0.2057744777270775,1.464142832905054,0.22336791642010212
fixed,copper,sobol,1,29,0.19598389612508613,0.2057744777270775,1.519707249943167,0.23276600055396557
fixed,copper,sobol,1,30,0.19598389612508613,0.2057744777270775,1.5751842921599746,0.24179250095039606
fixed,copper,sobol,1,31,0.19598389612508613,0.2057744777270775,1.6317903748713434,0.24987229192629457
fixed,copper,sobol,1,32,0.19598389612508613,0.2057744777270775,1.687276666983962,0.254940124694258
fixed,copper,sobol,1,33,0.19598389612508613,0.2057744777270775,1.743459291756153,0.2601611656136811
fixed,copper,sobol,1,34,0.19598389612508613,0.2057744777270775,1.7991793327964842,0.2686714567244053
fixed,copper,sobol,1,35,0.19598389612508613,0.2057744777270775,1.8564852918498218,0.27735012397170067
fixed,copper,sobol,1,36,0.19598389612508613,0.2057744777270775,1.9144268748350441,0.28783004079014063
fixed,copper,sobol,1,37,0.19598389612508613,0.2057744777270775,1.9706692919135094,0.2966859578154981
fixed,copper,sobol,1,38,0.19598389612508613,0.2057744777270775,2.029327374882996,0.30641512339934707
fixed,copper,sobol,1,39,0.19598389612508613,0.2057744777270775,2.087016999721527,0.31472041457891464
fixed,copper,sobol,1,40,0.19598389612508613,0.2057744777270775,2.1409339578822255,0.3196767899207771
fixed,copper,sobol,1,41,0.19598389612508613,0.2057744777270775,2.1947375000454485,0.3246908732689917
fixed,copper,sobol,1,42,0.19598389612508613,0.2057744777270775,2.2532605421729386,0.33324991445988417
fixed,copper,sobol,1,43,0.19598389612508613,0.2057744777270775,2.3124407078139484,0.342071748804301
fixed,copper,sobol,1,44,0.19598389612508613,0.2057744777270775,2.3735803747549653,0.35091058257967234
fixed,copper,sobol,1,45,0.19598389612508613,0.2057744777270775,2.4347455417737365,0.35900316573679447
fixed,copper,sobol,1,46,0.19598389612508613,0.2057744777270775,2.4945092080160975,0.3695479156449437
fixed,copper,sobol,1,47,0.19598389612508613,0.2057744777270775,2.5499159577302635,0.37690745666623116
fixed,copper,sobol,1,48,0.19598389612508613,0.2057744777270775,2.6027603331021965,0.38155291555449367
fixed,copper,sobol,1,49,0.19598389612508613,0.2057744777270775,2.6568600828759372,0.3862175405956805
fixed,copper,sobol,1,50,0.19597787741468206,0.2057744777270775,2.7137085827998817,0.3942160406149924
fixed,copper,sobol,1,51,0.19597787741468206,0.2057744777270775,2.770633792039007,0.40175999887287617
fixed,copper,sobol,1,52,0.19597787741468206,0.2057744777270775,2.8308231248520315,0.41258024889975786
fixed,copper,sobol,1,53,0.19597787741468206,0.2057744777270775,2.8902864577248693,0.42148045683279634
fixed,copper,sobol,1,54,0.19597787741468206,0.2057744777270775,2.9532298329286277,0.43078437354415655
fixed,copper,sobol,1,55,0.19597787741468206,0.2057744777270775,3.0116687500849366,0.4384255828335881
fixed,copper,sobol,1,56,0.19597787741468206,0.2057744777270775,3.067380332853645,0.44314541621133685
fixed,copper,sobol,1,57,0.19597787741468206,0.2057744777270775,3.1237177080474794,0.4480164162814617
fixed,copper,sobol,1,58,0.19597787741468206,0.2057744777270775,3.1825365000404418,0.4552547070197761
fixed,copper,sobol,1,59,0.19597787741468206,0.2057744777270775,3.2429651669226587,0.46384316496551037
fixed,copper,sobol,1,60,0.19597787741468206,0.2057744777270775,3.304299166891724,0.4730784990824759
fixed,copper,sobol,1,61,0.19597787741468206,0.2057744777270775,3.3640072499401867,0.48098903987556696
fixed,copper,sobol,1,62,0.19597787741468206,0.2057744777270775,3.42699516704306,0.4907344151288271
fixed,copper,sobol,1,63,0.19597787741468206,0.2057744777270775,3.4929747921414673,0.499121499247849
fixed,copper,sobol,1,64,0.19597787741468206,0.2057744777270775,3.550605374854058,0.5039656665176153
fixed,copper,sobol,1,65,0.19597787741468206,0.2057744777270775,3.608139832969755,0.5085992910899222
fixed,copper,sobol,1,66,0.19597787741468206,0.2057744777270775,3.6751861250959337,0.5223552910611033
fixed,copper,sobol,1,67,0.19597787741468206,0.2057744777270775,3.7365585421212018,0.5307254572398961
fixed,copper,sobol,1,68,0.19597787741468206,0.2057744777270775,3.803816999774426,0.5400155400857329
fixed,copper,sobol,1,69,0.19597787741468206,0.2057744777270775,3.8708090828731656,0.5487838727422059
fixed,copper,sobol,1,70,0.19597787741468206,0.2057744777270775,3.936487208120525,0.5584166226908565
fixed,copper,sobol,1,71,0.19597787741468206,0.2057744777270775,4.00240229209885,0.5669037476181984
fixed,copper,sobol,1,72,0.19597787741468206,0.2057744777270775,4.06455466710031,0.5716549977660179
fixed,copper,sobol,1,73,0.19597787741468206,0.2057744777270775,4.131454332731664,0.576688164845109
fixed,copper,sobol,1,74,0.1959765784379049,0.2057744777270775,4.202150791883469,0.5856329980306327
fixed,copper,sobol,1,75,0.1959765784379049,0.2057744777270775,4.270910167135298,0.5936843729577959
fixed,copper,sobol,1,76,0.1959765784379049,0.2057744777270775,4.342983666807413,0.6035703732632101
fixed,copper,sobol,1,77,0.1959765784379049,0.2057744777270775,4.414003416895866,0.6128573310561478
fixed,copper,sobol,1,78,0.1959765784379049,0.2057744777270775,4.486448457930237,0.6218964969739318
fixed,copper,sobol,1,79,0.1959765784379049,0.2057744777270775,4.553817917127162,0.629848747048527
fixed,copper,sobol,1,80,0.1959765784379049,0.2057744777270775,4.61869483301416,0.6347396629862487
fixed,copper,sobol,1,81,0.1959765784379049,0.2057744777270775,4.684348083101213,0.6396935801021755
fixed,copper,sobol,1,82,0.1959765784379049,0.2057744777270775,4.753243083134294,0.6482212049886584
fixed,copper,sobol,1,83,0.1959765784379049,0.2057744777270775,4.824280624743551,0.6574672046117485
fixed,copper,sobol,1,84,0.1959765784379049,0.2057744777270775,4.8955068327486515,0.6669331626035273
fixed,copper,sobol,1,85,0.1959765784379049,0.2057744777270775,4.962012458126992,0.6751502468250692
fixed,copper,sobol,1,86,0.1959765784379049,0.2057744777270775,5.0386806251481175,0.6931122890673578
fixed,copper,sobol,1,87,0.1959765784379049,0.2057744777270775,5.1041464577429,0.7003482887521386
fixed,copper,sobol,1,88,0.1959765784379049,0.2057744777270775,5.170291875023395,0.7050569546408951
fixed,copper,sobol,1,89,0.1959765784379049,0.2057744777270775,5.235959124751389,0.7096909126266837
fixed,copper,sobol,1,90,0.1959765784379049,0.2057744777270775,5.303009000141174,0.7174298288300633
fixed,copper,sobol,1,91,0.1959765784379049,0.2057744777270775,5.372227666899562,0.7253384119831026
fixed,copper,sobol,1,92,0.1959765784379049,0.2057744777270775,5.4471932500600815,0.7351127038709819
fixed,copper,sobol,1,93,0.1959765784379049,0.2057744777270775,5.515536500141025,0.743232537060976
fixed,copper,sobol,1,94,0.1959765784379049,0.2057744777270775,5.585533499717712,0.7520382450893521
fixed,copper,sobol,1,95,0.1959765784379049,0.2057744777270775,5.6530342497862875,0.7594811199232936
fixed,copper,sobol,1,96,0.1959765784379049,0.2057744777270775,5.75318208290264,0.7639010781422257
fixed,copper,bo,1,1,0.9934598382567322,0.2057744777270775,0.0758796245791018,0.004771125037223101
fixed,copper,bo,1,2,0.19598389612508613,0.2057744777270775,0.12077670777216554,0.012792875058948994
fixed,copper,bo,1,3,0.19598389612508613,0.2057744777270775,0.16656733257696033,0.021099834237247705
fixed,copper,bo,1,4,0.19598389612508613,0.2057744777270775,0.2169610420241952,0.0307914181612432
fixed,copper,bo,1,5,0.19598389612508613,0.2057744777270775,0.3082832917571068,0.040067585185170174
fixed,copper,bo,1,6,0.19598389612508613,0.2057744777270775,0.40143874986097217,0.048017585184425116
fixed,copper,bo,1,7,0.19598389612508613,0.2057744777270775,0.5079243327490985,0.05604454409331083
fixed,copper,bo,1,8,0.19598389612508613,0.2057744777270775,0.6112598748877645,0.06383637711405754
fixed,copper,bo,1,9,0.19598389612508613,0.2057744777270775,0.7046401249244809,0.07140387687832117
fixed,copper,bo,1,10,0.19598389612508613,0.2057744777270775,0.8106319578364491,0.07972700195387006
fixed,copper,bo,1,11,0.19598389612508613,0.2057744777270775,0.9247589996084571,0.08483200194314122
fixed,copper,bo,1,12,0.19598389612508613,0.2057744777270775,1.0454536667093635,0.0945897102355957
fixed,copper,bo,1,13,0.19598389612508613,0.2057744777270775,1.188478082884103,0.0996717931702733
fixed,copper,bo,1,14,0.19598389612508613,0.2057744777270775,1.3473795419558883,0.10956746013835073
fixed,copper,bo,1,15,0.19598389612508613,0.2057744777270775,1.6945580416359007,0.11863008514046669
fixed,copper,bo,1,16,0.19598020929214044,0.2057744777270775,2.0754619166254997,0.1290180440992117
fixed,copper,bo,1,17,0.19598020929214044,0.2057744777270775,2.273334624711424,0.13389246119186282
fixed,copper,bo,1,18,0.19598020929214044,0.2057744777270775,2.4302031248807907,0.1434656702913344
fixed,copper,bo,1,19,0.19598020929214044,0.2057744777270775,2.879097582772374,0.15242112800478935
fixed,copper,bo,1,20,0.19598020929214044,0.2057744777270775,3.8491582917049527,0.1723787528462708
fixed,copper,bo,1,21,0.19598020929214044,0.2057744777270775,4.48333437461406,0.18826200300827622
fixed,copper,bo,1,22,0.19598020929214044,0.2057744777270775,4.8472017496824265,0.19950504414737225
fixed,copper,bo,1,23,0.19598020929214044,0.2057744777270775,5.390350207686424,0.21003679418936372
fixed,copper,bo,1,24,0.19598020929214044,0.2057744777270775,5.964526957832277,0.21590146096423268
fixed,copper,bo,1,25,0.19597767878635117,0.2057744777270775,6.671278416644782,0.22615704406052828
fixed,copper,bo,1,26,0.19597767878635117,0.2057744777270775,6.853865250013769,0.23617083579301834
fixed,copper,bo,1,27,0.19597767878635117,0.2057744777270775,7.301429957617074,0.24494033586233854
fixed,copper,bo,1,28,0.1959747066666524,0.2057744777270775,7.572339832782745,0.25619025295600295
fixed,copper,bo,1,29,0.1959747066666524,0.2057744777270775,7.757757166866213,0.2670801281929016
fixed,copper,bo,1,30,0.1959747066666524,0.2057744777270775,8.044392541982234,0.2771082120016217
fixed,copper,bo,1,31,0.1959747066666524,0.2057744777270775,8.30820354167372,0.2867050040513277
fixed,copper,bo,1,32,0.1959747066666524,0.2057744777270775,8.632290082983673,0.292262211907655
fixed,copper,bo,1,33,0.1959747066666524,0.2057744777270775,9.25244141696021,0.30442754458636045
fixed,copper,bo,1,34,0.1959744354233358,0.2057744777270775,9.59835279174149,0.3220333787612617
fixed,copper,bo,1,35,0.1959744354233358,0.2057744777270775,9.871871958021075,0.3348298789933324
fixed,copper,bo,1,36,0.1959744354233358,0.2057744777270775,10.28317516669631,0.35176446195691824
fixed,copper,bo,1,37,0.1959744354233358,0.2057744777270775,10.49747912492603,0.3637227532453835
fixed,copper,bo,1,38,0.1959744354233358,0.2057744777270775,11.034739499911666,0.3766597113572061
fixed,copper,bo,1,39,0.1959744354233358,0.2057744777270775,11.345405832864344,0.3875200031325221
fixed,copper,bo,1,40,0.1959744354233358,0.2057744777270775,11.75780408270657,0.3985319612547755
fixed,copper,bo,1,41,0.1959744354233358,0.2057744777270775,12.034885916858912,0.4099770034663379
fixed,copper,bo,1,42,0.1959744354233358,0.2057744777270775,12.791971792001277,0.42011987837031484
fixed,copper,bo,1,43,0.1959744354233358,0.2057744777270775,12.993144041858613,0.4298560875467956
fixed,copper,bo,1,44,0.1959744354233358,0.2057744777270775,13.181010874919593,0.4394856714643538
fixed,copper,bo,1,45,0.1959744354233358,0.2057744777270775,13.509055957663804,0.45003550546243787
fixed,copper,bo,1,46,0.1959744354233358,0.2057744777270775,13.985872874967754,0.4622565056197345
fixed,copper,bo,1,47,0.1959744354233358,0.2057744777270775,14.527232207823545,0.4826280474662781
fixed,copper,bo,1,48,0.1959744354233358,0.2057744777270775,15.371634832583368,0.4971191305667162
fixed,copper,bo,1,49,0.1959744354233358,0.2057744777270775,15.951436457689852,0.5035490058362484
fixed,copper,bo,1,50,0.1959744354233358,0.2057744777270775,16.343093582894653,0.5148625471629202
fixed,copper,bo,1,51,0.1959744354233358,0.2057744777270775,16.78875454189256,0.5261385468766093
fixed,copper,bo,1,52,0.1959744354233358,0.2057744777270775,17.468213624786586,0.5385962966829538
fixed,copper,bo,1,53,0.1959744354233358,0.2057744777270775,17.92152504157275,0.5509204627014697
fixed,copper,bo,1,54,0.1959744354233358,0.2057744777270775,18.252994416747242,0.5623941710218787
fixed,copper,bo,1,55,0.1959744354233358,0.2057744777270775,18.756344666704535,0.5717317131347954
fixed,copper,bo,1,56,0.1959744354233358,0.2057744777270775,18.973511832766235,0.5828333385288715
fixed,copper,bo,1,57,0.1959744354233358,0.2057744777270775,19.702418374828994,0.5904087135568261
fixed,copper,bo,1,58,0.1959744354233358,0.2057744777270775,20.131369666662067,0.6033346303738654
fixed,copper,bo,1,59,0.1959744354233358,0.2057744777270775,20.435951749794185,0.6161304633133113
fixed,copper,bo,1,60,0.1959744354233358,0.2057744777270775,20.897565707564354,0.6291493382304907
fixed,copper,bo,1,61,0.1959744354233358,0.2057744777270775,21.31813033297658,0.6399778793565929
fixed,copper,bo,1,62,0.1959744354233358,0.2057744777270775,21.656776166986674,0.6500847125425935
fixed,copper,bo,1,63,0.1959744354233358,0.2057744777270775,21.975250874646008,0.6603515045717359
fixed,copper,bo,1,64,0.1959744354233358,0.2057744777270775,22.260530666913837,0.665672963950783
fixed,copper,bo,1,65,0.1959744354233358,0.2057744777270775,22.872884374577552,0.6710295886732638
fixed,copper,bo,1,66,0.1959744354233358,0.2057744777270775,23.064768666867167,0.6803079219534993
fixed,copper,bo,1,67,0.1959744354233358,0.2057744777270775,23.852939582895488,0.6894246721640229
fixed,copper,bo,1,68,0.1959744354233358,0.2057744777270775,24.231908333022147,0.6990740890614688
fixed,copper,bo,1,69,0.1959744354233358,0.2057744777270775,24.615689374972135,0.7077586310915649
fixed,copper,bo,1,70,0.1959744354233358,0.2057744777270775,25.091132291592658,0.7164598810486495
fixed,copper,bo,1,71,0.1959744354233358,0.2057744777270775,25.5338827916421,0.7264182148501277
fixed,copper,bo,1,72,0.1959744354233358,0.2057744777270775,26.413755082990974,0.7313992981798947
fixed,copper,bo,1,73,0.1959744354233358,0.2057744777270775,26.94072312489152,0.7366613810881972
fixed,copper,bo,1,74,0.1959744354233358,0.2057744777270775,27.4246663749218,0.7452351311221719
fixed,copper,bo,1,75,0.1959744354233358,0.2057744777270775,27.956793082877994,0.7531096311286092
fixed,copper,bo,1,76,0.1959744354233358,0.2057744777270775,28.479626374784857,0.7627502563409507
fixed,copper,bo,1,77,0.1959744354233358,0.2057744777270775,28.847876749932766,0.7712930063717067
fixed,copper,bo,1,78,0.1959744354233358,0.2057744777270775,29.252986249979585,0.78007458942011
fixed,copper,bo,1,79,0.1959744354233358,0.2057744777270775,29.645908624865115,0.7880247556604445
fixed,copper,bo,1,80,0.1959744354233358,0.2057744777270775,30.05571349989623,0.7931040888652205
fixed,copper,bo,1,81,0.1959744354233358,0.2057744777270775,30.614270832855254,0.7980680060572922
fixed,copper,bo,1,82,0.1959744354233358,0.2057744777270775,30.970317707862705,0.8061302560381591
fixed,copper,bo,1,83,0.1959744354233358,0.2057744777270775,31.47959058266133,0.8157583810389042
fixed,copper,bo,1,84,0.1959744354233358,0.2057744777270775,32.09746791701764,0.8251492977142334
fixed,copper,bo,1,85,0.1959744354233358,0.2057744777270775,32.68302462482825,0.8333416315726936
fixed,copper,bo,1,86,0.1959744354233358,0.2057744777270775,33.280276332981884,0.8510948815383017
fixed,copper,bo,1,87,0.1959744354233358,0.2057744777270775,33.79904337460175,0.8588154227472842
fixed,copper,bo,1,88,0.1959744354233358,0.2057744777270775,34.02649883273989,0.8668497977778316
fixed,copper,bo,1,89,0.1959744354233358,0.2057744777270775,34.21702591702342,0.8746853806078434
fixed,copper,bo,1,90,0.1959744354233358,0.2057744777270775,34.774354707915336,0.8830497553572059
fixed,copper,bo,1,91,0.1959744354233358,0.2057744777270775,35.33139529172331,0.8914485471323133
fixed,copper,bo,1,92,0.1959744354233358,0.2057744777270775,35.91841429192573,0.9008416309952736
fixed,copper,bo,1,93,0.1959744354233358,0.2057744777270775,36.30121900001541,0.9086446310393512
fixed,copper,bo,1,94,0.1959744354233358,0.2057744777270775,36.67887858301401,0.9173960890620947
fixed,copper,bo,1,95,0.1959744354233358,0.2057744777270775,37.21933987457305,0.9250871716067195
fixed,copper,bo,1,96,0.1959744354233358,0.2057744777270775,37.927625332958996,0.9301238805055618
fixed,copper,random,1,1,1.463367639921246,0.2057744777270775,0.08114866679534316,0.007914416957646608
fixed,copper,random,1,2,0.545961055779604,0.2057744777270775,0.12759887473657727,0.016287167090922594
fixed,copper,random,1,3,0.545961055779604,0.2057744777270775,0.17847124999389052,0.02891745837405324
fixed,copper,random,1,4,0.379784777561507,0.2057744777270775,0.22844745870679617,0.039221958722919226
fixed,copper,random,1,5,0.379784777561507,0.2057744777270775,0.27650854177773,0.048602376133203506
fixed,copper,random,1,6,0.379784777561507,0.2057744777270775,0.3377066249959171,0.05725041730329394
fixed,copper,random,1,7,0.379784777561507,0.2057744777270775,0.3867329997010529,0.06620054226368666
fixed,copper,random,1,8,0.2831996104165235,0.2057744777270775,0.4335159589536488,0.0741082513704896
fixed,copper,random,1,9,0.2831996104165235,0.2057744777270775,0.4772325837984681,0.07904116809368134
fixed,copper,random,1,10,0.2831996104165235,0.2057744777270775,0.5226988750509918,0.08406666805967689
fixed,copper,random,1,11,0.2831996104165235,0.2057744777270775,0.5680412920191884,0.08905596006661654
fixed,copper,random,1,12,0.2343206305505835,0.2057744777270775,0.6188106667250395,0.09859145991504192
fixed,copper,random,1,13,0.22814707960000044,0.2057744777270775,0.6739482916891575,0.11262212693691254
fixed,copper,random,1,14,0.22814707960000044,0.2057744777270775,0.7182434997521341,0.11765454290434718
fixed,copper,random,1,15,0.22814707960000044,0.2057744777270775,0.764271083753556,0.12519779289141297
fixed,copper,random,1,16,0.22814707960000044,0.2057744777270775,0.8090576250106096,0.12987916776910424
fixed,copper,random,1,17,0.22814707960000044,0.2057744777270775,0.8607620000839233,0.13768620882183313
fixed,copper,random,1,18,0.19720155675856146,0.2057744777270775,0.9082731250673532,0.14556562574580312
fixed,copper,random,1,19,0.19720155675856146,0.2057744777270775,0.9570978339761496,0.1542816678993404
fixed,copper,random,1,20,0.19720155675856146,0.2057744777270775,1.0030532497912645,0.1594427521340549
fixed,copper,random,1,21,0.19720155675856146,0.2057744777270775,1.0524265416897833,0.1685585854575038
fixed,copper,random,1,22,0.19720155675856146,0.2057744777270775,1.1047084997408092,0.17841946054250002
fixed,copper,random,1,23,0.19720155675856146,0.2057744777270775,1.1500804997049272,0.18309596041217446
fixed,copper,random,1,24,0.19720155675856146,0.2057744777270775,1.1971704587340355,0.18771971063688397
fixed,copper,random,1,25,0.19720155675856146,0.2057744777270775,1.2433019587770104,0.1923356275074184
fixed,copper,random,1,26,0.19720155675856146,0.2057744777270775,1.295485499780625,0.2019851696677506
fixed,copper,random,1,27,0.19720155675856146,0.2057744777270775,1.3459721668623388,0.20994512783363461
fixed,copper,random,1,28,0.19720155675856146,0.2057744777270775,1.3977452497929335,0.21834537805989385
fixed,copper,random,1,29,0.19720155675856146,0.2057744777270775,1.4525326248258352,0.22619129391387105
fixed,copper,random,1,30,0.19720155675856146,0.2057744777270775,1.5004284167662263,0.2309550018981099
fixed,copper,random,1,31,0.19720155675856146,0.2057744777270775,1.5487966667860746,0.2356496686115861
fixed,copper,random,1,32,0.19720155675856146,0.2057744777270775,1.60080104181543,0.2436579605564475
fixed,copper,random,1,33,0.19720155675856146,0.2057744777270775,1.65237258374691,0.2513187103904784
fixed,copper,random,1,34,0.19720155675856146,0.2057744777270775,1.706744084134698,0.25990971038118005
fixed,copper,random,1,35,0.19720155675856146,0.2057744777270775,1.7547135837376118,0.2646517101675272
fixed,copper,random,1,36,0.19720155675856146,0.2057744777270775,1.8044698340818286,0.2693271259777248
fixed,copper,random,1,37,0.19720155675856146,0.2057744777270775,1.8539169169962406,0.2739842510782182
fixed,copper,random,1,38,0.19720155675856146,0.2057744777270775,1.9037532089278102,0.27869500080123544
fixed,copper,random,1,39,0.19720155675856146,0.2057744777270775,1.9646877087652683,0.2897695004940033
fixed,copper,random,1,40,0.19720155675856146,0.2057744777270775,2.0229416247457266,0.2980035422369838
fixed,copper,random,1,41,0.19720155675856146,0.2057744777270775,2.081747999880463,0.3066321676596999
fixed,copper,random,1,42,0.19720155675856146,0.2057744777270775,2.1389999170787632,0.31535270996391773
fixed,copper,random,1,43,0.19599750938840207,0.2057744777270775,2.1979773337952793,0.3236360442824662
fixed,copper,random,1,44,0.19599750938840207,0.2057744777270775,2.2554308748804033,0.3327249614521861
fixed,copper,random,1,45,0.19599750938840207,0.2057744777270775,2.3163531669415534,0.3408527532592416
fixed,copper,random,1,46,0.19599750938840207,0.2057744777270775,2.373934041708708,0.3458213363774121
fixed,copper,random,1,47,0.19599750938840207,0.2057744777270775,2.431998916901648,0.35099466936662793
fixed,copper,random,1,48,0.195996003064471,0.2057744777270775,2.4946330836974084,0.3596804616972804
fixed,copper,random,1,49,0.195996003064471,0.2057744777270775,2.560350999701768,0.3702948777936399
fixed,copper,random,1,50,0.195996003064471,0.2057744777270775,2.6254845838993788,0.37893762765452266
fixed,copper,random,1,51,0.195996003064471,0.2057744777270775,2.690331249963492,0.3870749194175005
fixed,copper,random,1,52,0.195996003064471,0.2057744777270775,2.7558127497322857,0.3953147525899112
fixed,copper,random,1,53,0.195996003064471,0.2057744777270775,2.822161499876529,0.4041155865415931
fixed,copper,random,1,54,0.195996003064471,0.2057744777270775,2.890845709014684,0.41277083614841104
fixed,copper,random,1,55,0.195996003064471,0.2057744777270775,2.9617223339155316,0.4211194198578596
fixed,copper,random,1,56,0.195996003064471,0.2057744777270775,3.0417040837928653,0.4346325038932264
fixed,copper,random,1,57,0.1959746119287382,0.2057744777270775,3.112160624936223,0.44416625425219536
fixed,copper,random,1,58,0.1959746119287382,0.2057744777270775,3.1795985838398337,0.45029804622754455
fixed,copper,random,1,59,0.1959746119287382,0.2057744777270775,3.2458092090673745,0.45575583819299936
fixed,copper,random,1,60,0.1959746119287382,0.2057744777270775,3.3168237088248134,0.4615928800776601
fixed,copper,random,1,61,0.1959746119287382,0.2057744777270775,3.380871624685824,0.4671217128634453
fixed,copper,random,1,62,0.1959746119287382,0.2057744777270775,3.444819124881178,0.47253567073494196
fixed,copper,random,1,63,0.1959746119287382,0.2057744777270775,3.5097058340907097,0.4778473796322942
fixed,copper,random,1,64,0.1959746119287382,0.2057744777270775,3.581960499752313,0.48802229668945074
fixed,copper,random,1,65,0.1959746119287382,0.2057744777270775,3.6534104999154806,0.49742804700508714
fixed,copper,random,1,66,0.1959746119287382,0.2057744777270775,3.727204208727926,0.5082072969526052
fixed,copper,random,1,67,0.1959746119287382,0.2057744777270775,3.7976027918048203,0.5173722128383815
fixed,copper,random,1,68,0.1959746119287382,0.2057744777270775,3.868612667080015,0.5261392127722502
fixed,copper,random,1,69,0.1959746119287382,0.2057744777270775,3.9398229168727994,0.5353001300245523
fixed,copper,random,1,70,0.1959746119287382,0.2057744777270775,4.00926904194057,0.5406672973185778
fixed,copper,random,1,71,0.1959746119287382,0.2057744777270775,4.120122666936368,0.5610702144913375
fixed,copper,random,1,72,0.1959746119287382,0.2057744777270775,4.194324541836977,0.5669640065170825
fixed,copper,random,1,73,0.1959746119287382,0.2057744777270775,4.272719958797097,0.577041506767273
fixed,copper,random,1,74,0.1959746119287382,0.2057744777270775,4.346679334063083,0.5828784224577248
fixed,copper,random,1,75,0.1959746119287382,0.2057744777270775,4.427562791854143,0.5928002973087132
fixed,copper,random,1,76,0.1959746119287382,0.2057744777270775,4.518504291772842,0.6043277564458549
fixed,copper,random,1,77,0.1959746119287382,0.2057744777270775,4.627016416750848,0.6161116724833846
fixed,copper,random,1,78,0.1959746119287382,0.2057744777270775,4.753970459103584,0.6302018812857568
fixed,copper,random,1,79,0.1959746119287382,0.2057744777270775,4.85593166667968,0.6369257559999824
fixed,copper,random,1,80,0.1959746119287382,0.2057744777270775,4.9588100840337574,0.6437590890564024
fixed,copper,random,1,81,0.1959746119287382,0.2057744777270775,5.074522208888084,0.6560222562402487
fixed,copper,random,1,82,0.1959746119287382,0.2057744777270775,5.192120375111699,0.6748554641380906
fixed,copper,random,1,83,0.1959746119287382,0.2057744777270775,5.306746291927993,0.6881014639511704
fixed,copper,random,1,84,0.1959746119287382,0.2057744777270775,5.426127458922565,0.702416256070137
fixed,copper,random,1,85,0.1959746119287382,0.2057744777270775,5.539868459105492,0.7172790062613785
fixed,copper,random,1,86,0.1959746119287382,0.2057744777270775,5.638801374938339,0.7291280473582447
fixed,copper,random,1,87,0.1959746119287382,0.2057744777270775,5.737385875079781,0.7415733383968472
fixed,copper,random,1,88,0.1959746119287382,0.2057744777270775,5.832540874835104,0.7530778804793954
fixed,copper,random,1,89,0.1959746119287382,0.2057744777270775,5.9226372498087585,0.7595602553337812
fixed,copper,random,1,90,0.1959746119287382,0.2057744777270775,6.014151624869555,0.766073047183454
fixed,copper,random,1,91,0.1959746119287382,0.2057744777270775,6.1146574998274446,0.7798164221458137
fixed,copper,random,1,92,0.1959746119287382,0.2057744777270775,6.21669154195115,0.7965935892425478
fixed,copper,random,1,93,0.1959746119287382,0.2057744777270775,6.312295333947986,0.8083530473522842
fixed,copper,random,1,94,0.1959746119287382,0.2057744777270775,6.400528416968882,0.8149552973918617
fixed,copper,random,1,95,0.1959746119287382,0.2057744777270775,6.477280541788787,0.8263455051928759
fixed,copper,random,1,96,0.1959746119287382,0.2057744777270775,6.618197083938867,0.8325132131576538
fixed,copper,bo,2,1,0.37328832536329665,0.2057744777270775,0.10061158379539847,0.01175804203376174
fixed,copper,bo,2,2,0.37328832536329665,0.2057744777270775,0.1583245419897139,0.0216048751026392
fixed,copper,bo,2,3,0.19745089558293968,0.2057744777270775,0.21716279163956642,0.03183941636234522
fixed,copper,bo,2,4,0.19745089558293968,0.2057744777270775,0.26929845893755555,0.03765520825982094
fixed,copper,bo,2,5,0.19745089558293968,0.2057744777270775,0.373607374727726,0.04603408323600888
fixed,copper,bo,2,6,0.19745089558293968,0.2057744777270775,0.4874834166839719,0.05145170819014311
fixed,copper,bo,2,7,0.19745089558293968,0.2057744777270775,0.6105086249299347,0.0629144161939621
fixed,copper,bo,2,8,0.1959954478355115,0.2057744777270775,0.7221084586344659,0.07199924951419234
fixed,copper,bo,2,9,0.19597783815896805,0.2057744777270775,0.8364620418287814,0.08132391516119242
fixed,copper,bo,2,10,0.19597783815896805,0.2057744777270775,0.9380777087062597,0.08673733193427324
fixed,copper,bo,2,11,0.19597783815896805,0.2057744777270775,1.0486357086338103,0.09380216570571065
fixed,copper,bo,2,12,0.19597783815896805,0.2057744777270775,1.1768844588659704,0.10163299832493067
fixed,copper,bo,2,13,0.19597783815896805,0.2057744777270775,1.288989749737084,0.11019758228212595
fixed,copper,bo,2,14,0.19597783815896805,0.2057744777270775,1.396339874714613,0.11991870729252696
fixed,copper,bo,2,15,0.19597783815896805,0.2057744777270775,1.5167938340455294,0.128389791585505
fixed,copper,bo,2,16,0.19597783815896805,0.2057744777270775,1.6463887500576675,0.13677837420254946
fixed,copper,bo,2,17,0.19597621865154757,0.2057744777270775,1.7905661249533296,0.1454356242902577
fixed,copper,bo,2,18,0.19597621865154757,0.2057744777270775,2.0057388339191675,0.15396266616880894
fixed,copper,bo,2,19,0.19597621865154757,0.2057744777270775,2.359208416659385,0.16304562520235777
fixed,copper,bo,2,20,0.19597621865154757,0.2057744777270775,2.6029187086969614,0.17143833311274648
fixed,copper,bo,2,21,0.19597621865154757,0.2057744777270775,2.8439195840619504,0.18043974926695228
fixed,copper,bo,2,22,0.19597621865154757,0.2057744777270775,2.9987446246668696,0.18904945719987154
fixed,copper,bo,2,23,0.19597621865154757,0.2057744777270775,3.1276860837824643,0.1973545402288437
fixed,copper,bo,2,24,0.19597621865154757,0.2057744777270775,3.374258916825056,0.2065617060288787
fixed,copper,bo,2,25,0.19597621865154757,0.2057744777270775,3.6500866669230163,0.21612387197092175
fixed,copper,bo,2,26,0.19597621865154757,0.2057744777270775,3.7777117090299726,0.22406878834590316
fixed,copper,bo,2,27,0.19597621865154757,0.2057744777270775,3.920036541763693,0.23186228843405843
fixed,copper,bo,2,28,0.19597621865154757,0.2057744777270775,4.070057292003185,0.24013128830119967
fixed,copper,bo,2,29,0.19597621865154757,0.2057744777270775,4.4166539167054,0.24493283033370972
fixed,copper,bo,2,30,0.19597621865154757,0.2057744777270775,4.743467999622226,0.2536974959075451
fixed,copper,bo,2,31,0.19597621865154757,0.2057744777270775,4.982165624853224,0.26271378761157393
fixed,copper,bo,2,32,0.19597621865154757,0.2057744777270775,5.297862583771348,0.27291916217654943
fixed,copper,bo,2,33,0.19597621865154757,0.2057744777270775,5.617176000028849,0.28314178716391325
fixed,copper,bo,2,34,0.19597621865154757,0.2057744777270775,5.853008416946977,0.289943537209183
fixed,copper,bo,2,35,0.19597621865154757,0.2057744777270775,6.078239666763693,0.2985968701541424
fixed,copper,bo,2,36,0.19597621865154757,0.2057744777270775,6.384315999690443,0.303694078233093
fixed,copper,bo,2,37,0.19597464174627352,0.2057744777270775,6.53703337488696,0.3122841203585267
fixed,copper,bo,2,38,0.19597464174627352,0.2057744777270775,6.928577458951622,0.32028995361179113
fixed,copper,bo,2,39,0.19597464174627352,0.2057744777270775,7.187889874912798,0.3316065785475075
fixed,copper,bo,2,40,0.19597464174627352,0.2057744777270775,7.496389041654766,0.34069749526679516
fixed,copper,bo,2,41,0.19597464174627352,0.2057744777270775,7.784921125043184,0.3508853283710778
fixed,copper,bo,2,42,0.19597464174627352,0.2057744777270775,8.003310999833047,0.35935699567198753
fixed,copper,bo,2,43,0.19597464174627352,0.2057744777270775,8.312959666829556,0.3676664954982698
fixed,copper,bo,2,44,0.19597464174627352,0.2057744777270775,8.547439499758184,0.376519204583019
fixed,copper,bo,2,45,0.19597464174627352,0.2057744777270775,8.899399749934673,0.3812579126097262
fixed,copper,bo,2,46,0.19597464174627352,0.2057744777270775,9.154865416698158,0.3892806628718972
fixed,copper,bo,2,47,0.19597464174627352,0.2057744777270775,9.463999708648771,0.3981267879717052
fixed,copper,bo,2,48,0.19597464174627352,0.2057744777270775,9.692400499712676,0.4067684970796108
fixed,copper,bo,2,49,0.19597464174627352,0.2057744777270775,9.935582666657865,0.41614237194880843
fixed,copper,bo,2,50,0.19597464174627352,0.2057744777270775,10.103394999634475,0.4247180391103029
fixed,copper,bo,2,51,0.19597464174627352,0.2057744777270775,10.346564874984324,0.43939499696716666
fixed,copper,bo,2,52,0.19597464174627352,0.2057744777270775,10.590944374911487,0.448103039059788
fixed,copper,bo,2,53,0.19597463060268888,0.2057744777270775,10.809184874873608,0.45672383112832904
fixed,copper,bo,2,54,0.19597463060268888,0.2057744777270775,11.299432124942541,0.46479833079501987
fixed,copper,bo,2,55,0.19597463060268888,0.2057744777270775,11.703553250059485,0.47438358049839735
fixed,copper,bo,2,56,0.19597463060268888,0.2057744777270775,12.048135499935597,0.48252195585519075
fixed,copper,bo,2,57,0.19597463060268888,0.2057744777270775,12.328727833926678,0.4938949136994779
fixed,copper,bo,2,58,0.19597463060268888,0.2057744777270775,12.666474249679595,0.5025224136188626
fixed,copper,bo,2,59,0.19597463060268888,0.2057744777270775,13.067833291832358,0.5105509543791413
fixed,copper,bo,2,60,0.19597463060268888,0.2057744777270775,13.442729416768998,0.5193960373289883
fixed,copper,bo,2,61,0.19597463060268888,0.2057744777270775,13.78932529175654,0.524426328483969
fixed,copper,bo,2,62,0.19597463060268888,0.2057744777270775,13.973132916726172,0.5329775786958635
fixed,copper,bo,2,63,0.19597463060268888,0.2057744777270775,14.318269541952759,0.54223278677091
fixed,copper,bo,2,64,0.19597463060268888,0.2057744777270775,14.774859083816409,0.5494935368187726
fixed,copper,bo,2,65,0.19597463060268888,0.2057744777270775,14.960750083904713,0.5574235371313989
fixed,copper,bo,2,66,0.19597463060268888,0.2057744777270775,15.331653833854944,0.5661044544540346
fixed,copper,bo,2,67,0.19597463060268888,0.2057744777270775,15.53481175005436,0.5742279952391982
fixed,copper,bo,2,68,0.19597463060268888,0.2057744777270775,15.900464249774814,0.579127287492156
fixed,copper,bo,2,69,0.19597463060268888,0.2057744777270775,16.111402916722,0.587755870539695
fixed,copper,bo,2,70,0.19597463060268888,0.2057744777270775,16.34806516673416,0.595907078590244
fixed,copper,bo,2,71,0.19597463060268888,0.2057744777270775,16.536760166753083,0.6046368693932891
fixed,copper,bo,2,72,0.19597463060268888,0.2057744777270775,16.75160170905292,0.6132169114425778
fixed,copper,bo,2,73,0.19597463060268888,0.2057744777270775,16.97530195862055,0.6217867867089808
fixed,copper,bo,2,74,0.19597463060268888,0.2057744777270775,17.443269833922386,0.630917536560446
fixed,copper,bo,2,75,0.19597463060268888,0.2057744777270775,17.81869616685435,0.6385538694448769
fixed,copper,bo,2,76,0.19597463060268888,0.2057744777270775,18.1060549588874,0.6433087443001568
fixed,copper,bo,2,77,0.19597463060268888,0.2057744777270775,18.699452333617955,0.6484863697551191
fixed,copper,bo,2,78,0.19597463060268888,0.2057744777270775,19.265254624653608,0.6568807028234005
fixed,copper,bo,2,79,0.19597463060268888,0.2057744777270775,19.543627083767205,0.6654891194775701
fixed,copper,bo,2,80,0.19597463060268888,0.2057744777270775,19.99605591688305,0.6737462026067078
fixed,copper,bo,2,81,0.19597463060268888,0.2057744777270775,20.405789291951805,0.6838396615348756
fixed,copper,bo,2,82,0.19597463060268888,0.2057744777270775,20.94937233394012,0.6910742446780205
fixed,copper,bo,2,83,0.19597463060268888,0.2057744777270775,21.625606291927397,0.699495994951576
fixed,copper,bo,2,84,0.19597463060268888,0.2057744777270775,22.152843083720654,0.7046052040532231
fixed,copper,bo,2,85,0.19597463060268888,0.2057744777270775,22.855014083907008,0.7096634963527322
fixed,copper,bo,2,86,0.19597463060268888,0.2057744777270775,23.212194374762475,0.7188339121639729
fixed,copper,bo,2,87,0.19597463060268888,0.2057744777270775,23.658854874782264,0.7280094535090029
fixed,copper,bo,2,88,0.19597463060268888,0.2057744777270775,23.894777833949775,0.7363399127498269
fixed,copper,bo,2,89,0.19597463060268888,0.2057744777270775,24.399808041751385,0.7461472051218152
fixed,copper,bo,2,90,0.19597463060268888,0.2057744777270775,24.951679917052388,0.7543452880345285
fixed,copper,bo,2,91,0.19597463060268888,0.2057744777270775,25.405136459041387,0.7636563288979232
fixed,copper,bo,2,92,0.19597463060268888,0.2057744777270775,25.798190666828305,0.7688292036764324
fixed,copper,bo,2,93,0.19597463060268888,0.2057744777270775,26.22268687468022,0.7738825366832316
fixed,copper,bo,2,94,0.19597463060268888,0.2057744777270775,26.770090667065233,0.7818780783563852
fixed,copper,bo,2,95,0.19597463060268888,0.2057744777270775,27.226786084007472,0.7899999944493175
fixed,copper,bo,2,96,0.19597463060268888,0.2057744777270775,27.590800624806434,0.7982271602377295
fixed,copper,random,2,1,0.19670530728290933,0.2057744777270775,0.09395816689357162,0.00878008408471942
fixed,copper,random,2,2,0.19670530728290933,0.2057744777270775,0.1428042915649712,0.013992584310472012
fixed,copper,random,2,3,0.19670530728290933,0.2057744777270775,0.1948437918908894,0.02455870946869254
fixed,copper,random,2,4,0.19670530728290933,0.2057744777270775,0.2455362919718027,0.033104042522609234
fixed,copper,random,2,5,0.19670530728290933,0.2057744777270775,0.29839920764788985,0.04157979227602482
fixed,copper,random,2,6,0.19670530728290933,0.2057744777270775,0.3488056669011712,0.04948970815166831
fixed,copper,random,2,7,0.19670530728290933,0.2057744777270775,0.3965369169600308,0.05470816744491458
fixed,copper,random,2,8,0.19670530728290933,0.2057744777270775,0.4567817496135831,0.06408766750246286
fixed,copper,random,2,9,0.19670530728290933,0.2057744777270775,0.5081209996715188,0.0740350834093988
fixed,copper,random,2,10,0.19670530728290933,0.2057744777270775,0.5591266248375177,0.08249545842409134
fixed,copper,random,2,11,0.19599552709823775,0.2057744777270775,0.6081267916597426,0.09106900030747056
fixed,copper,random,2,12,0.19599552709823775,0.2057744777270775,0.6584517918527126,0.10081216739490628
fixed,copper,random,2,13,0.19599552709823775,0.2057744777270775,0.7113261669874191,0.11051550041884184
fixed,copper,random,2,14,0.19597480608250212,0.2057744777270775,0.7649624166078866,0.11936216754838824
fixed,copper,random,2,15,0.19597480608250212,0.2057744777270775,0.8171971249394119,0.12774066720157862
fixed,copper,random,2,16,0.19597480608250212,0.2057744777270775,0.8672426668927073,0.13605333445593715
fixed,copper,random,2,17,0.19597480608250212,0.2057744777270775,0.9124731249175966,0.1409833342768252
fixed,copper,random,2,18,0.19597480608250212,0.2057744777270775,0.9581349999643862,0.14563237549737096
fixed,copper,random,2,19,0.19597480608250212,0.2057744777270775,1.0070348749868572,0.15492779156193137
fixed,copper,random,2,20,0.19597480608250212,0.2057744777270775,1.05657699983567,0.162902457639575
fixed,copper,random,2,21,0.19597480608250212,0.2057744777270775,1.1025341670028865,0.16754812374711037
fixed,copper,random,2,22,0.19597480608250212,0.2057744777270775,1.147893666755408,0.17220570659264922
fixed,copper,random,2,23,0.19597480608250212,0.2057744777270775,1.2007056246511638,0.18258849764242768
fixed,copper,random,2,24,0.19597480608250212,0.2057744777270775,1.2505220416933298,0.19010395649820566
fixed,copper,random,2,25,0.19597480608250212,0.2057744777270775,1.3047143328003585,0.1993848318234086
fixed,copper,random,2,26,0.19597480608250212,0.2057744777270775,1.3595268749631941,0.2071245820261538
fixed,copper,random,2,27,0.19597480608250212,0.2057744777270775,1.4125633328221738,0.21766124805435538
fixed,copper,random,2,28,0.19597480608250212,0.2057744777270775,1.4650437915697694,0.22514937305822968
fixed,copper,random,2,29,0.19597480608250212,0.2057744777270775,1.5144707076251507,0.229889415204525
fixed,copper,random,2,30,0.19597480608250212,0.2057744777270775,1.5622293329797685,0.23456599842756987
fixed,copper,random,2,31,0.19597480608250212,0.2057744777270775,1.6112405830062926,0.23927466571331024
fixed,copper,random,2,32,0.19597480608250212,0.2057744777270775,1.6624217499047518,0.24391408264636993
fixed,copper,random,2,33,0.19597480608250212,0.2057744777270775,1.7184561667963862,0.2521652914583683
fixed,copper,random,2,34,0.19597480608250212,0.2057744777270775,1.7698504580184817,0.2571691242046654
fixed,copper,random,2,35,0.19597480608250212,0.2057744777270775,1.8200339996255934,0.2620470402762294
fixed,copper,random,2,36,0.19597480608250212,0.2057744777270775,1.8760340418666601,0.27009274810552597
fixed,copper,random,2,37,0.19597480608250212,0.2057744777270775,1.9298004996962845,0.27485795645043254
fixed,copper,random,2,38,0.19597480608250212,0.2057744777270775,1.9879751247353852,0.2826357902958989
fixed,copper,random,2,39,0.19597480608250212,0.2057744777270775,2.0434751668944955,0.29002112429589033
fixed,copper,random,2,40,0.19597480608250212,0.2057744777270775,2.1006661667488515,0.29765399917960167
fixed,copper,random,2,41,0.19597480608250212,0.2057744777270775,2.159115749876946,0.3073329571634531
fixed,copper,random,2,42,0.19597480608250212,0.2057744777270775,2.2176565416157246,0.31585462391376495
fixed,copper,random,2,43,0.19597480608250212,0.2057744777270775,2.2762400419451296,0.32512799883261323
fixed,copper,random,2,44,0.19597480608250212,0.2057744777270775,2.330088291782886,0.3299397905357182
fixed,copper,random,2,45,0.19597480608250212,0.2057744777270775,2.3837607917375863,0.334693415556103
fixed,copper,random,2,46,0.19597480608250212,0.2057744777270775,2.438482499681413,0.3396194572560489
fixed,copper,random,2,47,0.19597480608250212,0.2057744777270775,2.4992076666094363,0.34461429016664624
fixed,copper,random,2,48,0.19597480608250212,0.2057744777270775,2.555795374792069,0.3494095825590193
fixed,copper,random,2,49,0.19597480608250212,0.2057744777270775,2.610608416609466,0.3540817918255925
fixed,copper,random,2,50,0.19597480608250212,0.2057744777270775,2.6710189166478813,0.36218137573450804
fixed,copper,random,2,51,0.19597480608250212,0.2057744777270775,2.726909457705915,0.3669313336722553
fixed,copper,random,2,52,0.19597480608250212,0.2057744777270775,2.7834037076681852,0.3717707507312298
fixed,copper,random,2,53,0.19597480608250212,0.2057744777270775,2.8418468749150634,0.3766355845145881
fixed,copper,random,2,54,0.19597480608250212,0.2057744777270775,2.8995677498169243,0.38137829257175326
fixed,copper,random,2,55,0.19597480608250212,0.2057744777270775,2.9680344997905195,0.39125670958310366
fixed,copper,random,2,56,0.19597480608250212,0.2057744777270775,3.0325594996102154,0.3981649181805551
fixed,copper,random,2,57,0.19597480608250212,0.2057744777270775,3.0968136247247458,0.40329683385789394
fixed,copper,random,2,58,0.19597480608250212,0.2057744777270775,3.1606149999424815,0.41117912577465177
fixed,copper,random,2,59,0.19597480608250212,0.2057744777270775,3.2241537077352405,0.41915779188275337
fixed,copper,random,2,60,0.19597480608250212,0.2057744777270775,3.2838043747469783,0.4243600838817656
fixed,copper,random,2,61,0.19597480608250212,0.2057744777270775,3.3518747920170426,0.434389375615865
fixed,copper,random,2,62,0.19597480608250212,0.2057744777270775,3.411584499757737,0.43937800033017993
fixed,copper,random,2,63,0.19597480608250212,0.2057744777270775,3.473912207875401,0.4472736665047705
fixed,copper,random,2,64,0.19597480608250212,0.2057744777270775,3.5370087497867644,0.45639012567698956
fixed,copper,random,2,65,0.19597480608250212,0.2057744777270775,3.5973132918588817,0.4610292916186154
fixed,copper,random,2,66,0.19597480608250212,0.2057744777270775,3.661307374946773,0.46872541634365916
fixed,copper,random,2,67,0.19597480608250212,0.2057744777270775,3.7254811669699848,0.4765634569339454
fixed,copper,random,2,68,0.19597480608250212,0.2057744777270775,3.789927541743964,0.48549404088407755
fixed,copper,random,2,69,0.19597480608250212,0.2057744777270775,3.855204291641712,0.49457962485030293
fixed,copper,random,2,70,0.19597480608250212,0.2057744777270775,3.917654374614358,0.5019039995968342
fixed,copper,random,2,71,0.19597480608250212,0.2057744777270775,3.9775905827991664,0.5066501246765256
fixed,copper,random,2,72,0.19597480608250212,0.2057744777270775,4.044568832963705,0.5170977907255292
fixed,copper,random,2,73,0.19597480608250212,0.2057744777270775,4.1115388330072165,0.5250219986774027
fixed,copper,random,2,74,0.19597480608250212,0.2057744777270775,4.184339541941881,0.5343104158528149
fixed,copper,random,2,75,0.19597480608250212,0.2057744777270775,4.253954499959946,0.542510500177741
fixed,copper,random,2,76,0.19597480608250212,0.2057744777270775,4.318557541817427,0.5473788753151894
fixed,copper,random,2,77,0.19597480608250212,0.2057744777270775,4.379513999912888,0.5520712505094707
fixed,copper,random,2,78,0.19597480608250212,0.2057744777270775,4.443393999710679,0.5598079166375101
fixed,copper,random,2,79,0.19597480608250212,0.2057744777270775,4.503788166679442,0.5644927504472435
fixed,copper,random,2,80,0.19597480608250212,0.2057744777270775,4.570104332640767,0.5717614172026515
fixed,copper,random,2,81,0.19597480608250212,0.2057744777270775,4.635738957673311,0.5809244592674077
fixed,copper,random,2,82,0.19597480608250212,0.2057744777270775,4.701724499929696,0.5888799172826111
fixed,copper,random,2,83,0.19597480608250212,0.2057744777270775,4.771105957683176,0.5979956253431737
fixed,copper,random,2,84,0.19597480608250212,0.2057744777270775,4.8410054999403656,0.6069706249982119
fixed,copper,random,2,85,0.19597480608250212,0.2057744777270775,4.903641249984503,0.6116385832428932
fixed,copper,random,2,86,0.19597480608250212,0.2057744777270775,4.9668239168822765,0.6163654583506286
fixed,copper,random,2,87,0.19597480608250212,0.2057744777270775,5.034505416639149,0.6245178333483636
fixed,copper,random,2,88,0.19597480608250212,0.2057744777270775,5.102352624759078,0.6324530835263431
fixed,copper,random,2,89,0.19597480608250212,0.2057744777270775,5.170343749690801,0.6405337918549776
fixed,copper,random,2,90,0.19597480608250212,0.2057744777270775,5.238599624950439,0.6454090825282037
fixed,copper,random,2,91,0.19597480608250212,0.2057744777270775,5.311666707973927,0.6543417912907898
fixed,copper,random,2,92,0.19597480608250212,0.2057744777270775,5.386417874600738,0.6644229162484407
fixed,copper,random,2,93,0.19597480608250212,0.2057744777270775,5.458967957645655,0.6733742915093899
fixed,copper,random,2,94,0.19597480608250212,0.2057744777270775,5.526615707669407,0.678386333398521
fixed,copper,random,2,95,0.19597480608250212,0.2057744777270775,5.59590437496081,0.6831659586168826
fixed,copper,random,2,96,0.19597480608250212,0.2057744777270775,5.7077775415964425,0.6911589587107301
fixed,copper,sobol,2,1,0.37328832536329665,0.2057744777270775,0.09369129175320268,0.010336542036384344
fixed,copper,sobol,2,2,0.37328832536329665,0.2057744777270775,0.14502187492325902,0.018875707872211933
fixed,copper,sobol,2,3,0.19745089558293968,0.2057744777270775,0.1952433749102056,0.02758541563525796
fixed,copper,sobol,2,4,0.19745089558293968,0.2057744777270775,0.23792620887979865,0.032452166080474854
fixed,copper,sobol,2,5,0.19745089558293968,0.2057744777270775,0.2822286249138415,0.037284040823578835
fixed,copper,sobol,2,6,0.19745089558293968,0.2057744777270775,0.3294277498498559,0.04583429079502821
fixed,copper,sobol,2,7,0.19745089558293968,0.2057744777270775,0.3764487919397652,0.05496854055672884
fixed,copper,sobol,2,8,0.19745089558293968,0.2057744777270775,0.451772041618824,0.07674304023385048
fixed,copper,sobol,2,9,0.19745089558293968,0.2057744777270775,0.4998975838534534,0.08510862430557609
fixed,copper,sobol,2,10,0.19745089558293968,0.2057744777270775,0.5471153338439763,0.09250124963000417
fixed,copper,sobol,2,11,0.19599479143277304,0.2057744777270775,0.5947211249731481,0.10094770882278681
fixed,copper,sobol,2,12,0.19599479143277304,0.2057744777270775,0.6408718749880791,0.10566600086167455
fixed,copper,sobol,2,13,0.19599479143277304,0.2057744777270775,0.6851641247048974,0.11031058384105563
fixed,copper,sobol,2,14,0.19599479143277304,0.2057744777270775,0.7342692497186363,0.11770920874550939
fixed,copper,sobol,2,15,0.19599479143277304,0.2057744777270775,0.7876820839010179,0.12760820845142007
fixed,copper,sobol,2,16,0.19599479143277304,0.2057744777270775,0.8390639168210328,0.136396249756217
fixed,copper,sobol,2,17,0.19599479143277304,0.2057744777270775,0.8893141667358577,0.14610912464559078
fixed,copper,sobol,2,18,0.19599479143277304,0.2057744777270775,0.938164749648422,0.1546304994262755
fixed,copper,sobol,2,19,0.19599479143277304,0.2057744777270775,0.987344958819449,0.16249504126608372
fixed,copper,sobol,2,20,0.19599479143277304,0.2057744777270775,1.0361865838058293,0.16721812449395657
fixed,copper,sobol,2,21,0.19599479143277304,0.2057744777270775,1.0826311665587127,0.1719795404933393
fixed,copper,sobol,2,22,0.19599479143277304,0.2057744777270775,1.1312151667661965,0.17924770759418607
fixed,copper,sobol,2,23,0.19599479143277304,0.2057744777270775,1.1824080417864025,0.18765649944543839
fixed,copper,sobol,2,24,0.19599479143277304,0.2057744777270775,1.232133916579187,0.1954653742723167
fixed,copper,sobol,2,25,0.19599479143277304,0.2057744777270775,1.2857995838858187,0.20521812420338392
fixed,copper,sobol,2,26,0.19599479143277304,0.2057744777270775,1.3400042499415576,0.21363637410104275
fixed,copper,sobol,2,27,0.19599479143277304,0.2057744777270775,1.392814083956182,0.22148683201521635
fixed,copper,sobol,2,28,0.19599479143277304,0.2057744777270775,1.4406907917000353,0.22624262375757098
fixed,copper,sobol,2,29,0.19599479143277304,0.2057744777270775,1.4900346668437123,0.2310364148579538
fixed,copper,sobol,2,30,0.19599479143277304,0.2057744777270775,1.541583374608308,0.23872141493484378
fixed,copper,sobol,2,31,0.19599479143277304,0.2057744777270775,1.597644416615367,0.24805358098819852
fixed,copper,sobol,2,32,0.19599479143277304,0.2057744777270775,1.653144291602075,0.25643866369500756
fixed,copper,sobol,2,33,0.19599479143277304,0.2057744777270775,1.7076824586838484,0.2656998299062252
fixed,copper,sobol,2,34,0.19599479143277304,0.2057744777270775,1.7616278338246047,0.27236645482480526
fixed,copper,sobol,2,35,0.19598345192658215,0.2057744777270775,1.8166809589602053,0.2807918298058212
fixed,copper,sobol,2,36,0.19598345192658215,0.2057744777270775,1.8680804995819926,0.28557762084528804
fixed,copper,sobol,2,37,0.19598345192658215,0.2057744777270775,1.922670291736722,0.2906688288785517
fixed,copper,sobol,2,38,0.19598345192658215,0.2057744777270775,1.9791217087768018,0.2984002036973834
fixed,copper,sobol,2,39,0.19598345192658215,0.2057744777270775,2.0402616248466074,0.309880536980927
fixed,copper,sobol,2,40,0.19598345192658215,0.2057744777270775,2.0987404589541256,0.31848299503326416
fixed,copper,sobol,2,41,0.19598345192658215,0.2057744777270775,2.1577971247024834,0.328232454136014
fixed,copper,sobol,2,42,0.19598345192658215,0.2057744777270775,2.2202817499637604,0.3368119541555643
fixed,copper,sobol,2,43,0.19598345192658215,0.2057744777270775,2.280227749608457,0.3453678712248802
fixed,copper,sobol,2,44,0.19598345192658215,0.2057744777270775,2.336478624958545,0.35012316331267357
fixed,copper,sobol,2,45,0.19598345192658215,0.2057744777270775,2.3963983338326216,0.354889580514282
fixed,copper,sobol,2,46,0.19598345192658215,0.2057744777270775,2.460942666977644,0.36337741324678063
fixed,copper,sobol,2,47,0.19598345192658215,0.2057744777270775,2.52111970866099,0.37228049617260695
fixed,copper,sobol,2,48,0.19598345192658215,0.2057744777270775,2.583453666884452,0.38054782897233963
fixed,copper,sobol,2,49,0.19598345192658215,0.2057744777270775,2.645511583890766,0.38971766270697117
fixed,copper,sobol,2,50,0.19598345192658215,0.2057744777270775,2.7084592916071415,0.39796524681150913
fixed,copper,sobol,2,51,0.19598345192658215,0.2057744777270775,2.7741576246917248,0.4116328307427466
fixed,copper,sobol,2,52,0.19598345192658215,0.2057744777270775,2.8317490839399397,0.4166022059507668
fixed,copper,sobol,2,53,0.19598345192658215,0.2057744777270775,2.8913771249353886,0.4215803309343755
fixed,copper,sobol,2,54,0.19598345192658215,0.2057744777270775,2.9542225836776197,0.4300858727656305
fixed,copper,sobol,2,55,0.19598345192658215,0.2057744777270775,3.0204210416413844,0.4398025400005281
fixed,copper,sobol,2,56,0.19598345192658215,0.2057744777270775,3.078503374941647,0.44744253996759653
fixed,copper,sobol,2,57,0.19598345192658215,0.2057744777270775,3.1406028335914016,0.45880853990092874
fixed,copper,sobol,2,58,0.19598345192658215,0.2057744777270775,3.200107083655894,0.46727374801412225
fixed,copper,sobol,2,59,0.19597494205197816,0.2057744777270775,3.2603754168376327,0.47549541387706995
fixed,copper,sobol,2,60,0.19597494205197816,0.2057744777270775,3.3183470838703215,0.4802109547890723
fixed,copper,sobol,2,61,0.19597494205197816,0.2057744777270775,3.3758788746781647,0.4848949550651014
fixed,copper,sobol,2,62,0.19597494205197816,0.2057744777270775,3.43792612478137,0.4924693303182721
fixed,copper,sobol,2,63,0.19597494205197816,0.2057744777270775,3.499873833730817,0.501139163505286
fixed,copper,sobol,2,64,0.19597494205197816,0.2057744777270775,3.5624769586138427,0.5086713726632297
fixed,copper,sobol,2,65,0.19597494205197816,0.2057744777270775,3.626042333897203,0.518636497668922
fixed,copper,sobol,2,66,0.19597494205197816,0.2057744777270775,3.6885363338515162,0.5277372472919524
fixed,copper,sobol,2,67,0.19597453888695862,0.2057744777270775,3.751911166589707,0.5360659137368202
fixed,copper,sobol,2,68,0.19597453888695862,0.2057744777270775,3.81061187479645,0.5407540793530643
fixed,copper,sobol,2,69,0.19597453888695862,0.2057744777270775,3.8697291668504477,0.5455454136244953
fixed,copper,sobol,2,70,0.19597453888695862,0.2057744777270775,3.9329479169100523,0.5535652469843626
fixed,copper,sobol,2,71,0.19597453888695862,0.2057744777270775,4.0001899166963995,0.5626780795864761
fixed,copper,sobol,2,72,0.19597453888695862,0.2057744777270775,4.0646342085674405,0.5696026212535799
fixed,copper,sobol,2,73,0.19597453888695862,0.2057744777270775,4.133419208694249,0.5786742041818798
fixed,copper,sobol,2,74,0.19597453888695862,0.2057744777270775,4.252778208814561,0.5870720371603966
fixed,copper,sobol,2,75,0.19597453888695862,0.2057744777270775,4.3175342916511,0.5942617463879287
fixed,copper,sobol,2,76,0.19597453888695862,0.2057744777270775,4.379242083989084,0.5990277463570237
fixed,copper,sobol,2,77,0.19597453888695862,0.2057744777270775,4.442115916870534,0.6038129134103656
fixed,copper,sobol,2,78,0.19597453888695862,0.2057744777270775,4.506962958723307,0.611730913631618
fixed,copper,sobol,2,79,0.19597453888695862,0.2057744777270775,4.574083541985601,0.6210443302989006
fixed,copper,sobol,2,80,0.19597453888695862,0.2057744777270775,4.6420152499340475,0.6290472890250385
fixed,copper,sobol,2,81,0.19597453888695862,0.2057744777270775,4.711672458797693,0.6383956638164818
fixed,copper,sobol,2,82,0.19597453888695862,0.2057744777270775,4.776569583918899,0.6456079967319965
fixed,copper,sobol,2,83,0.19597453888695862,0.2057744777270775,4.842245374806225,0.6535778311081231
fixed,copper,sobol,2,84,0.19597453888695862,0.2057744777270775,4.907496791798621,0.658260706346482
fixed,copper,sobol,2,85,0.19597453888695862,0.2057744777270775,4.974779999814928,0.6630825814791024
fixed,copper,sobol,2,86,0.19597453888695862,0.2057744777270775,5.04379020864144,0.6715385406278074
fixed,copper,sobol,2,87,0.19597453888695862,0.2057744777270775,5.114473291672766,0.6807440826669335
fixed,copper,sobol,2,88,0.19597453888695862,0.2057744777270775,5.186455083545297,0.6887774984352291
fixed,copper,sobol,2,89,0.19597453888695862,0.2057744777270775,5.259645499754697,0.6982242907397449
fixed,copper,sobol,2,90,0.19597453888695862,0.2057744777270775,5.329347583930939,0.7053606235422194
fixed,copper,sobol,2,91,0.19597453888695862,0.2057744777270775,5.40195658383891,0.7134544984437525
fixed,copper,sobol,2,92,0.19597453888695862,0.2057744777270775,5.473792499862611,0.7186991237103939
fixed,copper,sobol,2,93,0.19597453888695862,0.2057744777270775,5.544419791549444,0.723650164436549
fixed,copper,sobol,2,94,0.19597453888695862,0.2057744777270775,5.618468833621591,0.7318889563903213
fixed,copper,sobol,2,95,0.19597453888695862,0.2057744777270775,5.697321458719671,0.7441402063705027
fixed,copper,sobol,2,96,0.19597453888695862,0.2057744777270775,5.817627041600645,0.7532692481763661
fixed,hymod,random,0,1,2.904604600853159,1.1382771629499375,0.09735716693103313,0.018522541038691998
fixed,hymod,random,0,2,2.904604600853159,1.1382771629499375,0.15541883325204253,0.03633104125037789
fixed,hymod,random,0,3,2.039255062759517,1.1382771629499375,0.2142969579435885,0.054063874296844006
fixed,hymod,random,0,4,1.6943620720476265,1.1382771629499375,0.27108895825222135,0.0714639164507389
fixed,hymod,random,0,5,1.6943620720476265,1.1382771629499375,0.32791662495583296,0.0879688742570579
fixed,hymod,random,0,6,1.6943620720476265,1.1382771629499375,0.38682841695845127,0.10570416506379843
fixed,hymod,random,0,7,1.6943620720476265,1.1382771629499375,0.4487757501192391,0.12226695707067847
fixed,hymod,random,0,8,1.6943620720476265,1.1382771629499375,0.5116455000825226,0.14063862385228276
fixed,hymod,random,0,9,1.6943620720476265,1.1382771629499375,0.570341750048101,0.15711658308282495
fixed,hymod,random,0,10,1.6943620720476265,1.1382771629499375,0.6279282919131219,0.17361158272251487
fixed,hymod,random,0,11,1.6943620720476265,1.1382771629499375,0.6880325423553586,0.19000733271241188
fixed,hymod,random,0,12,1.6943620720476265,1.1382771629499375,0.7476287921890616,0.2063307911157608
fixed,hymod,random,0,13,1.6943620720476265,1.1382771629499375,0.8072985420003533,0.2240110831335187
fixed,hymod,random,0,14,1.6943620720476265,1.1382771629499375,0.8651591250672936,0.24052816722542048
fixed,hymod,random,0,15,1.6943620720476265,1.1382771629499375,0.92395537532866,0.2568485005758703
fixed,hymod,random,0,16,1.6943620720476265,1.1382771629499375,0.9817637079395354,0.2732367506250739
fixed,hymod,random,0,17,1.6943620720476265,1.1382771629499375,1.0416472079232335,0.28865025052800775
fixed,hymod,random,0,18,1.6943620720476265,1.1382771629499375,1.1038076672703028,0.3040676675736904
fixed,hymod,random,0,19,1.6943620720476265,1.1382771629499375,1.161642833147198,0.3194335838779807
fixed,hymod,random,0,20,1.6943620720476265,1.1382771629499375,1.2214603330940008,0.3349975007586181
fixed,hymod,random,0,21,1.6943620720476265,1.1382771629499375,1.281088958028704,0.35131687577813864
fixed,hymod,random,0,22,1.5992538166038341,1.1382771629499375,1.3413046672940254,0.36777837574481964
fixed,hymod,random,0,23,1.5992538166038341,1.1382771629499375,1.403189250268042,0.3840735428966582
fixed,hymod,random,0,24,1.5992538166038341,1.1382771629499375,1.4643074171617627,0.4004608350805938
fixed,hymod,random,0,25,1.5992538166038341,1.1382771629499375,1.5267944582737982,0.4167249179445207
fixed,hymod,random,0,26,1.5992538166038341,1.1382771629499375,1.5875653750263155,0.4319737511686981
fixed,hymod,random,0,27,1.5992538166038341,1.1382771629499375,1.6519619999453425,0.44703375129029155
fixed,hymod,random,0,28,1.5992538166038341,1.1382771629499375,1.7143371673300862,0.46224116813391447
fixed,hymod,random,0,29,1.5992538166038341,1.1382771629499375,1.7790725422091782,0.4778435011394322
fixed,hymod,random,0,30,1.5992538166038341,1.1382771629499375,1.8428614172153175,0.4938157508149743
fixed,hymod,random,0,31,1.5992538166038341,1.1382771629499375,1.906868957914412,0.5102208759635687
fixed,hymod,random,0,32,1.5992538166038341,1.1382771629499375,1.9698895830661058,0.5256861671805382
fixed,hymod,random,0,33,1.5992538166038341,1.1382771629499375,2.034174042288214,0.5409670425578952
fixed,hymod,random,0,34,1.5992538166038341,1.1382771629499375,2.099787208251655,0.5569119583815336
fixed,hymod,random,0,35,1.5992538166038341,1.1382771629499375,2.167042083106935,0.5728648332878947
fixed,hymod,random,0,36,1.5992538166038341,1.1382771629499375,2.237842208240181,0.5894027086906135
fixed,hymod,random,0,37,1.5992538166038341,1.1382771629499375,2.3072620420716703,0.6061334586702287
fixed,hymod,random,0,38,1.5992538166038341,1.1382771629499375,2.3760784580372274,0.6222971244715154
fixed,hymod,random,0,39,1.5992538166038341,1.1382771629499375,2.447578042279929,0.6386301242746413
fixed,hymod,random,0,40,1.5992538166038341,1.1382771629499375,2.519751500338316,0.6534293321892619
fixed,hymod,random,0,41,1.5992538166038341,1.1382771629499375,2.594349042046815,0.6695249150507152
fixed,hymod,random,0,42,1.5450351130931428,1.1382771629499375,2.6690372922457755,0.6855802899226546
fixed,hymod,random,0,43,1.5450351130931428,1.1382771629499375,2.7444598749279976,0.7014402491040528
fixed,hymod,random,0,44,1.5450351130931428,1.1382771629499375,2.8235061252489686,0.718805915210396
fixed,hymod,random,0,45,1.5450351130931428,1.1382771629499375,2.897063957992941,0.7351448321714997
fixed,hymod,random,0,46,1.5450351130931428,1.1382771629499375,2.969738082960248,0.7510967492125928
fixed,hymod,random,0,47,1.5450351130931428,1.1382771629499375,3.042209083214402,0.7681171242147684
fixed,hymod,random,0,48,1.5450351130931428,1.1382771629499375,3.1154512502253056,0.7842729571275413
fixed,hymod,random,0,49,1.5450351130931428,1.1382771629499375,3.1886050002649426,0.8006152492016554
fixed,hymod,random,0,50,1.5450351130931428,1.1382771629499375,3.2640627501532435,0.8177134161815047
fixed,hymod,random,0,51,1.5450351130931428,1.1382771629499375,3.3414965830743313,0.8339977082796395
fixed,hymod,random,0,52,1.5450351130931428,1.1382771629499375,3.4123767083510756,0.8502522502094507
fixed,hymod,random,0,53,1.5450351130931428,1.1382771629499375,3.482940916903317,0.8656777092255652
fixed,hymod,random,0,54,1.5450351130931428,1.1382771629499375,3.5542512922547758,0.8808949594385922
fixed,hymod,random,0,55,1.5450351130931428,1.1382771629499375,3.624596333131194,0.8960782922804356
fixed,hymod,random,0,56,1.5450351130931428,1.1382771629499375,3.6961698750965297,0.9110530423931777
fixed,hymod,random,0,57,1.5450351130931428,1.1382771629499375,3.769775708205998,0.9270782093517482
fixed,hymod,random,0,58,1.5450351130931428,1.1382771629499375,3.8455901253037155,0.942913125269115
fixed,hymod,random,0,59,1.5450351130931428,1.1382771629499375,3.9226787919178605,0.9590150001458824
fixed,hymod,random,0,60,1.5450351130931428,1.1382771629499375,3.99672545818612,0.9752069590613246
fixed,hymod,random,0,61,1.5450351130931428,1.1382771629499375,4.072010166943073,0.9914172501303256
fixed,hymod,random,0,62,1.5450351130931428,1.1382771629499375,4.149910250212997,1.0073977503925562
fixed,hymod,random,0,63,1.5450351130931428,1.1382771629499375,4.226886792108417,1.0225753751583397
fixed,hymod,random,0,64,1.5450351130931428,1.1382771629499375,4.303246708121151,1.0376883330754936
fixed,hymod,random,0,65,1.5450351130931428,1.1382771629499375,4.379359083250165,1.052789708133787
fixed,hymod,random,0,66,1.5450351130931428,1.1382771629499375,4.461419292259961,1.0694573330692947
fixed,hymod,random,0,67,1.5450351130931428,1.1382771629499375,4.541789042297751,1.086187040898949
fixed,hymod,random,0,68,1.5450351130931428,1.1382771629499375,4.620862750336528,1.102687958162278
fixed,hymod,random,0,69,1.5450351130931428,1.1382771629499375,4.702324000187218,1.1191824581474066
fixed,hymod,random,0,70,1.5450351130931428,1.1382771629499375,4.779087333008647,1.134255665820092
fixed,hymod,random,0,71,1.5450351130931428,1.1382771629499375,4.857187625020742,1.1495535410940647
fixed,hymod,random,0,72,1.5450351130931428,1.1382771629499375,4.935751375276595,1.1647067493759096
fixed,hymod,random,0,73,1.4166969538218734,1.1382771629499375,5.018832792062312,1.180385707411915
fixed,hymod,random,0,74,1.4166969538218734,1.1382771629499375,5.10190112516284,1.1967241233214736
fixed,hymod,random,0,75,1.4166969538218734,1.1382771629499375,5.184973792172968,1.2134471652098
fixed,hymod,random,0,76,1.4166969538218734,1.1382771629499375,5.2682459582574666,1.2285125809721649
fixed,hymod,random,0,77,1.4166969538218734,1.1382771629499375,5.355778791941702,1.2459984980523586
fixed,hymod,random,0,78,1.4166969538218734,1.1382771629499375,5.4437572080641985,1.2635669559240341
fixed,hymod,random,0,79,1.4166969538218734,1.1382771629499375,5.5325643750838935,1.279643747024238
fixed,hymod,random,0,80,1.4166969538218734,1.1382771629499375,5.6212702500633895,1.2969733718782663
fixed,hymod,random,0,81,1.4166969538218734,1.1382771629499375,5.708406625315547,1.3133182879537344
fixed,hymod,random,0,82,1.4166969538218734,1.1382771629499375,5.7979020001366735,1.3295873710885644
fixed,hymod,random,0,83,1.4166969538218734,1.1382771629499375,5.884544458240271,1.3458186630159616
fixed,hymod,random,0,84,1.4166969538218734,1.1382771629499375,5.971947875339538,1.3619752041995525
fixed,hymod,random,0,85,1.4166969538218734,1.1382771629499375,6.061005208175629,1.379515454173088
fixed,hymod,random,0,86,1.4166969538218734,1.1382771629499375,6.149901375174522,1.3959272452630103
fixed,hymod,random,0,87,1.4166969538218734,1.1382771629499375,6.242753917351365,1.4130359953269362
fixed,hymod,random,0,88,1.4166969538218734,1.1382771629499375,6.328664292115718,1.429284870158881
fixed,hymod,random,0,89,1.4166969538218734,1.1382771629499375,6.415039542131126,1.44536899542436
fixed,hymod,random,0,90,1.4166969538218734,1.1382771629499375,6.562839583028108,1.4620402455329895
fixed,hymod,random,0,91,1.4166969538218734,1.1382771629499375,6.649028167128563,1.4773734956979752
fixed,hymod,random,0,92,1.4166969538218734,1.1382771629499375,6.738371167331934,1.4939504959620535
fixed,hymod,random,0,93,1.4166969538218734,1.1382771629499375,6.828806791920215,1.5096455370076
fixed,hymod,random,0,94,1.4166969538218734,1.1382771629499375,6.915558707900345,1.5249760369770229
fixed,hymod,random,0,95,1.4166969538218734,1.1382771629499375,7.001555250026286,1.5401853281073272
fixed,hymod,random,0,96,1.4166969538218734,1.1382771629499375,7.126807250082493,1.5567189119756222
fixed,hymod,sobol,0,1,1.8568104001556398,1.1382771629499375,0.0914210407063365,0.01634395821020007
fixed,hymod,sobol,0,2,1.8568104001556398,1.1382771629499375,0.14527466567233205,0.03221970796585083
fixed,hymod,sobol,0,3,1.5141039609511615,1.1382771629499375,0.19726987509056926,0.04747624881565571
fixed,hymod,sobol,0,4,1.5141039609511615,1.1382771629499375,0.25131895765662193,0.06403745710849762
fixed,hymod,sobol,0,5,1.5141039609511615,1.1382771629499375,0.304641124792397,0.08036337280645967
fixed,hymod,sobol,0,6,1.5141039609511615,1.1382771629499375,0.35817604092881083,0.09567220695316792
fixed,hymod,sobol,0,7,1.5141039609511615,1.1382771629499375,0.41995262494310737,0.11135524790734053
fixed,hymod,sobol,0,8,1.5141039609511615,1.1382771629499375,0.4846652499400079,0.13009291468188167
fixed,hymod,sobol,0,9,1.5141039609511615,1.1382771629499375,0.5447484999895096,0.1468605399131775
fixed,hymod,sobol,0,10,1.5141039609511615,1.1382771629499375,0.6095159579999745,0.16324174776673317
fixed,hymod,sobol,0,11,1.324806984326992,1.1382771629499375,0.6731478748843074,0.18317962251603603
fixed,hymod,sobol,0,12,1.324806984326992,1.1382771629499375,0.7379845827817917,0.19936516461893916
fixed,hymod,sobol,0,13,1.324806984326992,1.1382771629499375,0.8069972079247236,0.21686695562675595
fixed,hymod,sobol,0,14,1.324806984326992,1.1382771629499375,0.8746817498467863,0.2346427058801055
fixed,hymod,sobol,0,15,1.324806984326992,1.1382771629499375,0.941949165891856,0.25135941384360194
fixed,hymod,sobol,0,16,1.324806984326992,1.1382771629499375,1.009546000044793,0.2688637049868703
fixed,hymod,sobol,0,17,1.324806984326992,1.1382771629499375,1.0762105407193303,0.28648333018645644
fixed,hymod,sobol,0,18,1.324806984326992,1.1382771629499375,1.1440705000422895,0.3031421219930053
fixed,hymod,sobol,0,19,1.324806984326992,1.1382771629499375,1.2137054577469826,0.3203947888687253
fixed,hymod,sobol,0,20,1.324806984326992,1.1382771629499375,1.2798385410569608,0.33790303906425834
fixed,hymod,sobol,0,21,1.324806984326992,1.1382771629499375,1.345557332970202,0.35545033030211926
fixed,hymod,sobol,0,22,1.324806984326992,1.1382771629499375,1.4134336658753455,0.37237099651247263
fixed,hymod,sobol,0,23,1.324806984326992,1.1382771629499375,1.480544707737863,0.3898217463865876
fixed,hymod,sobol,0,24,1.324806984326992,1.1382771629499375,1.5495746657252312,0.4070819546468556
fixed,hymod,sobol,0,25,1.324806984326992,1.1382771629499375,1.6162670408375561,0.4245992046780884
fixed,hymod,sobol,0,26,1.324806984326992,1.1382771629499375,1.6831608330830932,0.44092720467597246
fixed,hymod,sobol,0,27,1.324806984326992,1.1382771629499375,1.751163125038147,0.4575756639242172
fixed,hymod,sobol,0,28,1.324806984326992,1.1382771629499375,1.8174791247583926,0.47502791369333863
fixed,hymod,sobol,0,29,1.324806984326992,1.1382771629499375,1.8874026658013463,0.4928367054089904
fixed,hymod,sobol,0,30,1.324806984326992,1.1382771629499375,1.9520537499338388,0.5087914136238396
fixed,hymod,sobol,0,31,1.324806984326992,1.1382771629499375,2.020423624664545,0.5253605809994042
fixed,hymod,sobol,0,32,1.324806984326992,1.1382771629499375,2.0853788750246167,0.541334206238389
fixed,hymod,sobol,0,33,1.324806984326992,1.1382771629499375,2.1512906248681247,0.5576677061617374
fixed,hymod,sobol,0,34,1.324806984326992,1.1382771629499375,2.215657124761492,0.5731853311881423
fixed,hymod,sobol,0,35,1.324806984326992,1.1382771629499375,2.2791736656799912,0.5882415813393891
fixed,hymod,sobol,0,36,1.324806984326992,1.1382771629499375,2.3455404159612954,0.6045557889156044
fixed,hymod,sobol,0,37,1.324806984326992,1.1382771629499375,2.414579249918461,0.6208356227725744
fixed,hymod,sobol,0,38,1.324806984326992,1.1382771629499375,2.48029154073447,0.6364475395530462
fixed,hymod,sobol,0,39,1.324806984326992,1.1382771629499375,2.547469665762037,0.651656873524189
fixed,hymod,sobol,0,40,1.324806984326992,1.1382771629499375,2.6148788747377694,0.667820081114769
fixed,hymod,sobol,0,41,1.324806984326992,1.1382771629499375,2.6826926660723984,0.6844709562137723
fixed,hymod,sobol,0,42,1.324806984326992,1.1382771629499375,2.7526207910850644,0.6997861233539879
fixed,hymod,sobol,0,43,1.324806984326992,1.1382771629499375,2.8219734160229564,0.71490179002285
fixed,hymod,sobol,0,44,1.324806984326992,1.1382771629499375,2.8911109156906605,0.7310088323429227
fixed,hymod,sobol,0,45,1.324806984326992,1.1382771629499375,2.961041874717921,0.7472447073087096
fixed,hymod,sobol,0,46,1.324806984326992,1.1382771629499375,3.034436875022948,0.7624064991250634
fixed,hymod,sobol,0,47,1.324806984326992,1.1382771629499375,3.104900499805808,0.7780220401473343
fixed,hymod,sobol,0,48,1.324806984326992,1.1382771629499375,3.1785337910987437,0.7945649153552949
fixed,hymod,sobol,0,49,1.324806984326992,1.1382771629499375,3.25516862468794,0.8113145404495299
fixed,hymod,sobol,0,50,1.324806984326992,1.1382771629499375,3.3285573329776525,0.8266264577396214
fixed,hymod,sobol,0,51,1.324806984326992,1.1382771629499375,3.4039502907544374,0.8419683328829706
fixed,hymod,sobol,0,52,1.324806984326992,1.1382771629499375,3.4827347910031676,0.8596827499568462
fixed,hymod,sobol,0,53,1.324806984326992,1.1382771629499375,3.5629931250587106,0.8767265407368541
fixed,hymod,sobol,0,54,1.324806984326992,1.1382771629499375,3.6432509999722242,0.8932656235992908
fixed,hymod,sobol,0,55,1.324806984326992,1.1382771629499375,3.7209949158132076,0.9094216236844659
fixed,hymod,sobol,0,56,1.324806984326992,1.1382771629499375,3.800669957883656,0.9267709567211568
fixed,hymod,sobol,0,57,1.324806984326992,1.1382771629499375,3.8810754576697946,0.9438561657443643
fixed,hymod,sobol,0,58,1.324806984326992,1.1382771629499375,3.9578384160995483,0.9601822076365352
fixed,hymod,sobol,0,59,1.324806984326992,1.1382771629499375,4.035950957797468,0.9763857484795153
fixed,hymod,sobol,0,60,1.324806984326992,1.1382771629499375,4.115266624838114,0.9936184985563159
fixed,hymod,sobol,0,61,1.324806984326992,1.1382771629499375,4.20048795780167,1.0109830824658275
fixed,hymod,sobol,0,62,1.324806984326992,1.1382771629499375,4.2824366660788655,1.0275172903202474
fixed,hymod,sobol,0,63,1.324806984326992,1.1382771629499375,4.365002457983792,1.0439920402131975
fixed,hymod,sobol,0,64,1.324806984326992,1.1382771629499375,4.450329290702939,1.0614355402067304
fixed,hymod,sobol,0,65,1.324806984326992,1.1382771629499375,4.5348068326711655,1.0787683730013669
fixed,hymod,sobol,0,66,1.324806984326992,1.1382771629499375,4.619903999846429,1.095445164013654
fixed,hymod,sobol,0,67,1.324806984326992,1.1382771629499375,4.704956958070397,1.1119285388849676
fixed,hymod,sobol,0,68,1.324806984326992,1.1382771629499375,4.791760791093111,1.1293872045353055
fixed,hymod,sobol,0,69,1.324806984326992,1.1382771629499375,4.881860707886517,1.1470470796339214
fixed,hymod,sobol,0,70,1.324806984326992,1.1382771629499375,4.96808070782572,1.1634924965910614
fixed,hymod,sobol,0,71,1.324806984326992,1.1382771629499375,5.05796141596511,1.1808646623976529
fixed,hymod,sobol,0,72,1.324806984326992,1.1382771629499375,5.14654158288613,1.198663370218128
fixed,hymod,sobol,0,73,1.324806984326992,1.1382771629499375,5.2366602080874145,1.2168521201238036
fixed,hymod,sobol,0,74,1.324806984326992,1.1382771629499375,5.3230227078311145,1.232259202748537
fixed,hymod,sobol,0,75,1.324806984326992,1.1382771629499375,5.411780915688723,1.24862753553316
fixed,hymod,sobol,0,76,1.324806984326992,1.1382771629499375,5.502951624803245,1.2666888693347573
fixed,hymod,sobol,0,77,1.324806984326992,1.1382771629499375,5.588522416073829,1.283995327539742
fixed,hymod,sobol,0,78,1.324806984326992,1.1382771629499375,5.674679208081216,1.3002072027884424
fixed,hymod,sobol,0,79,1.324806984326992,1.1382771629499375,5.760867999866605,1.3166730366647243
fixed,hymod,sobol,0,80,1.324806984326992,1.1382771629499375,5.847822540905327,1.3338954956270754
fixed,hymod,sobol,0,81,1.324806984326992,1.1382771629499375,5.935310041066259,1.35135691286996
fixed,hymod,sobol,0,82,1.324806984326992,1.1382771629499375,6.026341374963522,1.3680251627229154
fixed,hymod,sobol,0,83,1.324806984326992,1.1382771629499375,6.118481749668717,1.384084912482649
fixed,hymod,sobol,0,84,1.324806984326992,1.1382771629499375,6.208529707975686,1.4014077042229474
fixed,hymod,sobol,0,85,1.324806984326992,1.1382771629499375,6.300064374692738,1.4187323292717338
fixed,hymod,sobol,0,86,1.324806984326992,1.1382771629499375,6.389388165902346,1.434967287350446
fixed,hymod,sobol,0,87,1.324806984326992,1.1382771629499375,6.479744374752045,1.451009870506823
fixed,hymod,sobol,0,88,1.324806984326992,1.1382771629499375,6.574206290766597,1.468269579578191
fixed,hymod,sobol,0,89,1.324806984326992,1.1382771629499375,6.6701719160191715,1.4853852041997015
fixed,hymod,sobol,0,90,1.324806984326992,1.1382771629499375,6.7617586250416934,1.501379662193358
fixed,hymod,sobol,0,91,1.324806984326992,1.1382771629499375,6.861099832691252,1.5183668709360063
fixed,hymod,sobol,0,92,1.324806984326992,1.1382771629499375,6.960953040979803,1.5372124128043652
fixed,hymod,sobol,0,93,1.324806984326992,1.1382771629499375,7.063184583093971,1.5556384548544884
fixed,hymod,sobol,0,94,1.324806984326992,1.1382771629499375,7.164138707797974,1.5731135802343488
fixed,hymod,sobol,0,95,1.324806984326992,1.1382771629499375,7.261762165930122,1.5901609961874783
fixed,hymod,sobol,0,96,1.324806984326992,1.1382771629499375,7.396809707861394,1.6076301210559905
fixed,hymod,bo,0,1,1.8568104001556398,1.1382771629499375,0.09203562466427684,0.017389082815498114
fixed,hymod,bo,0,2,1.8568104001556398,1.1382771629499375,0.1477481247857213,0.033348541241139174
fixed,hymod,bo,0,3,1.5141039609511615,1.1382771629499375,0.20552679197862744,0.04942266643047333
fixed,hymod,bo,0,4,1.5141039609511615,1.1382771629499375,0.2643651249818504,0.06682729162275791
fixed,hymod,bo,0,5,1.5141039609511615,1.1382771629499375,0.3262269999831915,0.08393133338540792
fixed,hymod,bo,0,6,1.5141039609511615,1.1382771629499375,0.38866704190149903,0.10040683299303055
fixed,hymod,bo,0,7,1.5141039609511615,1.1382771629499375,0.4540432495996356,0.11654004221782088
fixed,hymod,bo,0,8,1.5141039609511615,1.1382771629499375,0.51790687488392,0.135430209338665
fixed,hymod,bo,0,9,1.5141039609511615,1.1382771629499375,0.7116111246868968,0.1516425432637334
fixed,hymod,bo,0,10,1.5051764450337688,1.1382771629499375,0.9051511245779693,0.16709925141185522
fixed,hymod,bo,0,11,1.5051764450337688,1.1382771629499375,1.098333082627505,0.18341675121337175
fixed,hymod,bo,0,12,1.5051764450337688,1.1382771629499375,1.2793930829502642,0.19858229206874967
fixed,hymod,bo,0,13,1.5051764450337688,1.1382771629499375,1.4585875826887786,0.21371987601742148
fixed,hymod,bo,0,14,1.5051764450337688,1.1382771629499375,1.626104791648686,0.2296005431562662
fixed,hymod,bo,0,15,1.5051764450337688,1.1382771629499375,1.803158541675657,0.24590750178322196
fixed,hymod,bo,0,16,1.5051764450337688,1.1382771629499375,2.0052712918259203,0.26395750185474753
fixed,hymod,bo,0,17,1.3919499791627148,1.1382771629499375,2.2086796667426825,0.27918012673035264
fixed,hymod,bo,0,18,1.3919499791627148,1.1382771629499375,2.3954368326812983,0.2968297926709056
fixed,hymod,bo,0,19,1.3919499791627148,1.1382771629499375,2.625136666931212,0.31535504246130586
fixed,hymod,bo,0,20,1.3677727187836164,1.1382771629499375,2.8580791666172445,0.33309875009581447
fixed,hymod,bo,0,21,1.3677727187836164,1.1382771629499375,3.073202416766435,0.3494925838895142
fixed,hymod,bo,0,22,1.3677727187836164,1.1382771629499375,3.290159957949072,0.36574245849624276
fixed,hymod,bo,0,23,1.3677727187836164,1.1382771629499375,3.5533599997870624,0.38231879146769643
fixed,hymod,bo,0,24,1.3677727187836164,1.1382771629499375,3.782954666763544,0.3986990833655
fixed,hymod,bo,0,25,1.3677727187836164,1.1382771629499375,4.015255957841873,0.41501570818945765
fixed,hymod,bo,0,26,1.3677727187836164,1.1382771629499375,4.267025707755238,0.43109320802614093
fixed,hymod,bo,0,27,1.3677727187836164,1.1382771629499375,4.458765999879688,0.4467855831608176
fixed,hymod,bo,0,28,1.3617124674057746,1.1382771629499375,4.683461332693696,0.4630538332276046
fixed,hymod,bo,0,29,1.3617124674057746,1.1382771629499375,4.919297957792878,0.48075233306735754
fixed,hymod,bo,0,30,1.3617124674057746,1.1382771629499375,5.137101707980037,0.4989302083849907
fixed,hymod,bo,0,31,1.3617124674057746,1.1382771629499375,5.33850866695866,0.5166244585998356
fixed,hymod,bo,0,32,1.3617124674057746,1.1382771629499375,5.615674291737378,0.5336967925541103
fixed,hymod,bo,0,33,1.3617124674057746,1.1382771629499375,5.875639291945845,0.5501897502690554
fixed,hymod,bo,0,34,1.3617124674057746,1.1382771629499375,6.194032999686897,0.5663602082058787
fixed,hymod,bo,0,35,1.3617124674057746,1.1382771629499375,6.420658291783184,0.5817110412754118
fixed,hymod,bo,0,36,1.3617124674057746,1.1382771629499375,6.638076999690384,0.5970834163017571
fixed,hymod,bo,0,37,1.3617124674057746,1.1382771629499375,6.89984770771116,0.61289875023067
fixed,hymod,bo,0,38,1.3617124674057746,1.1382771629499375,7.097060999833047,0.6281572915613651
fixed,hymod,bo,0,39,1.3617124674057746,1.1382771629499375,7.345301166642457,0.6456156666390598
fixed,hymod,bo,0,40,1.3617124674057746,1.1382771629499375,7.6701093330048025,0.6620875825174153
fixed,hymod,bo,0,41,1.3617124674057746,1.1382771629499375,7.913248207885772,0.6784283323213458
fixed,hymod,bo,0,42,1.3617124674057746,1.1382771629499375,8.17068470781669,0.6947968741878867
fixed,hymod,bo,0,43,1.3617124674057746,1.1382771629499375,8.472487041726708,0.7111221658997238
fixed,hymod,bo,0,44,1.3617124674057746,1.1382771629499375,8.684586082585156,0.727316040545702
fixed,hymod,bo,0,45,1.3617124674057746,1.1382771629499375,9.01435804180801,0.745001582428813
fixed,hymod,bo,0,46,1.3617124674057746,1.1382771629499375,9.252295332960784,0.7600483326241374
fixed,hymod,bo,0,47,1.3617124674057746,1.1382771629499375,9.473982541821897,0.7766367075964808
fixed,hymod,bo,0,48,1.3617124674057746,1.1382771629499375,9.680086082778871,0.7920610406436026
fixed,hymod,bo,0,49,1.3617124674057746,1.1382771629499375,9.926680541597307,0.8072464987635612
fixed,hymod,bo,0,50,1.3617124674057746,1.1382771629499375,10.176961832679808,0.8236946235410869
fixed,hymod,bo,0,51,1.3617124674057746,1.1382771629499375,10.368877749890089,0.8398133316077292
fixed,hymod,bo,0,52,1.3298786799369497,1.1382771629499375,10.58393545774743,0.8561750813387334
fixed,hymod,bo,0,53,1.3298786799369497,1.1382771629499375,10.81537212477997,0.8725139144808054
fixed,hymod,bo,0,54,1.2320102513754994,1.1382771629499375,11.034514791797847,0.8886790801770985
fixed,hymod,bo,0,55,1.2320102513754994,1.1382771629499375,11.287034332752228,0.9053924134932458
fixed,hymod,bo,0,56,1.2320102513754994,1.1382771629499375,11.550966582726687,0.9226712882518768
fixed,hymod,bo,0,57,1.175681691518944,1.1382771629499375,11.8255759999156,0.9381269556470215
fixed,hymod,bo,0,58,1.175681691518944,1.1382771629499375,12.022374624852091,0.9530589552596211
fixed,hymod,bo,0,59,1.1613866008569438,1.1382771629499375,12.294074041768909,0.9682916635647416
fixed,hymod,bo,0,60,1.1613866008569438,1.1382771629499375,12.506729417014867,0.983814955689013
fixed,hymod,bo,0,61,1.1405957813043923,1.1382771629499375,12.785123499576002,1.00058499770239
fixed,hymod,bo,0,62,1.1405957813043923,1.1382771629499375,13.145359416957945,1.017155623063445
fixed,hymod,bo,0,63,1.1405957813043923,1.1382771629499375,13.463117667008191,1.0337894149124622
fixed,hymod,bo,0,64,1.1405957813043923,1.1382771629499375,13.746481582988054,1.0516651230864227
fixed,hymod,bo,0,65,1.1216088353387366,1.1382771629499375,14.19888454163447,1.06810562312603
fixed,hymod,bo,0,66,1.1216088353387366,1.1382771629499375,14.474322875030339,1.0840670811012387
fixed,hymod,bo,0,67,1.1216088353387366,1.1382771629499375,14.754733457695693,1.101663873065263
fixed,hymod,bo,0,68,1.1216088353387366,1.1382771629499375,14.970846499782056,1.1190613731741905
fixed,hymod,bo,0,69,1.1216088353387366,1.1382771629499375,15.249441666994244,1.1363766649737954
fixed,hymod,bo,0,70,1.1216088353387366,1.1382771629499375,15.479284582659602,1.1526806242763996
fixed,hymod,bo,0,71,1.1216088353387366,1.1382771629499375,15.716986416839063,1.1703581241890788
fixed,hymod,bo,0,72,1.1216088353387366,1.1382771629499375,15.995217083021998,1.1869869572110474
fixed,hymod,bo,0,73,1.1216088353387366,1.1382771629499375,16.201486541889608,1.2043374991044402
fixed,hymod,bo,0,74,1.1216088353387366,1.1382771629499375,16.383412916678935,1.2206859989091754
fixed,hymod,bo,0,75,1.1085942853147694,1.1382771629499375,16.73381729191169,1.2367694568820298
fixed,hymod,bo,0,76,1.1085942853147694,1.1382771629499375,16.96768108289689,1.2542710821144283
fixed,hymod,bo,0,77,1.1085942853147694,1.1382771629499375,17.309687957633287,1.2705975412391126
fixed,hymod,bo,0,78,1.1066513328031464,1.1382771629499375,17.70678099989891,1.2873880411498249
fixed,hymod,bo,0,79,1.1066513328031464,1.1382771629499375,18.007855999749154,1.3039186242967844
fixed,hymod,bo,0,80,1.1066513328031464,1.1382771629499375,18.349092166870832,1.3191789579577744
fixed,hymod,bo,0,81,1.1066513328031464,1.1382771629499375,18.64498612470925,1.3355253329500556
fixed,hymod,bo,0,82,1.0923839612441701,1.1382771629499375,19.000211749691516,1.3518607490696013
fixed,hymod,bo,0,83,1.0923839612441701,1.1382771629499375,19.303097874857485,1.3694928740151227
fixed,hymod,bo,0,84,1.0923839612441701,1.1382771629499375,19.74833416659385,1.3871087492443621
fixed,hymod,bo,0,85,1.0923839612441701,1.1382771629499375,20.098362332675606,1.404441999271512
fixed,hymod,bo,0,86,1.0923839612441701,1.1382771629499375,20.503143791574985,1.4204253335483372
fixed,hymod,bo,0,87,1.0923839612441701,1.1382771629499375,20.78844862477854,1.4357937085442245
fixed,hymod,bo,0,88,1.0923839612441701,1.1382771629499375,21.186433457769454,1.4513135007582605
fixed,hymod,bo,0,89,1.0923839612441701,1.1382771629499375,21.475214874837548,1.4667340428568423
fixed,hymod,bo,0,90,1.0923839612441701,1.1382771629499375,21.80482512479648,1.4838512516580522
fixed,hymod,bo,0,91,1.0920507928686891,1.1382771629499375,22.20822212472558,1.500396543648094
fixed,hymod,bo,0,92,1.0920507928686891,1.1382771629499375,22.64033087482676,1.5167196267284453
fixed,hymod,bo,0,93,1.0844325660632972,1.1382771629499375,23.181183082982898,1.5320373359136283
fixed,hymod,bo,0,94,1.0844325660632972,1.1382771629499375,23.51208679191768,1.5475644608959556
fixed,hymod,bo,0,95,1.08407348852375,1.1382771629499375,24.018384124618024,1.562983169220388
fixed,hymod,bo,0,96,1.08407348852375,1.1382771629499375,24.66992654185742,1.5789083363488317
fixed,hymod,sobol,1,1,2.1397317698795764,1.1382771629499375,0.09806812508031726,0.016637791879475117
fixed,hymod,sobol,1,2,2.1397317698795764,1.1382771629499375,0.15665945829823613,0.033766166772693396
fixed,hymod,sobol,1,3,1.641671087074331,1.1382771629499375,0.21290704235434532,0.0512706246227026
fixed,hymod,sobol,1,4,1.641671087074331,1.1382771629499375,0.2723506670445204,0.06749695772305131
fixed,hymod,sobol,1,5,1.641671087074331,1.1382771629499375,0.33149429224431515,0.08418849995359778
fixed,hymod,sobol,1,6,1.641671087074331,1.1382771629499375,0.38939845794811845,0.10178558295592666
fixed,hymod,sobol,1,7,1.641671087074331,1.1382771629499375,0.4492086670361459,0.11896116705611348
fixed,hymod,sobol,1,8,1.641671087074331,1.1382771629499375,0.5056531252339482,0.13519062474370003
fixed,hymod,sobol,1,9,1.641671087074331,1.1382771629499375,0.5629946673288941,0.1518140840344131
fixed,hymod,sobol,1,10,1.641671087074331,1.1382771629499375,0.62461445806548,0.1690688761882484
fixed,hymod,sobol,1,11,1.641671087074331,1.1382771629499375,0.6831740420311689,0.18615712597966194
fixed,hymod,sobol,1,12,1.641671087074331,1.1382771629499375,0.74355687526986,0.20231679268181324
fixed,hymod,sobol,1,13,1.641671087074331,1.1382771629499375,0.8036037082783878,0.21823325054720044
fixed,hymod,sobol,1,14,1.641671087074331,1.1382771629499375,0.8637678329832852,0.23497437546029687
fixed,hymod,sobol,1,15,1.641671087074331,1.1382771629499375,0.9242278751917183,0.2513287924230099
fixed,hymod,sobol,1,16,1.641671087074331,1.1382771629499375,0.9856916670687497,0.2668087505735457
fixed,hymod,sobol,1,17,1.641671087074331,1.1382771629499375,1.0468913749791682,0.28212695848196745
fixed,hymod,sobol,1,18,1.641671087074331,1.1382771629499375,1.1058963751420379,0.29814416635781527
fixed,hymod,sobol,1,19,1.641671087074331,1.1382771629499375,1.166785292327404,0.314365457277745
fixed,hymod,sobol,1,20,1.641671087074331,1.1382771629499375,1.226383250206709,0.33000512421131134
fixed,hymod,sobol,1,21,1.641671087074331,1.1382771629499375,1.2845797501504421,0.34529303992167115
fixed,hymod,sobol,1,22,1.641671087074331,1.1382771629499375,1.3453335002996027,0.36181362392380834
fixed,hymod,sobol,1,23,1.641671087074331,1.1382771629499375,1.4052012083120644,0.3781289146281779
fixed,hymod,sobol,1,24,1.641671087074331,1.1382771629499375,1.4677864583209157,0.39344466431066394
fixed,hymod,sobol,1,25,1.641671087074331,1.1382771629499375,1.5278204581700265,0.40873953932896256
fixed,hymod,sobol,1,26,1.641671087074331,1.1382771629499375,1.5891371672041714,0.42495574802160263
fixed,hymod,sobol,1,27,1.641671087074331,1.1382771629499375,1.6540562501177192,0.44107791502028704
fixed,hymod,sobol,1,28,1.641671087074331,1.1382771629499375,1.7205011253245175,0.4567844979465008
fixed,hymod,sobol,1,29,1.641671087074331,1.1382771629499375,1.7879747920669615,0.4724661228246987
fixed,hymod,sobol,1,30,1.641671087074331,1.1382771629499375,1.8555926671251655,0.4888031226582825
fixed,hymod,sobol,1,31,1.641671087074331,1.1382771629499375,1.9274682919494808,0.5065662055276334
fixed,hymod,sobol,1,32,1.641671087074331,1.1382771629499375,1.9964975831098855,0.5227242056280375
fixed,hymod,sobol,1,33,1.641671087074331,1.1382771629499375,2.067276708316058,0.5388687886297703
fixed,hymod,sobol,1,34,1.641671087074331,1.1382771629499375,2.1392216249369085,0.556824080646038
fixed,hymod,sobol,1,35,1.641671087074331,1.1382771629499375,2.213077917229384,0.5748676229268312
fixed,hymod,sobol,1,36,1.641671087074331,1.1382771629499375,2.2853214582428336,0.5917156636714935
fixed,hymod,sobol,1,37,1.641671087074331,1.1382771629499375,2.360443292185664,0.6086077466607094
fixed,hymod,sobol,1,38,1.641671087074331,1.1382771629499375,2.4392107082530856,0.6262561217881739
fixed,hymod,sobol,1,39,1.641671087074331,1.1382771629499375,2.5131744579412043,0.6436944967135787
fixed,hymod,sobol,1,40,1.641671087074331,1.1382771629499375,2.592541417106986,0.6607071217149496
fixed,hymod,sobol,1,41,1.641671087074331,1.1382771629499375,2.674437042325735,0.6784931216388941
fixed,hymod,sobol,1,42,1.641671087074331,1.1382771629499375,2.757271375041455,0.6980609963648021
fixed,hymod,sobol,1,43,1.641671087074331,1.1382771629499375,2.8412800831720233,0.7174469539895654
fixed,hymod,sobol,1,44,1.641671087074331,1.1382771629499375,2.9212951250374317,0.7349220379255712
fixed,hymod,sobol,1,45,1.641671087074331,1.1382771629499375,2.998378625139594,0.7524348716251552
fixed,hymod,sobol,1,46,1.641671087074331,1.1382771629499375,3.0800086250528693,0.7715645809657872
fixed,hymod,sobol,1,47,1.641671087074331,1.1382771629499375,3.16383875021711,0.7902402887120843
fixed,hymod,sobol,1,48,1.641671087074331,1.1382771629499375,3.242472667247057,0.8080707476474345
fixed,hymod,sobol,1,49,1.641671087074331,1.1382771629499375,3.325716624967754,0.8252978310920298
fixed,hymod,sobol,1,50,1.641671087074331,1.1382771629499375,3.406162875238806,0.8441356648690999
fixed,hymod,sobol,1,51,1.641671087074331,1.1382771629499375,3.487932833377272,0.8631204557605088
fixed,hymod,sobol,1,52,1.641671087074331,1.1382771629499375,3.568372500129044,0.8806896638125181
fixed,hymod,sobol,1,53,1.641671087074331,1.1382771629499375,3.64777775015682,0.8979644975624979
fixed,hymod,sobol,1,54,1.641671087074331,1.1382771629499375,3.729419874958694,0.9166147895157337
fixed,hymod,sobol,1,55,1.641671087074331,1.1382771629499375,3.807414541952312,0.9350445391610265
fixed,hymod,sobol,1,56,1.5519857069901826,1.1382771629499375,3.883147417102009,0.9513373728841543
fixed,hymod,sobol,1,57,1.50928567568111,1.1382771629499375,3.962589000351727,0.9673468307591975
fixed,hymod,sobol,1,58,1.50928567568111,1.1382771629499375,4.041704874951392,0.9849186637438834
fixed,hymod,sobol,1,59,1.50928567568111,1.1382771629499375,4.119583792053163,1.0019983309321105
fixed,hymod,sobol,1,60,1.50928567568111,1.1382771629499375,4.198816417250782,1.0183830386959016
fixed,hymod,sobol,1,61,1.50928567568111,1.1382771629499375,4.277735291980207,1.0346370795741677
fixed,hymod,sobol,1,62,1.50928567568111,1.1382771629499375,4.359310583211482,1.0519419545307755
fixed,hymod,sobol,1,63,1.4044152426888448,1.1382771629499375,4.439651125110686,1.0693523297086358
fixed,hymod,sobol,1,64,1.4044152426888448,1.1382771629499375,4.519523583352566,1.0854814546182752
fixed,hymod,sobol,1,65,1.4044152426888448,1.1382771629499375,4.600310417357832,1.1021977048367262
fixed,hymod,sobol,1,66,1.4044152426888448,1.1382771629499375,4.682779583148658,1.12003791378811
fixed,hymod,sobol,1,67,1.4044152426888448,1.1382771629499375,4.765363208018243,1.1374797886237502
fixed,hymod,sobol,1,68,1.4044152426888448,1.1382771629499375,4.848579000215977,1.1541334544308484
fixed,hymod,sobol,1,69,1.4044152426888448,1.1382771629499375,4.931574000045657,1.1703969966620207
fixed,hymod,sobol,1,70,1.4044152426888448,1.1382771629499375,5.0155930002219975,1.1876735375262797
fixed,hymod,sobol,1,71,1.4044152426888448,1.1382771629499375,5.094326708000153,1.204189870506525
fixed,hymod,sobol,1,72,1.4044152426888448,1.1382771629499375,5.17235808307305,1.219714037142694
fixed,hymod,sobol,1,73,1.4044152426888448,1.1382771629499375,5.25102504203096,1.2348664533346891
fixed,hymod,sobol,1,74,1.4044152426888448,1.1382771629499375,5.333552792202681,1.251778912730515
fixed,hymod,sobol,1,75,1.4044152426888448,1.1382771629499375,5.414369833189994,1.2682431624270976
fixed,hymod,sobol,1,76,1.4044152426888448,1.1382771629499375,5.497732917312533,1.283740995451808
fixed,hymod,sobol,1,77,1.4044152426888448,1.1382771629499375,5.583461083006114,1.2996100378222764
fixed,hymod,sobol,1,78,1.4044152426888448,1.1382771629499375,5.672156542073935,1.316786287818104
fixed,hymod,sobol,1,79,1.4044152426888448,1.1382771629499375,5.761269875336438,1.334289662539959
fixed,hymod,sobol,1,80,1.4044152426888448,1.1382771629499375,5.850452708080411,1.3505107457749546
fixed,hymod,sobol,1,81,1.4044152426888448,1.1382771629499375,5.9386311252601445,1.3665982456877828
fixed,hymod,sobol,1,82,1.4044152426888448,1.1382771629499375,6.031525708269328,1.3836901625618339
fixed,hymod,sobol,1,83,1.4044152426888448,1.1382771629499375,6.125289957970381,1.4011615375056863
fixed,hymod,sobol,1,84,1.4044152426888448,1.1382771629499375,6.215343791991472,1.417486953549087
fixed,hymod,sobol,1,85,1.4044152426888448,1.1382771629499375,6.304306291975081,1.4340938283130527
fixed,hymod,sobol,1,86,1.4044152426888448,1.1382771629499375,6.392734874971211,1.451350660994649
fixed,hymod,sobol,1,87,1.4044152426888448,1.1382771629499375,6.4832950830459595,1.4689474939368665
fixed,hymod,sobol,1,88,1.4044152426888448,1.1382771629499375,6.573293125256896,1.485308952163905
fixed,hymod,sobol,1,89,1.4044152426888448,1.1382771629499375,6.664054458029568,1.5012584100477397
fixed,hymod,sobol,1,90,1.4044152426888448,1.1382771629499375,6.758995667099953,1.5184120354242623
fixed,hymod,sobol,1,91,1.4044152426888448,1.1382771629499375,6.852316958364099,1.5359896183945239
fixed,hymod,sobol,1,92,1.4044152426888448,1.1382771629499375,6.945087875239551,1.5522726182825863
fixed,hymod,sobol,1,93,1.4044152426888448,1.1382771629499375,7.033010541927069,1.5674591604620218
fixed,hymod,sobol,1,94,1.4044152426888448,1.1382771629499375,7.120447375345975,1.5838181604631245
fixed,hymod,sobol,1,95,1.2513580061651486,1.1382771629499375,7.207404125016183,1.6000722022727132
fixed,hymod,sobol,1,96,1.2513580061651486,1.1382771629499375,7.331582583021373,1.6152119520120323
fixed,hymod,bo,1,1,2.1397317698795764,1.1382771629499375,0.08542204089462757,0.015079792123287916
fixed,hymod,bo,1,2,2.1397317698795764,1.1382771629499375,0.14071745797991753,0.03161579230800271
fixed,hymod,bo,1,3,1.641671087074331,1.1382771629499375,0.19484400004148483,0.04793666722252965
fixed,hymod,bo,1,4,1.641671087074331,1.1382771629499375,0.2489888332784176,0.06323587521910667
fixed,hymod,bo,1,5,1.641671087074331,1.1382771629499375,0.3054401660338044,0.07881700014695525
fixed,hymod,bo,1,6,1.641671087074331,1.1382771629499375,0.36184850009158254,0.0949675408191979
fixed,hymod,bo,1,7,1.641671087074331,1.1382771629499375,0.4189824159257114,0.11150162387639284
fixed,hymod,bo,1,8,1.641671087074331,1.1382771629499375,0.47597654117271304,0.1267133322544396
fixed,hymod,bo,1,9,1.3524724812763746,1.1382771629499375,0.6411071661859751,0.14195987302809954
fixed,hymod,bo,1,10,1.3524724812763746,1.1382771629499375,0.7805770831182599,0.15793574787676334
fixed,hymod,bo,1,11,1.3524724812763746,1.1382771629499375,0.9528198749758303,0.17360783088952303
fixed,hymod,bo,1,12,1.3524724812763746,1.1382771629499375,1.1790475831367075,0.19006420578807592
fixed,hymod,bo,1,13,1.3524724812763746,1.1382771629499375,1.4810540000908077,0.2098558726720512
fixed,hymod,bo,1,14,1.3524724812763746,1.1382771629499375,1.647688833065331,0.22752066468819976
fixed,hymod,bo,1,15,1.3524724812763746,1.1382771629499375,1.8747568749822676,0.24524474795907736
fixed,hymod,bo,1,16,1.3524724812763746,1.1382771629499375,2.1004107082262635,0.2616347479633987
fixed,hymod,bo,1,17,1.3524724812763746,1.1382771629499375,2.3267574161291122,0.2777387476526201
fixed,hymod,bo,1,18,1.3524724812763746,1.1382771629499375,2.587149041239172,0.29400762263685465
fixed,hymod,bo,1,19,1.3524724812763746,1.1382771629499375,2.7921375408768654,0.31058083195239305
fixed,hymod,bo,1,20,1.3524724812763746,1.1382771629499375,3.017922082915902,0.3280226648785174
fixed,hymod,bo,1,21,1.3524724812763746,1.1382771629499375,3.3911500410176814,0.34530016500502825
fixed,hymod,bo,1,22,1.3524724812763746,1.1382771629499375,3.6542930412106216,0.3620652901008725
fixed,hymod,bo,1,23,1.3524724812763746,1.1382771629499375,3.949056541081518,0.37968003982678056
fixed,hymod,bo,1,24,1.3524724812763746,1.1382771629499375,4.16222337493673,0.3959477059543133
fixed,hymod,bo,1,25,1.3524724812763746,1.1382771629499375,4.362874125130475,0.41313974699005485
fixed,hymod,bo,1,26,1.3304885868397327,1.1382771629499375,4.6754963751882315,0.42951533012092113
fixed,hymod,bo,1,27,1.3304885868397327,1.1382771629499375,4.875496332999319,0.44583003781735897
fixed,hymod,bo,1,28,1.3304885868397327,1.1382771629499375,5.047877375036478,0.46268295496702194
fixed,hymod,bo,1,29,1.3304885868397327,1.1382771629499375,5.246971332933754,0.4789717053063214
fixed,hymod,bo,1,30,1.3304885868397327,1.1382771629499375,5.436192375142127,0.4957678304053843
fixed,hymod,bo,1,31,1.3304885868397327,1.1382771629499375,5.7246407913044095,0.5121219553984702
fixed,hymod,bo,1,32,1.3304885868397327,1.1382771629499375,5.9410151662305,0.5275461226701736
fixed,hymod,bo,1,33,1.3304885868397327,1.1382771629499375,6.134114915970713,0.5440705385990441
fixed,hymod,bo,1,34,1.3304885868397327,1.1382771629499375,6.394770833197981,0.559528830461204
fixed,hymod,bo,1,35,1.3304885868397327,1.1382771629499375,6.592232583090663,0.5750289973802865
fixed,hymod,bo,1,36,1.3304885868397327,1.1382771629499375,6.822332416195422,0.5926020801998675
fixed,hymod,bo,1,37,1.3304885868397327,1.1382771629499375,7.053865833207965,0.6101101213134825
fixed,hymod,bo,1,38,1.3304885868397327,1.1382771629499375,7.274386125151068,0.6263649961911142
fixed,hymod,bo,1,39,1.3304885868397327,1.1382771629499375,7.471514500211924,0.6418004133738577
fixed,hymod,bo,1,40,1.3304885868397327,1.1382771629499375,7.6927051660604775,0.6579165384173393
fixed,hymod,bo,1,41,1.2993725869200528,1.1382771629499375,7.9147384581156075,0.6733784135431051
fixed,hymod,bo,1,42,1.2993725869200528,1.1382771629499375,8.158420708030462,0.6889594974927604
fixed,hymod,bo,1,43,1.2993725869200528,1.1382771629499375,8.375628707930446,0.7041132883168757
fixed,hymod,bo,1,44,1.2993725869200528,1.1382771629499375,8.61446441616863,0.7194205382838845
fixed,hymod,bo,1,45,1.2993725869200528,1.1382771629499375,8.874063750263304,0.7346933712251484
fixed,hymod,bo,1,46,1.2993725869200528,1.1382771629499375,9.117236166261137,0.7503284132108092
fixed,hymod,bo,1,47,1.2993725869200528,1.1382771629499375,9.349152291193604,0.7665764549747109
fixed,hymod,bo,1,48,1.2993725869200528,1.1382771629499375,9.576516916044056,0.7828957880847156
fixed,hymod,bo,1,49,1.2993725869200528,1.1382771629499375,9.891438166145235,0.7993184551596642
fixed,hymod,bo,1,50,1.2993725869200528,1.1382771629499375,10.133207083214074,0.8158547882921994
fixed,hymod,bo,1,51,1.2546398421398002,1.1382771629499375,10.50019145803526,0.8337462041527033
fixed,hymod,bo,1,52,1.2546398421398002,1.1382771629499375,10.799526666291058,0.8522454132325947
fixed,hymod,bo,1,53,1.2546398421398002,1.1382771629499375,11.095152040943503,0.8704064963385463
fixed,hymod,bo,1,54,1.2546398421398002,1.1382771629499375,11.412468791007996,0.88786799646914
fixed,hymod,bo,1,55,1.2546398421398002,1.1382771629499375,11.759429375175387,0.9082359964959323
fixed,hymod,bo,1,56,1.2546398421398002,1.1382771629499375,12.1797936251387,0.9384705377742648
fixed,hymod,bo,1,57,1.2546398421398002,1.1382771629499375,12.614730041008443,0.9687296207994223
fixed,hymod,bo,1,58,1.2546398421398002,1.1382771629499375,13.069066875148565,0.9930644128471613
fixed,hymod,bo,1,59,1.2546398421398002,1.1382771629499375,13.500466166064143,1.0148617466911674
fixed,hymod,bo,1,60,1.2546398421398002,1.1382771629499375,13.833557083271444,1.0324535807594657
fixed,hymod,bo,1,61,1.2546398421398002,1.1382771629499375,14.120146416127682,1.0480094556696713
fixed,hymod,bo,1,62,1.2546398421398002,1.1382771629499375,14.507478791289032,1.0671721217222512
fixed,hymod,bo,1,63,1.2546398421398002,1.1382771629499375,14.74632287491113,1.0847224136814475
fixed,hymod,bo,1,64,1.2546398421398002,1.1382771629499375,15.039451333228499,1.1028246637433767
fixed,hymod,bo,1,65,1.2546398421398002,1.1382771629499375,15.30490112490952,1.1192829976789653
fixed,hymod,bo,1,66,1.2546398421398002,1.1382771629499375,15.552996499929577,1.135831247549504
fixed,hymod,bo,1,67,1.2546398421398002,1.1382771629499375,15.881488957908005,1.154555372428149
fixed,hymod,bo,1,68,1.2546398421398002,1.1382771629499375,16.23246704088524,1.1718864971771836
fixed,hymod,bo,1,69,1.2546398421398002,1.1382771629499375,16.506083082873374,1.1897797053679824
fixed,hymod,bo,1,70,1.2546398421398002,1.1382771629499375,16.806106250267476,1.206125580240041
fixed,hymod,bo,1,71,1.2546398421398002,1.1382771629499375,17.091942250262946,1.2226057881489396
fixed,hymod,bo,1,72,1.2546398421398002,1.1382771629499375,17.325934458058327,1.239172121975571
fixed,hymod,bo,1,73,1.2546398421398002,1.1382771629499375,17.626361166127026,1.2554257889278233
fixed,hymod,bo,1,74,1.2546398421398002,1.1382771629499375,17.89431916596368,1.271821413654834
fixed,hymod,bo,1,75,1.2546398421398002,1.1382771629499375,18.26537404116243,1.288795788306743
fixed,hymod,bo,1,76,1.2546398421398002,1.1382771629499375,18.573131625074893,1.3060048725456
fixed,hymod,bo,1,77,1.2409135630730266,1.1382771629499375,18.90858779102564,1.3243504976853728
fixed,hymod,bo,1,78,1.2409135630730266,1.1382771629499375,19.218217958230525,1.3483175807632506
fixed,hymod,bo,1,79,1.2409135630730266,1.1382771629499375,19.616255708038807,1.3678676639683545
fixed,hymod,bo,1,80,1.2409135630730266,1.1382771629499375,20.105879040900618,1.387391329742968
fixed,hymod,bo,1,81,1.2409135630730266,1.1382771629499375,20.499758791178465,1.410991495475173
fixed,hymod,bo,1,82,1.2409135630730266,1.1382771629499375,20.910054500214756,1.4373728702776134
fixed,hymod,bo,1,83,1.2409135630730266,1.1382771629499375,21.686888166237622,1.4774838699959219
fixed,hymod,bo,1,84,1.2409135630730266,1.1382771629499375,22.315731999929994,1.5081539950333536
fixed,hymod,bo,1,85,1.2409135630730266,1.1382771629499375,22.70891625015065,1.5332134533673525
fixed,hymod,bo,1,86,1.2409135630730266,1.1382771629499375,23.11642525019124,1.5547004113905132
fixed,hymod,bo,1,87,1.2409135630730266,1.1382771629499375,23.488519333302975,1.5763194537721574
fixed,hymod,bo,1,88,1.2409135630730266,1.1382771629499375,23.8937916662544,1.596121370792389
fixed,hymod,bo,1,89,1.2409135630730266,1.1382771629499375,24.468663041014224,1.6135503286495805
fixed,hymod,bo,1,90,1.2409135630730266,1.1382771629499375,25.007548958063126,1.6410150374285877
fixed,hymod,bo,1,91,1.2409135630730266,1.1382771629499375,25.482298790942878,1.667484120465815
fixed,hymod,bo,1,92,1.2409135630730266,1.1382771629499375,25.945097666233778,1.6924515780992806
fixed,hymod,bo,1,93,1.2409135630730266,1.1382771629499375,26.751634083222598,1.7503128284588456
fixed,hymod,bo,1,94,1.2409135630730266,1.1382771629499375,27.57494125002995,1.7764217453077435
fixed,hymod,bo,1,95,1.2409135630730266,1.1382771629499375,28.010099083185196,1.803418162278831
fixed,hymod,bo,1,96,1.2409135630730266,1.1382771629499375,28.57193687511608,1.8281924542970955
fixed,hymod,random,1,1,1.4503857134316498,1.1382771629499375,0.1382139576599002,0.0251266248524189
fixed,hymod,random,1,2,1.4503857134316498,1.1382771629499375,0.22305795783177018,0.0516160000115633
fixed,hymod,random,1,3,1.4503857134316498,1.1382771629499375,0.31421733275055885,0.07675983291119337
fixed,hymod,random,1,4,1.4503857134316498,1.1382771629499375,0.388373791705817,0.0971167916432023
fixed,hymod,random,1,5,1.4503857134316498,1.1382771629499375,0.4678150420077145,0.11997112445533276
fixed,hymod,random,1,6,1.3709699573811824,1.1382771629499375,0.5452087917365134,0.1435141246765852
fixed,hymod,random,1,7,1.3709699573811824,1.1382771629499375,0.6203634170815349,0.1665854575112462
fixed,hymod,random,1,8,1.3709699573811824,1.1382771629499375,0.6957117500714958,0.1894156658090651
fixed,hymod,random,1,9,1.3709699573811824,1.1382771629499375,0.7702604169026017,0.21109129069373012
fixed,hymod,random,1,10,1.3709699573811824,1.1382771629499375,0.8468134999275208,0.2325784987770021
fixed,hymod,random,1,11,1.3709699573811824,1.1382771629499375,0.9250147501006722,0.254680790938437
fixed,hymod,random,1,12,1.3709699573811824,1.1382771629499375,1.0036047496832907,0.2772862911224365
fixed,hymod,random,1,13,1.3709699573811824,1.1382771629499375,1.0857493747025728,0.30031775031238794
fixed,hymod,random,1,14,1.3709699573811824,1.1382771629499375,1.16415458265692,0.3219191674143076
fixed,hymod,random,1,15,1.3709699573811824,1.1382771629499375,1.2430936670862138,0.34481891710311174
fixed,hymod,random,1,16,1.3709699573811824,1.1382771629499375,1.3203027499839664,0.36649266723543406
fixed,hymod,random,1,17,1.3709699573811824,1.1382771629499375,1.3959664166904986,0.3897416265681386
fixed,hymod,random,1,18,1.3709699573811824,1.1382771629499375,1.4738604170270264,0.4104254604317248
fixed,hymod,random,1,19,1.3709699573811824,1.1382771629499375,1.555130457971245,0.4300505011342466
fixed,hymod,random,1,20,1.3709699573811824,1.1382771629499375,1.6415880830027163,0.45161396032199264
fixed,hymod,random,1,21,1.3709699573811824,1.1382771629499375,1.7164675830863416,0.4700660021044314
fixed,hymod,random,1,22,1.3709699573811824,1.1382771629499375,1.788276792038232,0.48761500231921673
fixed,hymod,random,1,23,1.3709699573811824,1.1382771629499375,1.859487374778837,0.5041230851784348
fixed,hymod,random,1,24,1.3709699573811824,1.1382771629499375,1.9365553329698741,0.5235120020806789
fixed,hymod,random,1,25,1.3709699573811824,1.1382771629499375,2.013342207763344,0.538607127033174
fixed,hymod,random,1,26,1.3709699573811824,1.1382771629499375,2.0897469581104815,0.5587759613990784
fixed,hymod,random,1,27,1.3709699573811824,1.1382771629499375,2.1605683327652514,0.5764432945288718
fixed,hymod,random,1,28,1.3709699573811824,1.1382771629499375,2.2275155829265714,0.5922060864977539
fixed,hymod,random,1,29,1.3709699573811824,1.1382771629499375,2.297060082666576,0.6088543781079352
fixed,hymod,random,1,30,1.3709699573811824,1.1382771629499375,2.3934092498384416,0.6255182111635804
fixed,hymod,random,1,31,1.3709699573811824,1.1382771629499375,2.5109110418707132,0.6570291272364557
fixed,hymod,random,1,32,1.3709699573811824,1.1382771629499375,2.614508083090186,0.68348916945979
fixed,hymod,random,1,33,1.3709699573811824,1.1382771629499375,2.731741207651794,0.7142104194499552
fixed,hymod,random,1,34,1.3709699573811824,1.1382771629499375,2.839604042004794,0.7420898787677288
fixed,hymod,random,1,35,1.3709699573811824,1.1382771629499375,2.940295749809593,0.7668080870062113
fixed,hymod,random,1,36,1.3709699573811824,1.1382771629499375,3.0414291247725487,0.7915757526643574
fixed,hymod,random,1,37,1.3709699573811824,1.1382771629499375,3.1413767500780523,0.8161137108691037
fixed,hymod,random,1,38,1.3709699573811824,1.1382771629499375,3.243708999827504,0.840753170195967
fixed,hymod,random,1,39,1.3709699573811824,1.1382771629499375,3.3467527497559786,0.8652187543921173
fixed,hymod,random,1,40,1.3709699573811824,1.1382771629499375,3.4783086250536144,0.8913840465247631
fixed,hymod,random,1,41,1.3709699573811824,1.1382771629499375,3.6351948329247534,0.94926788052544
fixed,hymod,random,1,42,1.3709699573811824,1.1382771629499375,3.761908167041838,0.9815255054272711
fixed,hymod,random,1,43,1.3709699573811824,1.1382771629499375,3.891142124775797,1.0122479223646224
fixed,hymod,random,1,44,1.3709699573811824,1.1382771629499375,4.022743999958038,1.0442972560413182
fixed,hymod,random,1,45,1.3709699573811824,1.1382771629499375,4.170421791728586,1.0860301721841097
fixed,hymod,random,1,46,1.3709699573811824,1.1382771629499375,4.325222999788821,1.12495754705742
fixed,hymod,random,1,47,1.3709699573811824,1.1382771629499375,4.468272749800235,1.1597286299802363
fixed,hymod,random,1,48,1.3709699573811824,1.1382771629499375,4.6148982918821275,1.2015228802338243
fixed,hymod,random,1,49,1.3709699573811824,1.1382771629499375,4.722977249883115,1.2244392959401011
fixed,hymod,random,1,50,1.3709699573811824,1.1382771629499375,4.829149791970849,1.2421051287092268
fixed,hymod,random,1,51,1.3709699573811824,1.1382771629499375,4.925734916701913,1.262367878574878
fixed,hymod,random,1,52,1.3709699573811824,1.1382771629499375,5.033864832948893,1.2836654619313776
fixed,hymod,random,1,53,1.3709699573811824,1.1382771629499375,5.1363380420953035,1.306029211729765
fixed,hymod,random,1,54,1.3709699573811824,1.1382771629499375,5.247991417068988,1.3294418365694582
fixed,hymod,random,1,55,1.3709699573811824,1.1382771629499375,5.385810082778335,1.363012295216322
fixed,hymod,random,1,56,1.3709699573811824,1.1382771629499375,5.499382833018899,1.3892143368721008
fixed,hymod,random,1,57,1.3709699573811824,1.1382771629499375,5.6136385831050575,1.4153198366984725
fixed,hymod,random,1,58,1.3709699573811824,1.1382771629499375,5.734323791693896,1.44029950350523
fixed,hymod,random,1,59,1.3709699573811824,1.1382771629499375,5.844225292094052,1.4668114203959703
fixed,hymod,random,1,60,1.3709699573811824,1.1382771629499375,5.96689883293584,1.4980510454624891
fixed,hymod,random,1,61,1.3709699573811824,1.1382771629499375,6.116121541708708,1.5294406707398593
fixed,hymod,random,1,62,1.3709699573811824,1.1382771629499375,6.5097489999607205,1.572424003854394
fixed,hymod,random,1,63,1.3709699573811824,1.1382771629499375,6.664904499892145,1.6088862959295511
fixed,hymod,random,1,64,1.3709699573811824,1.1382771629499375,6.785623250063509,1.6301092118956149
fixed,hymod,random,1,65,1.3709699573811824,1.1382771629499375,6.919296874664724,1.6578886709176004
fixed,hymod,random,1,66,1.3709699573811824,1.1382771629499375,7.052281207870692,1.6855457960627973
fixed,hymod,random,1,67,1.3709699573811824,1.1382771629499375,7.191964707802981,1.7141429209150374
fixed,hymod,random,1,68,1.3709699573811824,1.1382771629499375,7.325182791799307,1.745218004565686
fixed,hymod,random,1,69,1.3709699573811824,1.1382771629499375,7.453704291954637,1.7713171299546957
fixed,hymod,random,1,70,1.3709699573811824,1.1382771629499375,7.5705569996498525,1.7949861302040517
fixed,hymod,random,1,71,1.3709699573811824,1.1382771629499375,7.689121374860406,1.8190869633108377
fixed,hymod,random,1,72,1.3709699573811824,1.1382771629499375,7.802006999962032,1.8432929632253945
fixed,hymod,random,1,73,1.3709699573811824,1.1382771629499375,7.91153004206717,1.8663008804433048
fixed,hymod,random,1,74,1.3709699573811824,1.1382771629499375,8.024093166925013,1.887824130244553
fixed,hymod,random,1,75,1.3709699573811824,1.1382771629499375,8.137589666992426,1.9101485460996628
fixed,hymod,random,1,76,1.3709699573811824,1.1382771629499375,8.25928816664964,1.9360807542689145
fixed,hymod,random,1,77,1.3709699573811824,1.1382771629499375,8.383515291847289,1.9585476713255048
fixed,hymod,random,1,78,1.3709699573811824,1.1382771629499375,8.47231795778498,1.9740935042500496
fixed,hymod,random,1,79,1.3709699573811824,1.1382771629499375,8.561685832682997,1.9904327960684896
fixed,hymod,random,1,80,1.3709699573811824,1.1382771629499375,8.659960167016834,2.0057187960483134
fixed,hymod,random,1,81,1.3709699573811824,1.1382771629499375,8.858787958044559,2.0250364211387932
fixed,hymod,random,1,82,1.3709699573811824,1.1382771629499375,9.07299720775336,2.0857666707597673
fixed,hymod,random,1,83,1.3709699573811824,1.1382771629499375,9.310322124976665,2.131868253927678
fixed,hymod,random,1,84,1.3709699573811824,1.1382771629499375,9.544036875013262,2.176345170941204
fixed,hymod,random,1,85,1.3709699573811824,1.1382771629499375,9.713806707877666,2.2078868788667023
fixed,hymod,random,1,86,1.3709699573811824,1.1382771629499375,9.880603916943073,2.238688254263252
fixed,hymod,random,1,87,1.3709699573811824,1.1382771629499375,10.047870707698166,2.273082796484232
fixed,hymod,random,1,88,1.3709699573811824,1.1382771629499375,10.200249666813761,2.3028619214892387
fixed,hymod,random,1,89,1.3709699573811824,1.1382771629499375,10.337531041819602,2.329713379498571
fixed,hymod,random,1,90,1.3709699573811824,1.1382771629499375,10.469191582873464,2.353762754239142
fixed,hymod,random,1,91,1.3709699573811824,1.1382771629499375,10.599597875028849,2.3780473791994154
fixed,hymod,random,1,92,1.3709699573811824,1.1382771629499375,10.742992375046015,2.4046500041149557
fixed,hymod,random,1,93,1.3709699573811824,1.1382771629499375,10.86291008302942,2.426773003768176
fixed,hymod,random,1,94,1.3709699573811824,1.1382771629499375,10.979795124847442,2.44789267051965
fixed,hymod,random,1,95,1.3709699573811824,1.1382771629499375,11.071143999695778,2.466163837350905
fixed,hymod,random,1,96,1.3709699573811824,1.1382771629499375,11.23678220808506,2.4852540870197117
fixed,hymod,bo,2,1,2.3508878605350536,1.1382771629499375,0.10072487499564886,0.017251375131309032
fixed,hymod,bo,2,2,1.88682412814285,1.1382771629499375,0.17148879216983914,0.03771612513810396
fixed,hymod,bo,2,3,1.88682412814285,1.1382771629499375,0.24879541713744402,0.061298375017941
fixed,hymod,bo,2,4,1.88682412814285,1.1382771629499375,0.3188422918319702,0.07757958304136992
fixed,hymod,bo,2,5,1.88682412814285,1.1382771629499375,0.38234820775687695,0.09401737432926893
fixed,hymod,bo,2,6,1.88682412814285,1.1382771629499375,0.4449285827577114,0.110491166356951
fixed,hymod,bo,2,7,1.88682412814285,1.1382771629499375,0.5090439170598984,0.126628874335438
fixed,hymod,bo,2,8,1.88682412814285,1.1382771629499375,0.5717388750053942,0.14183637406677008
fixed,hymod,bo,2,9,1.88682412814285,1.1382771629499375,0.7553703328594565,0.15737108187749982
fixed,hymod,bo,2,10,1.7592649576469748,1.1382771629499375,0.948237749747932,0.17355866450816393
fixed,hymod,bo,2,11,1.7592649576469748,1.1382771629499375,1.3686798331327736,0.1974087473936379
fixed,hymod,bo,2,12,1.7592649576469748,1.1382771629499375,1.7470494168810546,0.21862583048641682
fixed,hymod,bo,2,13,1.7592649576469748,1.1382771629499375,2.0923686251044273,0.238814371638
fixed,hymod,bo,2,14,1.3681596288079045,1.1382771629499375,2.307328083086759,0.2590722469612956
fixed,hymod,bo,2,15,1.3681596288079045,1.1382771629499375,2.654155374970287,0.2790913297794759
fixed,hymod,bo,2,16,1.3681596288079045,1.1382771629499375,2.91210633283481,0.2996793296188116
fixed,hymod,bo,2,17,1.3681596288079045,1.1382771629499375,3.2188376667909324,0.3185721202753484
fixed,hymod,bo,2,18,1.3681596288079045,1.1382771629499375,3.5171461668796837,0.33734028739854693
fixed,hymod,bo,2,19,1.3681596288079045,1.1382771629499375,3.723489874973893,0.35454778699204326
fixed,hymod,bo,2,20,1.3681596288079045,1.1382771629499375,3.9564021667465568,0.37207382917404175
fixed,hymod,bo,2,21,1.3681596288079045,1.1382771629499375,4.192659500055015,0.3895007041282952
fixed,hymod,bo,2,22,1.3681596288079045,1.1382771629499375,4.461935124825686,0.40658049611374736
fixed,hymod,bo,2,23,1.3681596288079045,1.1382771629499375,4.670892667025328,0.4236436621285975
fixed,hymod,bo,2,24,1.3681596288079045,1.1382771629499375,4.932914542034268,0.440841912291944
fixed,hymod,bo,2,25,1.3681596288079045,1.1382771629499375,5.198746750131249,0.4580997875891626
fixed,hymod,bo,2,26,1.3681596288079045,1.1382771629499375,5.4627858330495656,0.47670803777873516
fixed,hymod,bo,2,27,1.3681596288079045,1.1382771629499375,5.666182541754097,0.4930378287099302
fixed,hymod,bo,2,28,1.3681596288079045,1.1382771629499375,5.849275957792997,0.5105556626804173
fixed,hymod,bo,2,29,1.3681596288079045,1.1382771629499375,6.083781541790813,0.5266646216623485
fixed,hymod,bo,2,30,1.2255021441747254,1.1382771629499375,6.384433249942958,0.5463261632248759
fixed,hymod,bo,2,31,1.2255021441747254,1.1382771629499375,6.629170666914433,0.5620986633002758
fixed,hymod,bo,2,32,1.2255021441747254,1.1382771629499375,6.842347749974579,0.5790927461348474
fixed,hymod,bo,2,33,1.2255021441747254,1.1382771629499375,7.066839958075434,0.5973397460766137
fixed,hymod,bo,2,34,1.214097636701962,1.1382771629499375,7.283122958149761,0.6127648293040693
fixed,hymod,bo,2,35,1.214097636701962,1.1382771629499375,7.5229555000551045,0.6276504541747272
fixed,hymod,bo,2,36,1.214097636701962,1.1382771629499375,7.705557500012219,0.6451255790889263
fixed,hymod,bo,2,37,1.214097636701962,1.1382771629499375,7.906294667162001,0.6633965787477791
fixed,hymod,bo,2,38,1.214097636701962,1.1382771629499375,8.23319641686976,0.6808392866514623
fixed,hymod,bo,2,39,1.214097636701962,1.1382771629499375,8.466917166952044,0.6984379538334906
fixed,hymod,bo,2,40,1.214097636701962,1.1382771629499375,8.678797666914761,0.714886870700866
fixed,hymod,bo,2,41,1.214097636701962,1.1382771629499375,8.939528542105108,0.7319552036933601
fixed,hymod,bo,2,42,1.214097636701962,1.1382771629499375,9.196129332762212,0.7489947034046054
fixed,hymod,bo,2,43,1.214097636701962,1.1382771629499375,9.415016166865826,0.7641161615028977
fixed,hymod,bo,2,44,1.214097636701962,1.1382771629499375,9.688673791941255,0.7811355772428215
fixed,hymod,bo,2,45,1.214097636701962,1.1382771629499375,9.964680292177945,0.7983559099957347
fixed,hymod,bo,2,46,1.214097636701962,1.1382771629499375,10.194819999858737,0.8147037853486836
fixed,hymod,bo,2,47,1.214097636701962,1.1382771629499375,10.412968957796693,0.831304993480444
fixed,hymod,bo,2,48,1.214097636701962,1.1382771629499375,10.635204082820565,0.8487662025727332
fixed,hymod,bo,2,49,1.214097636701962,1.1382771629499375,10.831435833126307,0.8663073279894888
fixed,hymod,bo,2,50,1.214097636701962,1.1382771629499375,11.009345416910946,0.8834508690051734
fixed,hymod,bo,2,51,1.214097636701962,1.1382771629499375,11.240562458056957,0.8998004519380629
fixed,hymod,bo,2,52,1.214097636701962,1.1382771629499375,11.446401208173484,0.9159221188165247
fixed,hymod,bo,2,53,1.214097636701962,1.1382771629499375,11.675869875121862,0.9322444936260581
fixed,hymod,bo,2,54,1.214097636701962,1.1382771629499375,11.824301875196397,0.9476352017372847
fixed,hymod,bo,2,55,1.214097636701962,1.1382771629499375,12.058455083053559,0.9637900358065963
fixed,hymod,bo,2,56,1.214097636701962,1.1382771629499375,12.25064095808193,0.9799282439053059
fixed,hymod,bo,2,57,1.214097636701962,1.1382771629499375,12.469513750169426,0.9960715770721436
fixed,hymod,bo,2,58,1.214097636701962,1.1382771629499375,12.69092220813036,1.012593244202435
fixed,hymod,bo,2,59,1.214097636701962,1.1382771629499375,12.877150749787688,1.0282421191222966
fixed,hymod,bo,2,60,1.214097636701962,1.1382771629499375,13.112655708100647,1.0439016190357506
fixed,hymod,bo,2,61,1.214097636701962,1.1382771629499375,13.341996542178094,1.0616195350885391
fixed,hymod,bo,2,62,1.214097636701962,1.1382771629499375,13.550947417039424,1.0778022017329931
fixed,hymod,bo,2,63,1.214097636701962,1.1382771629499375,13.790887749753892,1.0949579933658242
fixed,hymod,bo,2,64,1.214097636701962,1.1382771629499375,14.00805062474683,1.1112249102443457
fixed,hymod,bo,2,65,1.214097636701962,1.1382771629499375,14.220322499983013,1.1274679931811988
fixed,hymod,bo,2,66,1.214097636701962,1.1382771629499375,14.525214416906238,1.1436265762895346
fixed,hymod,bo,2,67,1.214097636701962,1.1382771629499375,14.78442508308217,1.1592509932816029
fixed,hymod,bo,2,68,1.214097636701962,1.1382771629499375,14.986434916965663,1.1753600775264204
fixed,hymod,bo,2,69,1.214097636701962,1.1382771629499375,15.275486208032817,1.1916642026044428
fixed,hymod,bo,2,70,1.214097636701962,1.1382771629499375,15.44532012520358,1.2069945773109794
fixed,hymod,bo,2,71,1.214097636701962,1.1382771629499375,15.675920917186886,1.2231431193649769
fixed,hymod,bo,2,72,1.214097636701962,1.1382771629499375,15.968972167000175,1.2385371192358434
fixed,hymod,bo,2,73,1.214097636701962,1.1382771629499375,16.270281207747757,1.2554606599733233
fixed,hymod,bo,2,74,1.170336899284334,1.1382771629499375,16.613232207950205,1.2725331177935004
fixed,hymod,bo,2,75,1.170336899284334,1.1382771629499375,16.85041124979034,1.2889367430470884
fixed,hymod,bo,2,76,1.128852622139073,1.1382771629499375,17.15748287504539,1.3064219104126096
fixed,hymod,bo,2,77,1.128852622139073,1.1382771629499375,17.39836149988696,1.323858743533492
fixed,hymod,bo,2,78,1.128852622139073,1.1382771629499375,17.77365191699937,1.34034015936777
fixed,hymod,bo,2,79,1.128852622139073,1.1382771629499375,18.041448417119682,1.3567699091508985
fixed,hymod,bo,2,80,1.128852622139073,1.1382771629499375,18.289449708070606,1.374235451221466
fixed,hymod,bo,2,81,1.128852622139073,1.1382771629499375,18.549047083128244,1.3893229099921882
fixed,hymod,bo,2,82,1.128852622139073,1.1382771629499375,18.8362122499384,1.4057816178537905
fixed,hymod,bo,2,83,1.128852622139073,1.1382771629499375,19.14239254174754,1.4219829509966075
fixed,hymod,bo,2,84,1.128852622139073,1.1382771629499375,19.530355208087713,1.439621367957443
fixed,hymod,bo,2,85,1.128852622139073,1.1382771629499375,19.887897124979645,1.4559283265843987
fixed,hymod,bo,2,86,1.128852622139073,1.1382771629499375,20.13088137516752,1.4734714515507221
fixed,hymod,bo,2,87,1.128852622139073,1.1382771629499375,20.430152541957796,1.489824534393847
fixed,hymod,bo,2,88,1.128852622139073,1.1382771629499375,20.791593458037823,1.5086813252419233
fixed,hymod,bo,2,89,1.128852622139073,1.1382771629499375,21.16430737497285,1.5243368251249194
fixed,hymod,bo,2,90,1.128852622139073,1.1382771629499375,21.52704683318734,1.5418289923109114
fixed,hymod,bo,2,91,1.128852622139073,1.1382771629499375,21.808338542003185,1.5603876584209502
fixed,hymod,bo,2,92,1.128852622139073,1.1382771629499375,22.084746125154197,1.5756659083999693
fixed,hymod,bo,2,93,1.1238470502422406,1.1382771629499375,22.44630091683939,1.5936466162092984
fixed,hymod,bo,2,94,1.1238470502422406,1.1382771629499375,22.890838792081922,1.6097017414867878
fixed,hymod,bo,2,95,1.1238470502422406,1.1382771629499375,23.26913895783946,1.6291289497166872
fixed,hymod,bo,2,96,1.1238470502422406,1.1382771629499375,23.621101832948625,1.6485966574400663
fixed,hymod,random,2,1,2.91278448292894,1.1382771629499375,0.09758133301511407,0.018785583321005106
fixed,hymod,random,2,2,2.8689357514853504,1.1382771629499375,0.15587079105898738,0.036416792310774326
fixed,hymod,random,2,3,2.1823351914021396,1.1382771629499375,0.21448908327147365,0.055052167270332575
fixed,hymod,random,2,4,2.162650208527255,1.1382771629499375,0.2743533751927316,0.07362979231402278
fixed,hymod,random,2,5,2.162650208527255,1.1382771629499375,0.3343842909671366,0.09245583321899176
fixed,hymod,random,2,6,2.162650208527255,1.1382771629499375,0.3994228751398623,0.11139579117298126
fixed,hymod,random,2,7,2.162650208527255,1.1382771629499375,0.45792379090562463,0.12837599916383624
fixed,hymod,random,2,8,1.8727950915647518,1.1382771629499375,0.5168606252409518,0.14620070811361074
fixed,hymod,random,2,9,1.8727950915647518,1.1382771629499375,0.5771152079105377,0.1626348327845335
fixed,hymod,random,2,10,1.8727950915647518,1.1382771629499375,0.6391761251725256,0.1813313327729702
fixed,hymod,random,2,11,1.8727950915647518,1.1382771629499375,0.7056070412509143,0.20054299989715219
fixed,hymod,random,2,12,1.8727950915647518,1.1382771629499375,0.7699097911827266,0.21973191713914275
fixed,hymod,random,2,13,1.8727950915647518,1.1382771629499375,0.8352645002305508,0.23798654228448868
fixed,hymod,random,2,14,1.8727950915647518,1.1382771629499375,0.9013272910378873,0.25660287542268634
fixed,hymod,random,2,15,1.8727950915647518,1.1382771629499375,0.9674985003657639,0.2753316671587527
fixed,hymod,random,2,16,1.8727950915647518,1.1382771629499375,1.036223916336894,0.29474129201844335
fixed,hymod,random,2,17,1.8727950915647518,1.1382771629499375,1.1034087911248207,0.31252804212272167
fixed,hymod,random,2,18,1.8727950915647518,1.1382771629499375,1.1702688750810921,0.3301122924312949
fixed,hymod,random,2,19,1.8727950915647518,1.1382771629499375,1.236418958287686,0.34719379246234894
fixed,hymod,random,2,20,1.8727950915647518,1.1382771629499375,1.304307125043124,0.36555375158786774
fixed,hymod,random,2,21,1.8727950915647518,1.1382771629499375,1.378941375296563,0.3857568767853081
fixed,hymod,random,2,22,1.8727950915647518,1.1382771629499375,1.4513395000249147,0.4041829607449472
fixed,hymod,random,2,23,1.8727950915647518,1.1382771629499375,1.5242665000259876,0.4222779609262943
fixed,hymod,random,2,24,1.8727950915647518,1.1382771629499375,1.5980804581195116,0.442391418851912
fixed,hymod,random,2,25,1.8727950915647518,1.1382771629499375,1.6731205829419196,0.46006095968186855
fixed,hymod,random,2,26,1.8727950915647518,1.1382771629499375,1.7480485830456018,0.4777762093581259
fixed,hymod,random,2,27,1.8727950915647518,1.1382771629499375,1.816280416212976,0.4946915842592716
fixed,hymod,random,2,28,1.8727950915647518,1.1382771629499375,1.8897692910395563,0.5129958339966834
fixed,hymod,random,2,29,1.8727950915647518,1.1382771629499375,1.9618135001510382,0.5298210838809609
fixed,hymod,random,2,30,1.8727950915647518,1.1382771629499375,2.0327464160509408,0.5446242089383304
fixed,hymod,random,2,31,1.8727950915647518,1.1382771629499375,2.1094659161753953,0.562687708530575
fixed,hymod,random,2,32,1.8727950915647518,1.1382771629499375,2.182643791195005,0.5800227923318744
fixed,hymod,random,2,33,1.8727950915647518,1.1382771629499375,2.2564816661179066,0.5977339171804488
fixed,hymod,random,2,34,1.8727950915647518,1.1382771629499375,2.3311685412190855,0.6146526262164116
fixed,hymod,random,2,35,1.8727950915647518,1.1382771629499375,2.4080374999903142,0.6300779185257852
fixed,hymod,random,2,36,1.8727950915647518,1.1382771629499375,2.481467083096504,0.6485780016519129
fixed,hymod,random,2,37,1.8727950915647518,1.1382771629499375,2.556131541263312,0.6660333345644176
fixed,hymod,random,2,38,1.8727950915647518,1.1382771629499375,2.6319841253571212,0.6849302505142987
fixed,hymod,random,2,39,1.8727950915647518,1.1382771629499375,2.7048324579373,0.7018437921069562
fixed,hymod,random,2,40,1.8727950915647518,1.1382771629499375,2.776499666273594,0.719461833126843
fixed,hymod,random,2,41,1.8727950915647518,1.1382771629499375,2.852798208128661,0.7376690004020929
fixed,hymod,random,2,42,1.8727950915647518,1.1382771629499375,2.926281583029777,0.7548923334106803
fixed,hymod,random,2,43,1.8727950915647518,1.1382771629499375,2.9983893330208957,0.7705145007930696
fixed,hymod,random,2,44,1.4582123271456102,1.1382771629499375,3.0722313751466572,0.786135708913207
fixed,hymod,random,2,45,1.4582123271456102,1.1382771629499375,3.143082458060235,0.8019603760913014
fixed,hymod,random,2,46,1.4582123271456102,1.1382771629499375,3.2127716252580285,0.8174930843524635
fixed,hymod,random,2,47,1.4582123271456102,1.1382771629499375,3.2833663751371205,0.8328149174340069
fixed,hymod,random,2,48,1.4582123271456102,1.1382771629499375,3.3525427910499275,0.8484802921302617
fixed,hymod,random,2,49,1.4582123271456102,1.1382771629499375,3.423102416098118,0.8637185841798782
fixed,hymod,random,2,50,1.4582123271456102,1.1382771629499375,3.496367833111435,0.8798182932659984
fixed,hymod,random,2,51,1.4582123271456102,1.1382771629499375,3.569099416024983,0.8960493761114776
fixed,hymod,random,2,52,1.4582123271456102,1.1382771629499375,3.643818666227162,0.9110780851915479
fixed,hymod,random,2,53,1.4582123271456102,1.1382771629499375,3.721040541306138,0.9272671272046864
fixed,hymod,random,2,54,1.4582123271456102,1.1382771629499375,3.808345875237137,0.9447497110813856
fixed,hymod,random,2,55,1.4582123271456102,1.1382771629499375,3.8941192501224577,0.9633742528967559
fixed,hymod,random,2,56,1.4582123271456102,1.1382771629499375,3.9792767502367496,0.9810426696203649
fixed,hymod,random,2,57,1.4582123271456102,1.1382771629499375,4.065970458090305,0.9975052117370069
fixed,hymod,random,2,58,1.4582123271456102,1.1382771629499375,4.153818625025451,1.014479503966868
fixed,hymod,random,2,59,1.4582123271456102,1.1382771629499375,4.245347000192851,1.033875129185617
fixed,hymod,random,2,60,1.4582123271456102,1.1382771629499375,4.331871208269149,1.0515555464662611
fixed,hymod,random,2,61,1.4582123271456102,1.1382771629499375,4.412134333048016,1.0673872553743422
fixed,hymod,random,2,62,1.4582123271456102,1.1382771629499375,4.48765004100278,1.0819777552969754
fixed,hymod,random,2,63,1.4582123271456102,1.1382771629499375,4.5626672501675785,1.097340255510062
fixed,hymod,random,2,64,1.4582123271456102,1.1382771629499375,4.638251374941319,1.1113974214531481
fixed,hymod,random,2,65,1.4582123271456102,1.1382771629499375,4.715122458059341,1.125913712196052
fixed,hymod,random,2,66,1.4582123271456102,1.1382771629499375,4.793791958130896,1.141484004445374
fixed,hymod,random,2,67,1.4582123271456102,1.1382771629499375,4.869562291074544,1.1558942547999322
fixed,hymod,random,2,68,1.4582123271456102,1.1382771629499375,4.954179082997143,1.1711421296931803
fixed,hymod,random,2,69,1.4582123271456102,1.1382771629499375,5.044286374934018,1.190593920648098
fixed,hymod,random,2,70,1.4582123271456102,1.1382771629499375,5.13605933310464,1.2097295876592398
fixed,hymod,random,2,71,1.4582123271456102,1.1382771629499375,5.2294416250661016,1.2277013794519007
fixed,hymod,random,2,72,1.4582123271456102,1.1382771629499375,5.325116916093975,1.2470223386771977
fixed,hymod,random,2,73,1.4582123271456102,1.1382771629499375,5.417604207992554,1.2652132976800203
fixed,hymod,random,2,74,1.4582123271456102,1.1382771629499375,5.508838416077197,1.2827382977120578
fixed,hymod,random,2,75,1.4582123271456102,1.1382771629499375,5.598922125063837,1.3007530476897955
fixed,hymod,random,2,76,1.4582123271456102,1.1382771629499375,5.686729208100587,1.3169452147558331
fixed,hymod,random,2,77,1.4582123271456102,1.1382771629499375,5.783210958354175,1.3327167145907879
fixed,hymod,random,2,78,1.4582123271456102,1.1382771629499375,5.945668000262231,1.3515960895456374
fixed,hymod,random,2,79,1.4582123271456102,1.1382771629499375,6.0326724159531295,1.368228381499648
fixed,hymod,random,2,80,1.4582123271456102,1.1382771629499375,6.120041999965906,1.3862404227256775
fixed,hymod,random,2,81,1.4582123271456102,1.1382771629499375,6.206141999922693,1.4035617555491626
fixed,hymod,random,2,82,1.4582123271456102,1.1382771629499375,6.303370125126094,1.4200125057250261
fixed,hymod,random,2,83,1.4582123271456102,1.1382771629499375,6.405727458186448,1.4396659648045897
fixed,hymod,random,2,84,1.4582123271456102,1.1382771629499375,6.505711541045457,1.457452630624175
fixed,hymod,random,2,85,1.4582123271456102,1.1382771629499375,6.59467808296904,1.4719519633799791
fixed,hymod,random,2,86,1.4582123271456102,1.1382771629499375,6.682227124925703,1.4860786297358572
fixed,hymod,random,2,87,1.4582123271456102,1.1382771629499375,6.773133125156164,1.5028460887260735
fixed,hymod,random,2,88,1.4582123271456102,1.1382771629499375,6.873586916364729,1.5218325476162136
fixed,hymod,random,2,89,1.4582123271456102,1.1382771629499375,6.973638458177447,1.5405721729621291
fixed,hymod,random,2,90,1.4582123271456102,1.1382771629499375,7.067582332994789,1.5578907560557127
fixed,hymod,random,2,91,1.4582123271456102,1.1382771629499375,7.1756042912602425,1.5786090483888984
fixed,hymod,random,2,92,1.4582123271456102,1.1382771629499375,7.289045791141689,1.598426215350628
fixed,hymod,random,2,93,1.4582123271456102,1.1382771629499375,7.3831738331355155,1.615184464957565
fixed,hymod,random,2,94,1.4582123271456102,1.1382771629499375,7.470723333302885,1.6293490477837622
fixed,hymod,random,2,95,1.4582123271456102,1.1382771629499375,7.559844333212823,1.6443304647691548
fixed,hymod,random,2,96,1.4582123271456102,1.1382771629499375,7.6908322079107165,1.6602239226922393
fixed,hymod,sobol,2,1,2.3508878605350536,1.1382771629499375,0.11029254226014018,0.019266083370894194
fixed,hymod,sobol,2,2,1.88682412814285,1.1382771629499375,0.18647679220885038,0.041922000236809254
fixed,hymod,sobol,2,3,1.88682412814285,1.1382771629499375,0.257660792209208,0.06551924999803305
fixed,hymod,sobol,2,4,1.88682412814285,1.1382771629499375,0.3228759174235165,0.08475283393636346
fixed,hymod,sobol,2,5,1.88682412814285,1.1382771629499375,0.38825600035488605,0.10440233396366239
fixed,hymod,sobol,2,6,1.88682412814285,1.1382771629499375,0.45409429213032126,0.12499966705217957
fixed,hymod,sobol,2,7,1.88682412814285,1.1382771629499375,0.5208415002562106,0.14567229198291898
fixed,hymod,sobol,2,8,1.88682412814285,1.1382771629499375,0.5755510004237294,0.16417379211634398
fixed,hymod,sobol,2,9,1.8514169621049907,1.1382771629499375,0.6400611251592636,0.18192883348092437
fixed,hymod,sobol,2,10,1.8514169621049907,1.1382771629499375,0.7074239593930542,0.20226495852693915
fixed,hymod,sobol,2,11,1.8514169621049907,1.1382771629499375,0.7741915001533926,0.22236429248005152
fixed,hymod,sobol,2,12,1.8514169621049907,1.1382771629499375,0.8430357920005918,0.24136995943263173
fixed,hymod,sobol,2,13,1.8514169621049907,1.1382771629499375,0.9064074172638357,0.25878833467140794
fixed,hymod,sobol,2,14,1.6975706714036778,1.1382771629499375,0.9711620421148837,0.2774894596077502
fixed,hymod,sobol,2,15,1.6975706714036778,1.1382771629499375,1.0391193754039705,0.29893241776153445
fixed,hymod,sobol,2,16,1.6975706714036778,1.1382771629499375,1.1015202500857413,0.3162530427798629
fixed,hymod,sobol,2,17,1.6975706714036778,1.1382771629499375,1.1662722500041127,0.33361779246479273
fixed,hymod,sobol,2,18,1.6975706714036778,1.1382771629499375,1.2329436670988798,0.35228437557816505
fixed,hymod,sobol,2,19,1.6975706714036778,1.1382771629499375,1.2985595841892064,0.3708163336850703
fixed,hymod,sobol,2,20,1.6975706714036778,1.1382771629499375,1.363241916988045,0.3881438756361604
fixed,hymod,sobol,2,21,1.6975706714036778,1.1382771629499375,1.4285092921927571,0.40535220969468355
fixed,hymod,sobol,2,22,1.6975706714036778,1.1382771629499375,1.4946763752959669,0.4226162922568619
fixed,hymod,sobol,2,23,1.6574637113700486,1.1382771629499375,1.558366124983877,0.44014979247003794
fixed,hymod,sobol,2,24,1.6574637113700486,1.1382771629499375,1.6257119593210518,0.45629820926114917
fixed,hymod,sobol,2,25,1.6574637113700486,1.1382771629499375,1.6923082922585309,0.47301883390173316
fixed,hymod,sobol,2,26,1.422386330641787,1.1382771629499375,1.7608150001615286,0.49167620902881026
fixed,hymod,sobol,2,27,1.422386330641787,1.1382771629499375,1.827945000026375,0.5088367508724332
fixed,hymod,sobol,2,28,1.422386330641787,1.1382771629499375,1.8954601674340665,0.525024791713804
fixed,hymod,sobol,2,29,1.422386330641787,1.1382771629499375,1.9638047921471298,0.5412159166298807
fixed,hymod,sobol,2,30,1.422386330641787,1.1382771629499375,2.0364200840704143,0.5593518754467368
fixed,hymod,sobol,2,31,1.422386330641787,1.1382771629499375,2.1097747501917183,0.5781658333726227
fixed,hymod,sobol,2,32,1.3656028831592404,1.1382771629499375,2.1848624171689153,0.5958125423640013
fixed,hymod,sobol,2,33,1.3656028831592404,1.1382771629499375,2.257203417364508,0.6131187924183905
fixed,hymod,sobol,2,34,1.3656028831592404,1.1382771629499375,2.3317189593799412,0.631851417478174
fixed,hymod,sobol,2,35,1.3656028831592404,1.1382771629499375,2.4059802503325045,0.6502970834262669
fixed,hymod,sobol,2,36,1.3656028831592404,1.1382771629499375,2.478529750369489,0.6678810832090676
fixed,hymod,sobol,2,37,1.3656028831592404,1.1382771629499375,2.5502288341522217,0.6850040000863373
fixed,hymod,sobol,2,38,1.3656028831592404,1.1382771629499375,2.6194772920571268,0.7021717908792198
fixed,hymod,sobol,2,39,1.3656028831592404,1.1382771629499375,2.6890167091041803,0.7192717078141868
fixed,hymod,sobol,2,40,1.3656028831592404,1.1382771629499375,2.7602170002646744,0.7356867077760398
fixed,hymod,sobol,2,41,1.3656028831592404,1.1382771629499375,2.8319952501915395,0.7517843740060925
fixed,hymod,sobol,2,42,1.3656028831592404,1.1382771629499375,2.913358542136848,0.770347123965621
fixed,hymod,sobol,2,43,1.3656028831592404,1.1382771629499375,2.988785959314555,0.7881981660611928
fixed,hymod,sobol,2,44,1.3656028831592404,1.1382771629499375,3.061676959041506,0.8046492910943925
fixed,hymod,sobol,2,45,1.3656028831592404,1.1382771629499375,3.132508209440857,0.8210103749297559
fixed,hymod,sobol,2,46,1.3656028831592404,1.1382771629499375,3.2061173343099654,0.8387374999001622
fixed,hymod,sobol,2,47,1.3656028831592404,1.1382771629499375,3.2800195422023535,0.8558404580689967
fixed,hymod,sobol,2,48,1.3656028831592404,1.1382771629499375,3.3536163750104606,0.8720837500877678
fixed,hymod,sobol,2,49,1.3656028831592404,1.1382771629499375,3.426709792111069,0.8882339582778513
fixed,hymod,sobol,2,50,1.3656028831592404,1.1382771629499375,3.5039756251499057,0.9054047912359238
fixed,hymod,sobol,2,51,1.3656028831592404,1.1382771629499375,3.582722917199135,0.9229034162126482
fixed,hymod,sobol,2,52,1.3656028831592404,1.1382771629499375,3.6564497500658035,0.9392789164558053
fixed,hymod,sobol,2,53,1.3656028831592404,1.1382771629499375,3.727034042123705,0.9545065416023135
fixed,hymod,sobol,2,54,1.3656028831592404,1.1382771629499375,3.797508167102933,0.9706643335521221
fixed,hymod,sobol,2,55,1.3656028831592404,1.1382771629499375,3.869497625157237,0.9873475837521255
fixed,hymod,sobol,2,56,1.3656028831592404,1.1382771629499375,3.9408251671120524,1.0026328335516155
fixed,hymod,sobol,2,57,1.3656028831592404,1.1382771629499375,4.011737667024136,1.0176737504079938
fixed,hymod,sobol,2,58,1.3656028831592404,1.1382771629499375,4.08473762543872,1.0339556676335633
fixed,hymod,sobol,2,59,1.3656028831592404,1.1382771629499375,4.158579584211111,1.0502747506834567
fixed,hymod,sobol,2,60,1.3656028831592404,1.1382771629499375,4.233764709439129,1.0659422096796334
fixed,hymod,sobol,2,61,1.3656028831592404,1.1382771629499375,4.306881250347942,1.0810489598661661
fixed,hymod,sobol,2,62,1.3656028831592404,1.1382771629499375,4.3814958753064275,1.0972499181516469
fixed,hymod,sobol,2,63,1.3656028831592404,1.1382771629499375,4.457435000222176,1.1135992091149092
fixed,hymod,sobol,2,64,1.3656028831592404,1.1382771629499375,4.534632250200957,1.129636584315449
fixed,hymod,sobol,2,65,1.3656028831592404,1.1382771629499375,4.61602408438921,1.1457329173572361
fixed,hymod,sobol,2,66,1.3656028831592404,1.1382771629499375,4.69940987508744,1.162915334571153
fixed,hymod,sobol,2,67,1.3656028831592404,1.1382771629499375,4.784075500443578,1.1808465425856411
fixed,hymod,sobol,2,68,1.3656028831592404,1.1382771629499375,4.878304291982204,1.199165251571685
fixed,hymod,sobol,2,69,1.3656028831592404,1.1382771629499375,4.975808792281896,1.2171810013242066
fixed,hymod,sobol,2,70,1.3656028831592404,1.1382771629499375,5.065874917432666,1.23570000147447
fixed,hymod,sobol,2,71,1.3656028831592404,1.1382771629499375,5.150299542117864,1.2518626684322953
fixed,hymod,sobol,2,72,1.3656028831592404,1.1382771629499375,5.23874279204756,1.2685822932980955
fixed,hymod,sobol,2,73,1.3656028831592404,1.1382771629499375,5.3250102093443274,1.2849040850996971
fixed,hymod,sobol,2,74,1.3656028831592404,1.1382771629499375,5.416537709068507,1.3024748349562287
fixed,hymod,sobol,2,75,1.3656028831592404,1.1382771629499375,5.504682625178248,1.3201770852319896
fixed,hymod,sobol,2,76,1.3656028831592404,1.1382771629499375,5.588744042441249,1.336633543483913
fixed,hymod,sobol,2,77,1.3656028831592404,1.1382771629499375,5.673388459254056,1.3528587515465915
fixed,hymod,sobol,2,78,1.3656028831592404,1.1382771629499375,5.758802167139947,1.3700182107277215
fixed,hymod,sobol,2,79,1.3656028831592404,1.1382771629499375,5.84488308429718,1.3873618356883526
fixed,hymod,sobol,2,80,1.3656028831592404,1.1382771629499375,5.930028750095516,1.4034965853206813
fixed,hymod,sobol,2,81,1.3656028831592404,1.1382771629499375,6.017522459384054,1.4201943771913648
fixed,hymod,sobol,2,82,1.3656028831592404,1.1382771629499375,6.104195167310536,1.4373341682367027
fixed,hymod,sobol,2,83,1.3656028831592404,1.1382771629499375,6.191348125226796,1.4546499182470143
fixed,hymod,sobol,2,84,1.3656028831592404,1.1382771629499375,6.272721834015101,1.4698795429430902
fixed,hymod,sobol,2,85,1.3656028831592404,1.1382771629499375,6.354948000051081,1.4852386680431664
fixed,hymod,sobol,2,86,1.3656028831592404,1.1382771629499375,6.438489959109575,1.5014294181019068
fixed,hymod,sobol,2,87,1.3656028831592404,1.1382771629499375,6.522602292243391,1.5175227508880198
fixed,hymod,sobol,2,88,1.3656028831592404,1.1382771629499375,6.606093750335276,1.532676625996828
fixed,hymod,sobol,2,89,1.3656028831592404,1.1382771629499375,6.690631334204227,1.5479327510111034
fixed,hymod,sobol,2,90,1.3656028831592404,1.1382771629499375,6.826835500076413,1.5642417091876268
fixed,hymod,sobol,2,91,1.3656028831592404,1.1382771629499375,6.914055209141225,1.5803317511454225
fixed,hymod,sobol,2,92,1.3656028831592404,1.1382771629499375,6.9992002923972905,1.5955528761260211
fixed,hymod,sobol,2,93,1.3656028831592404,1.1382771629499375,7.084657750092447,1.6108049172908068
fixed,hymod,sobol,2,94,1.3656028831592404,1.1382771629499375,7.170952584128827,1.6272769593633711
fixed,hymod,sobol,2,95,1.3656028831592404,1.1382771629499375,7.262554000131786,1.643547959625721
fixed,hymod,sobol,2,96,1.3656028831592404,1.1382771629499375,7.388985417317599,1.6595436679199338
fixed,solar_diode,random,0,1,274.55036689149756,182.10662824491178,0.23267870815470815,0.1559705836698413
fixed,solar_diode,random,0,2,274.55036689149756,182.10662824491178,0.441709749866277,0.3196135414764285
fixed,solar_diode,random,0,3,181.15025010606996,182.10662824491178,0.6395976659841835,0.4745296663604677
fixed,solar_diode,random,0,4,181.15025010606996,182.10662824491178,0.8399845832027495,0.6320869992487133
fixed,solar_diode,random,0,5,181.15025010606996,182.10662824491178,1.0402804161421955,0.7928535821847618
fixed,solar_diode,random,0,6,181.15025010606996,182.10662824491178,1.242096332833171,0.9544458743184805
fixed,solar_diode,random,0,7,181.15025010606996,182.10662824491178,1.460909124929458,1.12524133361876
fixed,solar_diode,random,0,8,181.15025010606996,182.10662824491178,1.6570672909729183,1.2776066665537655
fixed,solar_diode,random,0,9,181.15025010606996,182.10662824491178,1.8301740000024438,1.4099756255745888
fixed,solar_diode,random,0,10,181.15025010606996,182.10662824491178,2.0292829582467675,1.5650831665843725
fixed,solar_diode,random,0,11,181.15025010606996,182.10662824491178,2.233541457913816,1.7240864164195955
fixed,solar_diode,random,0,12,181.15025010606996,182.10662824491178,2.4344601249322295,1.8795797494240105
fixed,solar_diode,random,0,13,181.15025010606996,182.10662824491178,2.640117083210498,2.0401689992286265
fixed,solar_diode,random,0,14,181.15025010606996,182.10662824491178,2.849757666233927,2.202108083292842
fixed,solar_diode,random,0,15,181.15025010606996,182.10662824491178,3.0490709161385894,2.3556746253743768
fixed,solar_diode,random,0,16,181.15025010606996,182.10662824491178,3.255517582874745,2.510039458516985
fixed,solar_diode,random,0,17,181.15025010606996,182.10662824491178,3.4792593750171363,2.681022791657597
fixed,solar_diode,random,0,18,181.15025010606996,182.10662824491178,3.6819322081282735,2.836088374722749
fixed,solar_diode,random,0,19,181.15025010606996,182.10662824491178,3.9000231251120567,3.0009897905401886
fixed,solar_diode,random,0,20,174.97004091594977,182.10662824491178,4.106489458121359,3.1606028736568987
fixed,solar_diode,random,0,21,174.97004091594977,182.10662824491178,4.303008458111435,3.313213706947863
fixed,solar_diode,random,0,22,174.97004091594977,182.10662824491178,4.497566957958043,3.4617116656154394
fixed,solar_diode,random,0,23,174.97004091594977,182.10662824491178,4.691418915987015,3.6107156658545136
fixed,solar_diode,random,0,24,174.97004091594977,182.10662824491178,4.888950957916677,3.762769540771842
fixed,solar_diode,random,0,25,174.97004091594977,182.10662824491178,5.078188916202635,3.9064165404997766
fixed,solar_diode,random,0,26,174.97004091594977,182.10662824491178,5.270300665870309,4.049677831120789
fixed,solar_diode,random,0,27,174.97004091594977,182.10662824491178,5.478957625105977,4.207067080773413
fixed,solar_diode,random,0,28,174.97004091594977,182.10662824491178,5.700814791023731,4.377216997556388
fixed,solar_diode,random,0,29,174.97004091594977,182.10662824491178,5.919383625034243,4.541903247591108
fixed,solar_diode,random,0,30,174.97004091594977,182.10662824491178,6.127855833154172,4.699295413680375
fixed,solar_diode,random,0,31,174.97004091594977,182.10662824491178,6.33596579125151,4.8557757888920605
fixed,solar_diode,random,0,32,174.97004091594977,182.10662824491178,6.543088290840387,5.009224204812199
fixed,solar_diode,random,0,33,174.97004091594977,182.10662824491178,6.744970791041851,5.160897370893508
fixed,solar_diode,random,0,34,174.97004091594977,182.10662824491178,6.960714582819492,5.319665079936385
fixed,solar_diode,random,0,35,174.97004091594977,182.10662824491178,7.1832817499525845,5.482250412926078
fixed,solar_diode,random,0,36,174.97004091594977,182.10662824491178,7.398292791098356,5.636148537974805
fixed,solar_diode,random,0,37,174.97004091594977,182.10662824491178,7.6306837080046535,5.809494663029909
fixed,solar_diode,random,0,38,174.97004091594977,182.10662824491178,7.8534157909452915,5.978447913192213
fixed,solar_diode,random,0,39,174.97004091594977,182.10662824491178,8.050045208074152,6.124443621840328
fixed,solar_diode,random,0,40,174.97004091594977,182.10662824491178,8.252065500244498,6.27517224708572
fixed,solar_diode,random,0,41,174.97004091594977,182.10662824491178,8.459443583153188,6.428007289301604
fixed,solar_diode,random,0,42,174.97004091594977,182.10662824491178,8.668363416101784,6.57902508135885
fixed,solar_diode,random,0,43,174.97004091594977,182.10662824491178,8.885934375226498,6.73804645659402
fixed,solar_diode,random,0,44,174.97004091594977,182.10662824491178,9.10646554082632,6.900425331667066
fixed,solar_diode,random,0,45,174.97004091594977,182.10662824491178,9.326685666106641,7.061796539928764
fixed,solar_diode,random,0,46,174.97004091594977,182.10662824491178,9.546038958244026,7.2253627479076385
fixed,solar_diode,random,0,47,174.97004091594977,182.10662824491178,9.760524791199714,7.383507706224918
fixed,solar_diode,random,0,48,174.97004091594977,182.10662824491178,9.974619375076145,7.537953163962811
fixed,solar_diode,random,0,49,174.97004091594977,182.10662824491178,10.188474208116531,7.694988664239645
fixed,solar_diode,random,0,50,174.97004091594977,182.10662824491178,10.400862250011414,7.842650581151247
fixed,solar_diode,random,0,51,174.97004091594977,182.10662824491178,10.61745954118669,7.997589831240475
fixed,solar_diode,random,0,52,174.97004091594977,182.10662824491178,10.837728290818632,8.155832956079394
fixed,solar_diode,random,0,53,174.70949570473505,182.10662824491178,11.076426915824413,8.31412370596081
fixed,solar_diode,random,0,54,174.70949570473505,182.10662824491178,11.414941083174199,8.543215996585786
fixed,solar_diode,random,0,55,174.70949570473505,182.10662824491178,11.660615458153188,8.69899691361934
fixed,solar_diode,random,0,56,174.70949570473505,182.10662824491178,11.894698332995176,8.851737038698047
fixed,solar_diode,random,0,57,174.70949570473505,182.10662824491178,12.159551832824945,9.049936580937356
fixed,solar_diode,random,0,58,174.70949570473505,182.10662824491178,12.38194700004533,9.209788415115327
fixed,solar_diode,random,0,59,174.70949570473505,182.10662824491178,12.604444915894419,9.371484248433262
fixed,solar_diode,random,0,60,174.70949570473505,182.10662824491178,12.836434999946505,9.532618289347738
fixed,solar_diode,random,0,61,174.70949570473505,182.10662824491178,13.050127250142395,9.682125539518893
fixed,solar_diode,random,0,62,174.70949570473505,182.10662824491178,13.273025624919683,9.83877158164978
fixed,solar_diode,random,0,63,174.70949570473505,182.10662824491178,13.503162708133459,10.004793206695467
fixed,solar_diode,random,0,64,174.70949570473505,182.10662824491178,13.721488375216722,10.162331539671868
fixed,solar_diode,random,0,65,174.70949570473505,182.10662824491178,13.934570957906544,10.314233955927193
fixed,solar_diode,random,0,66,174.70949570473505,182.10662824491178,14.155956250149757,10.467938205692917
fixed,solar_diode,random,0,67,174.70949570473505,182.10662824491178,14.374914582818747,10.620934538543224
fixed,solar_diode,random,0,68,174.70949570473505,182.10662824491178,14.602566333021969,10.781105288304389
fixed,solar_diode,random,0,69,174.70949570473505,182.10662824491178,14.828632458113134,10.937774704303592
fixed,solar_diode,random,0,70,174.70949570473505,182.10662824491178,15.056812040973455,11.09993282938376
fixed,solar_diode,random,0,71,174.70949570473505,182.10662824491178,15.278752833139151,11.256555621512234
fixed,solar_diode,random,0,72,174.70949570473505,182.10662824491178,15.50794258294627,11.419081704691052
fixed,solar_diode,random,0,73,174.70949570473505,182.10662824491178,15.729824665933847,11.574365329463035
fixed,solar_diode,random,0,74,174.70949570473505,182.10662824491178,15.98986241593957,11.765999329276383
fixed,solar_diode,random,0,75,174.70949570473505,182.10662824491178,16.2540303748101,11.949629413429648
fixed,solar_diode,random,0,76,174.70949570473505,182.10662824491178,16.47567516611889,12.09901249781251
fixed,solar_diode,random,0,77,174.70949570473505,182.10662824491178,16.70512279123068,12.25708991382271
fixed,solar_diode,random,0,78,174.70949570473505,182.10662824491178,16.965892707929015,12.438904289156199
fixed,solar_diode,random,0,79,174.70949570473505,182.10662824491178,17.215919208247215,12.598951371852309
fixed,solar_diode,random,0,80,174.70949570473505,182.10662824491178,17.435970957856625,12.744669371750206
fixed,solar_diode,random,0,81,174.70949570473505,182.10662824491178,17.678878750186414,12.91004345472902
fixed,solar_diode,random,0,82,174.70949570473505,182.10662824491178,17.944984916131943,13.098827371839434
fixed,solar_diode,random,0,83,174.70949570473505,182.10662824491178,18.19764587515965,13.277713038958609
fixed,solar_diode,random,0,84,174.70949570473505,182.10662824491178,18.429919375106692,13.436212746892124
fixed,solar_diode,random,0,85,174.70949570473505,182.10662824491178,18.655500791035593,13.589418621733785
fixed,solar_diode,random,0,86,174.70949570473505,182.10662824491178,18.884281415957958,13.745232038665563
fixed,solar_diode,random,0,87,174.70949570473505,182.10662824491178,19.104778207838535,13.893460580613464
fixed,solar_diode,random,0,88,174.70949570473505,182.10662824491178,19.337239208165556,14.053304372355342
fixed,solar_diode,random,0,89,174.70949570473505,182.10662824491178,19.565285665914416,14.208587705157697
fixed,solar_diode,random,0,90,174.70949570473505,182.10662824491178,19.80385325010866,14.371770163532346
fixed,solar_diode,random,0,91,174.35142424318758,182.10662824491178,20.04603262525052,14.535587621852756
fixed,solar_diode,random,0,92,174.35142424318758,182.10662824491178,20.28783316584304,14.695169371552765
fixed,solar_diode,random,0,93,174.35142424318758,182.10662824491178,20.543498333077878,14.868922329507768
fixed,solar_diode,random,0,94,174.35142424318758,182.10662824491178,20.79596983315423,15.040200038347393
fixed,solar_diode,random,0,95,174.35142424318758,182.10662824491178,21.0481112501584,15.214585829060525
fixed,solar_diode,random,0,96,174.35142424318758,182.10662824491178,21.36017662519589,15.39182070409879
fixed,solar_diode,sobol,0,1,318.12970256890367,182.10662824491178,0.23469004221260548,0.16238595778122544
fixed,solar_diode,sobol,0,2,237.39395874502486,182.10662824491178,0.42576808389276266,0.3121699574403465
fixed,solar_diode,sobol,0,3,185.1181148922075,182.10662824491178,0.6276907501742244,0.47259699925780296
fixed,solar_diode,sobol,0,4,185.1181148922075,182.10662824491178,0.8298574169166386,0.6321955411694944
fixed,solar_diode,sobol,0,5,185.1181148922075,182.10662824491178,1.0332287498749793,0.7930867080576718
fixed,solar_diode,sobol,0,6,175.10637483529808,182.10662824491178,1.231612083967775,0.9496974577195942
fixed,solar_diode,sobol,0,7,175.10637483529808,182.10662824491178,1.4256007922813296,1.1022163745947182
fixed,solar_diode,sobol,0,8,175.10637483529808,182.10662824491178,1.6320895003154874,1.267930290196091
fixed,solar_diode,sobol,0,9,175.10637483529808,182.10662824491178,1.8250894593074918,1.418699624016881
fixed,solar_diode,sobol,0,10,175.10637483529808,182.10662824491178,2.031723459251225,1.5819495818577707
fixed,solar_diode,sobol,0,11,175.10637483529808,182.10662824491178,2.228725084103644,1.738482997752726
fixed,solar_diode,sobol,0,12,175.10637483529808,182.10662824491178,2.421846750192344,1.889238747768104
fixed,solar_diode,sobol,0,13,175.10637483529808,182.10662824491178,2.6135032922029495,2.040044164750725
fixed,solar_diode,sobol,0,14,175.10637483529808,182.10662824491178,2.796970209106803,2.1825501234270632
fixed,solar_diode,sobol,0,15,175.10637483529808,182.10662824491178,3.0514351669698954,2.3915790813043714
fixed,solar_diode,sobol,0,16,175.10637483529808,182.10662824491178,3.2455822923220694,2.5418474981561303
fixed,solar_diode,sobol,0,17,175.10637483529808,182.10662824491178,3.4564985842444003,2.7062831232324243
fixed,solar_diode,sobol,0,18,175.10637483529808,182.10662824491178,3.655386125203222,2.857783955987543
fixed,solar_diode,sobol,0,19,175.10637483529808,182.10662824491178,3.8572886250913143,3.0135478731244802
fixed,solar_diode,sobol,0,20,175.10637483529808,182.10662824491178,4.060509874951094,3.170081789139658
fixed,solar_diode,sobol,0,21,175.10637483529808,182.10662824491178,4.269564125221223,3.3282535392791033
fixed,solar_diode,sobol,0,22,175.10637483529808,182.10662824491178,4.491387625224888,3.499919622205198
fixed,solar_diode,sobol,0,23,175.10637483529808,182.10662824491178,4.688220874872059,3.6506307888776064
fixed,solar_diode,sobol,0,24,175.10637483529808,182.10662824491178,4.890014292206615,3.806916789151728
fixed,solar_diode,sobol,0,25,175.10637483529808,182.10662824491178,5.087656416930258,3.958021914586425
fixed,solar_diode,sobol,0,26,175.10637483529808,182.10662824491178,5.3027661251835525,4.116280956659466
fixed,solar_diode,sobol,0,27,175.10637483529808,182.10662824491178,5.5070739588700235,4.270513081457466
fixed,solar_diode,sobol,0,28,174.53898163221044,182.10662824491178,5.708034791983664,4.423901581671089
fixed,solar_diode,sobol,0,29,174.53898163221044,182.10662824491178,5.9069196251221,4.572116456925869
fixed,solar_diode,sobol,0,30,174.53898163221044,182.10662824491178,6.127905583940446,4.732191581744701
fixed,solar_diode,sobol,0,31,174.53898163221044,182.10662824491178,6.348043791949749,4.8956620818935335
fixed,solar_diode,sobol,0,32,174.53898163221044,182.10662824491178,6.538131500128657,5.034069666173309
fixed,solar_diode,sobol,0,33,174.53898163221044,182.10662824491178,6.774541417136788,5.213132666423917
fixed,solar_diode,sobol,0,34,174.53898163221044,182.10662824491178,7.00277812499553,5.376630457118154
fixed,solar_diode,sobol,0,35,174.53898163221044,182.10662824491178,7.2226648749783635,5.539362665265799
fixed,solar_diode,sobol,0,36,174.53898163221044,182.10662824491178,7.449912833981216,5.7135471240617335
fixed,solar_diode,sobol,0,37,174.53898163221044,182.10662824491178,7.675772209186107,5.878212081734091
fixed,solar_diode,sobol,0,38,174.53898163221044,182.10662824491178,7.89509858423844,6.03719624876976
fixed,solar_diode,sobol,0,39,174.53898163221044,182.10662824491178,8.106539917178452,6.19387695658952
fixed,solar_diode,sobol,0,40,174.53898163221044,182.10662824491178,8.309809959027916,6.346251373644918
fixed,solar_diode,sobol,0,41,174.53898163221044,182.10662824491178,8.526451000012457,6.501780373509973
fixed,solar_diode,sobol,0,42,174.53898163221044,182.10662824491178,8.748219792265445,6.662593082524836
fixed,solar_diode,sobol,0,43,174.53898163221044,182.10662824491178,8.975719625130296,6.831717582885176
fixed,solar_diode,sobol,0,44,174.53898163221044,182.10662824491178,9.19285691715777,6.991346873808652
fixed,solar_diode,sobol,0,45,174.53898163221044,182.10662824491178,9.405047167092562,7.144178831484169
fixed,solar_diode,sobol,0,46,174.53898163221044,182.10662824491178,9.625199917238206,7.3064364567399025
fixed,solar_diode,sobol,0,47,174.53898163221044,182.10662824491178,9.828553542029113,7.453164872713387
fixed,solar_diode,sobol,0,48,174.53898163221044,182.10662824491178,10.047749584075063,7.614810122642666
fixed,solar_diode,sobol,0,49,174.53898163221044,182.10662824491178,10.271633209194988,7.771596664562821
fixed,solar_diode,sobol,0,50,174.53898163221044,182.10662824491178,10.481867916882038,7.925434164237231
fixed,solar_diode,sobol,0,51,174.53898163221044,182.10662824491178,10.676088958978653,8.064532122574747
fixed,solar_diode,sobol,0,52,174.53898163221044,182.10662824491178,10.884725166950375,8.21641170559451
fixed,solar_diode,sobol,0,53,174.53898163221044,182.10662824491178,11.093327000271529,8.369240330532193
fixed,solar_diode,sobol,0,54,174.53898163221044,182.10662824491178,11.29509916715324,8.514385122340173
fixed,solar_diode,sobol,0,55,174.53898163221044,182.10662824491178,11.508898000232875,8.66724945558235
fixed,solar_diode,sobol,0,56,174.53898163221044,182.10662824491178,11.733008834067732,8.828019497450441
fixed,solar_diode,sobol,0,57,174.53898163221044,182.10662824491178,11.952739167027175,8.984963081311435
fixed,solar_diode,sobol,0,58,174.53898163221044,182.10662824491178,12.174696042202413,9.143165497574955
fixed,solar_diode,sobol,0,59,174.53898163221044,182.10662824491178,12.402782750315964,9.307123080361634
fixed,solar_diode,sobol,0,60,174.53898163221044,182.10662824491178,12.639545625075698,9.475539080332965
fixed,solar_diode,sobol,0,61,174.53898163221044,182.10662824491178,12.870160291902721,9.642556997481734
fixed,solar_diode,sobol,0,62,174.53898163221044,182.10662824491178,13.094781958963722,9.804474664386362
fixed,solar_diode,sobol,0,63,174.53898163221044,182.10662824491178,13.311552959028631,9.955394580494612
fixed,solar_diode,sobol,0,64,174.53898163221044,182.10662824491178,13.531800583936274,10.111234163399786
fixed,solar_diode,sobol,0,65,174.53898163221044,182.10662824491178,13.751332125160843,10.267478497233242
fixed,solar_diode,sobol,0,66,174.53898163221044,182.10662824491178,13.971916584298015,10.423938705120236
fixed,solar_diode,sobol,0,67,174.53898163221044,182.10662824491178,14.184364709071815,10.573883247096092
fixed,solar_diode,sobol,0,68,174.22817387332793,182.10662824491178,14.401768459007144,10.725131914019585
fixed,solar_diode,sobol,0,69,174.22817387332793,182.10662824491178,14.615248834248632,10.875882914289832
fixed,solar_diode,sobol,0,70,174.22817387332793,182.10662824491178,14.838592791929841,11.031253456603736
fixed,solar_diode,sobol,0,71,174.22817387332793,182.10662824491178,15.062511875294149,11.186407748609781
fixed,solar_diode,sobol,0,72,174.22817387332793,182.10662824491178,15.293464499991387,11.3474121238105
fixed,solar_diode,sobol,0,73,174.22817387332793,182.10662824491178,15.544276833999902,11.52688141586259
fixed,solar_diode,sobol,0,74,174.22817387332793,182.10662824491178,15.763208583928645,11.678073873743415
fixed,solar_diode,sobol,0,75,174.22817387332793,182.10662824491178,15.989612750243396,11.836107581853867
fixed,solar_diode,sobol,0,76,174.22817387332793,182.10662824491178,16.21481070900336,11.991376706864685
fixed,solar_diode,sobol,0,77,174.22817387332793,182.10662824491178,16.43815320916474,12.146271664649248
fixed,solar_diode,sobol,0,78,174.22817387332793,182.10662824491178,16.662695250008255,12.29939570557326
fixed,solar_diode,sobol,0,79,174.22817387332793,182.10662824491178,16.865390249993652,12.43584708031267
fixed,solar_diode,sobol,0,80,174.22817387332793,182.10662824491178,17.086215958930552,12.589886496309191
fixed,solar_diode,sobol,0,81,174.22817387332793,182.10662824491178,17.29580254200846,12.731009037233889
fixed,solar_diode,sobol,0,82,174.22817387332793,182.10662824491178,17.523403875064105,12.885934953112155
fixed,solar_diode,sobol,0,83,174.22817387332793,182.10662824491178,17.753978500142694,13.04247332783416
fixed,solar_diode,sobol,0,84,174.22817387332793,182.10662824491178,17.991804874967784,13.2062384118326
fixed,solar_diode,sobol,0,85,174.22817387332793,182.10662824491178,18.225591250229627,13.366957244928926
fixed,solar_diode,sobol,0,86,174.22817387332793,182.10662824491178,18.457949959207326,13.526315370108932
fixed,solar_diode,sobol,0,87,174.22817387332793,182.10662824491178,18.690944000147283,13.686062077991664
fixed,solar_diode,sobol,0,88,174.22817387332793,182.10662824491178,18.917552750092,13.838519244920462
fixed,solar_diode,sobol,0,89,174.22817387332793,182.10662824491178,19.15316366730258,14.000856078229845
fixed,solar_diode,sobol,0,90,174.22817387332793,182.10662824491178,19.380165125243366,14.155914160888642
fixed,solar_diode,sobol,0,91,174.22817387332793,182.10662824491178,19.59669191716239,14.30057770293206
fixed,solar_diode,sobol,0,92,174.22817387332793,182.10662824491178,19.81779554206878,14.450257411692291
fixed,solar_diode,sobol,0,93,174.22817387332793,182.10662824491178,20.03693029191345,14.598123162053525
fixed,solar_diode,sobol,0,94,174.22817387332793,182.10662824491178,20.260239667259157,14.743382203858346
fixed,solar_diode,sobol,0,95,174.22817387332793,182.10662824491178,20.498699500225484,14.901346287690103
fixed,solar_diode,sobol,0,96,174.22817387332793,182.10662824491178,20.7954100840725,15.066107995808125
fixed,solar_diode,bo,0,1,318.12970256890367,182.10662824491178,0.23529858281835914,0.15803395817056298
fixed,solar_diode,bo,0,2,237.39395874502486,182.10662824491178,0.4261860828846693,0.3080037082545459
fixed,solar_diode,bo,0,3,185.1181148922075,182.10662824491178,0.6226576659828424,0.46452995808795094
fixed,solar_diode,bo,0,4,185.1181148922075,182.10662824491178,0.8225788748823106,0.6234069159254432
fixed,solar_diode,bo,0,5,185.1181148922075,182.10662824491178,1.032054916024208,0.7868667910806835
fixed,solar_diode,bo,0,6,175.10637483529808,182.10662824491178,1.2332434998825192,0.9423150001093745
fixed,solar_diode,bo,0,7,175.10637483529808,182.10662824491178,1.4308535000309348,1.0944789163768291
fixed,solar_diode,bo,0,8,175.10637483529808,182.10662824491178,1.6414862498641014,1.2588179572485387
fixed,solar_diode,bo,0,9,175.10637483529808,182.10662824491178,1.9067586660385132,1.410626039840281
fixed,solar_diode,bo,0,10,175.10637483529808,182.10662824491178,2.1806532498449087,1.5687504149973392
fixed,solar_diode,bo,0,11,175.10637483529808,182.10662824491178,2.4969142079353333,1.7311634151265025
fixed,solar_diode,bo,0,12,175.10637483529808,182.10662824491178,2.7888234998099506,1.886418622918427
fixed,solar_diode,bo,0,13,175.10637483529808,182.10662824491178,3.0867571658454835,2.029129955917597
fixed,solar_diode,bo,0,14,175.10637483529808,182.10662824491178,3.3739696252159774,2.1833770805969834
fixed,solar_diode,bo,0,15,175.10637483529808,182.10662824491178,3.6722616660408676,2.3328587473370135
fixed,solar_diode,bo,0,16,175.10637483529808,182.10662824491178,3.9625329161062837,2.487851997371763
fixed,solar_diode,bo,0,17,175.10637483529808,182.10662824491178,4.273591207806021,2.6480360394343734
fixed,solar_diode,bo,0,18,175.10637483529808,182.10662824491178,4.555420583114028,2.805562414228916
fixed,solar_diode,bo,0,19,175.10637483529808,182.10662824491178,4.838102207984775,2.9655263302847743
fixed,solar_diode,bo,0,20,175.10637483529808,182.10662824491178,5.104558624792844,3.1210878724232316
fixed,solar_diode,bo,0,21,175.10637483529808,182.10662824491178,5.395159457810223,3.2787996223196387
fixed,solar_diode,bo,0,22,175.10637483529808,182.10662824491178,5.658241332974285,3.4284720392897725
fixed,solar_diode,bo,0,23,175.10637483529808,182.10662824491178,5.976662083063275,3.580865121912211
fixed,solar_diode,bo,0,24,175.10637483529808,182.10662824491178,6.267779124900699,3.729887788183987
fixed,solar_diode,bo,0,25,175.10637483529808,182.10662824491178,6.59684041608125,3.8773252051323652
fixed,solar_diode,bo,0,26,175.10637483529808,182.10662824491178,6.867777875158936,4.021325330249965
fixed,solar_diode,bo,0,27,175.10637483529808,182.10662824491178,7.175479415804148,4.166621622163802
fixed,solar_diode,bo,0,28,175.10637483529808,182.10662824491178,7.5449301660992205,4.333967206068337
fixed,solar_diode,bo,0,29,175.10637483529808,182.10662824491178,7.8307492500171065,4.478547039907426
fixed,solar_diode,bo,0,30,175.10637483529808,182.10662824491178,8.131523124873638,4.639718248043209
fixed,solar_diode,bo,0,31,175.10637483529808,182.10662824491178,8.436332332901657,4.7956787892617285
fixed,solar_diode,bo,0,32,175.10637483529808,182.10662824491178,8.724252915941179,4.952061373274773
fixed,solar_diode,bo,0,33,175.10637483529808,182.10662824491178,9.016586541198194,5.0992529559880495
fixed,solar_diode,bo,0,34,175.10637483529808,182.10662824491178,9.301290040835738,5.25509662181139
fixed,solar_diode,bo,0,35,175.10637483529808,182.10662824491178,9.625300290994346,5.405580621678382
fixed,solar_diode,bo,0,36,175.10637483529808,182.10662824491178,9.952466666232795,5.57291587209329
fixed,solar_diode,bo,0,37,175.07573937452065,182.10662824491178,10.251432165969163,5.735990080051124
fixed,solar_diode,bo,0,38,175.07573937452065,182.10662824491178,10.552264790982008,5.894881162792444
fixed,solar_diode,bo,0,39,175.07573937452065,182.10662824491178,10.823306290898472,6.042715871706605
fixed,solar_diode,bo,0,40,175.07573937452065,182.10662824491178,11.137366250157356,6.208238996565342
fixed,solar_diode,bo,0,41,175.07573937452065,182.10662824491178,11.432147082872689,6.353903996758163
fixed,solar_diode,bo,0,42,175.0706652589693,182.10662824491178,11.748199791181833,6.508076913654804
fixed,solar_diode,bo,0,43,174.1216609706253,182.10662824491178,12.059471915941685,6.66148866340518
fixed,solar_diode,bo,0,44,174.1216609706253,182.10662824491178,12.36193791590631,6.811254580505192
fixed,solar_diode,bo,0,45,174.1216609706253,182.10662824491178,12.704464291222394,6.979311122559011
fixed,solar_diode,bo,0,46,174.1216609706253,182.10662824491178,13.040133540984243,7.131210705265403
fixed,solar_diode,bo,0,47,174.1216609706253,182.10662824491178,13.35215654084459,7.291780913248658
fixed,solar_diode,bo,0,48,174.1216609706253,182.10662824491178,13.657597166020423,7.431272246409208
fixed,solar_diode,bo,0,49,174.1216609706253,182.10662824491178,13.987077415920794,7.575966955628246
fixed,solar_diode,bo,0,50,174.1216609706253,182.10662824491178,14.334256582893431,7.751437081024051
fixed,solar_diode,bo,0,51,174.1216609706253,182.10662824491178,14.693879500031471,7.897705580573529
fixed,solar_diode,bo,0,52,174.1216609706253,182.10662824491178,15.016159624792635,8.047894122544676
fixed,solar_diode,bo,0,53,174.1216609706253,182.10662824491178,15.332798541057855,8.204233122523874
fixed,solar_diode,bo,0,54,174.1216609706253,182.10662824491178,15.655383083038032,8.363688164390624
fixed,solar_diode,bo,0,55,174.1216609706253,182.10662824491178,16.003152958117425,8.528559623286128
fixed,solar_diode,bo,0,56,174.1216609706253,182.10662824491178,16.341361790895462,8.695554456207901
fixed,solar_diode,bo,0,57,174.1216609706253,182.10662824491178,16.680483624804765,8.844044914003462
fixed,solar_diode,bo,0,58,174.1216609706253,182.10662824491178,17.013669250067323,9.000883831176907
fixed,solar_diode,bo,0,59,174.1216609706253,182.10662824491178,17.3702018330805,9.166488830931485
fixed,solar_diode,bo,0,60,174.1216609706253,182.10662824491178,17.75737183308229,9.32588695595041
fixed,solar_diode,bo,0,61,174.1216609706253,182.10662824491178,18.107883207965642,9.487651872914284
fixed,solar_diode,bo,0,62,174.1216609706253,182.10662824491178,18.465025375131518,9.655605163890868
fixed,solar_diode,bo,0,63,174.1216609706253,182.10662824491178,18.874324665870517,9.815193956252187
fixed,solar_diode,bo,0,64,174.1216609706253,182.10662824491178,19.238703166134655,9.98679220629856
fixed,solar_diode,bo,0,65,174.1216609706253,182.10662824491178,19.582341332919896,10.13593308115378
fixed,solar_diode,bo,0,66,174.1216609706253,182.10662824491178,19.960642958059907,10.299180039204657
fixed,solar_diode,bo,0,67,174.1216609706253,182.10662824491178,20.32174029108137,10.452573789283633
fixed,solar_diode,bo,0,68,174.1216609706253,182.10662824491178,20.744239958003163,10.616697581484914
fixed,solar_diode,bo,0,69,174.1216609706253,182.10662824491178,21.145525624975562,10.766690415795892
fixed,solar_diode,bo,0,70,174.1216609706253,182.10662824491178,21.524601832963526,10.920502582099289
fixed,solar_diode,bo,0,71,174.1216609706253,182.10662824491178,21.932661625090986,11.07640578970313
fixed,solar_diode,bo,0,72,174.1216609706253,182.10662824491178,22.29780783317983,11.238026831764728
fixed,solar_diode,bo,0,73,174.1216609706253,182.10662824491178,22.73663983307779,11.396394790615886
fixed,solar_diode,bo,0,74,174.1216609706253,182.10662824491178,23.125957583077252,11.563700082711875
fixed,solar_diode,bo,0,75,174.1216609706253,182.10662824491178,23.50704775005579,11.727701415773481
fixed,solar_diode,bo,0,76,174.1216609706253,182.10662824491178,23.899199790786952,11.871803874149919
fixed,solar_diode,bo,0,77,174.1216609706253,182.10662824491178,24.33119837520644,12.045468332245946
fixed,solar_diode,bo,0,78,174.1216609706253,182.10662824491178,24.719539041165262,12.204497415572405
fixed,solar_diode,bo,0,79,174.1216609706253,182.10662824491178,25.13398937508464,12.3633444160223
fixed,solar_diode,bo,0,80,174.1216609706253,182.10662824491178,25.55320395808667,12.511779041029513
fixed,solar_diode,bo,0,81,174.1216609706253,182.10662824491178,25.967350457794964,12.658525582868606
fixed,solar_diode,bo,0,82,174.1216609706253,182.10662824491178,26.341299625113606,12.800851332955062
fixed,solar_diode,bo,0,83,174.1216609706253,182.10662824491178,26.71956575009972,12.96140620810911
fixed,solar_diode,bo,0,84,174.1216609706253,182.10662824491178,27.192431082949042,13.11396479094401
fixed,solar_diode,bo,0,85,174.1216609706253,182.10662824491178,27.649358124937862,13.277439707890153
fixed,solar_diode,bo,0,86,174.1216609706253,182.10662824491178,28.094153999816626,13.44337095785886
fixed,solar_diode,bo,0,87,173.9961788497715,182.10662824491178,28.62096379091963,13.609156458172947
fixed,solar_diode,bo,0,88,173.9961788497715,182.10662824491178,29.05624150019139,13.76332512544468
fixed,solar_diode,bo,0,89,173.9961788497715,182.10662824491178,29.515370749868453,13.914128625299782
fixed,solar_diode,bo,0,90,173.9961788497715,182.10662824491178,30.03459170786664,14.071977542247623
fixed,solar_diode,bo,0,91,173.9961788497715,182.10662824491178,30.425423374865204,14.213982209097594
fixed,solar_diode,bo,0,92,173.9961788497715,182.10662824491178,30.896379250101745,14.393068084027618
fixed,solar_diode,bo,0,93,173.9961788497715,182.10662824491178,31.382145707961172,14.5526940417476
fixed,solar_diode,bo,0,94,173.9961788497715,182.10662824491178,31.783571540843695,14.704632250592113
fixed,solar_diode,bo,0,95,173.9961788497715,182.10662824491178,32.24676949996501,14.8614411666058
fixed,solar_diode,bo,0,96,173.9961788497715,182.10662824491178,32.727205083239824,15.024845707695931
fixed,solar_diode,sobol,1,1,217.6639953754802,182.10662824491178,0.22753237513825297,0.15229812497273088
fixed,solar_diode,sobol,1,2,176.85227216530905,182.10662824491178,0.43047304125502706,0.31602375023067
fixed,solar_diode,sobol,1,3,176.85227216530905,182.10662824491178,0.6294559580273926,0.4739059591665864
fixed,solar_diode,sobol,1,4,176.85227216530905,182.10662824491178,0.8349858331494033,0.6381597095169127
fixed,solar_diode,sobol,1,5,176.85227216530905,182.10662824491178,1.0421607079915702,0.8009095843881369
fixed,solar_diode,sobol,1,6,176.85227216530905,182.10662824491178,1.2597867911681533,0.973378459457308
fixed,solar_diode,sobol,1,7,176.85227216530905,182.10662824491178,1.4876425000838935,1.1577896266244352
fixed,solar_diode,sobol,1,8,176.85227216530905,182.10662824491178,1.687001041136682,1.3112717512995005
fixed,solar_diode,sobol,1,9,176.85227216530905,182.10662824491178,1.904336208011955,1.4813022105954587
fixed,solar_diode,sobol,1,10,176.85227216530905,182.10662824491178,2.1366171250119805,1.6567846275866032
fixed,solar_diode,sobol,1,11,176.85227216530905,182.10662824491178,2.3558614579960704,1.82739416975528
fixed,solar_diode,sobol,1,12,176.85227216530905,182.10662824491178,2.5399274579249322,1.9677987527102232
fixed,solar_diode,sobol,1,13,176.85227216530905,182.10662824491178,2.757440499961376,2.1381555451080203
fixed,solar_diode,sobol,1,14,176.85227216530905,182.10662824491178,2.9760240828618407,2.310945754405111
fixed,solar_diode,sobol,1,15,176.85227216530905,182.10662824491178,3.1897932081483305,2.4811749206855893
fixed,solar_diode,sobol,1,16,176.85227216530905,182.10662824491178,3.3927464159205556,2.6390151283703744
fixed,solar_diode,sobol,1,17,176.85227216530905,182.10662824491178,3.5913915829733014,2.7929431283846498
fixed,solar_diode,sobol,1,18,176.85227216530905,182.10662824491178,3.795949375256896,2.9530917955562472
fixed,solar_diode,sobol,1,19,176.85227216530905,182.10662824491178,3.9995078332722187,3.111642712727189
fixed,solar_diode,sobol,1,20,176.85227216530905,182.10662824491178,4.201093416195363,3.266560253687203
fixed,solar_diode,sobol,1,21,176.85227216530905,182.10662824491178,4.410707333125174,3.427771212067455
fixed,solar_diode,sobol,1,22,176.85227216530905,182.10662824491178,4.626963207963854,3.594655003864318
fixed,solar_diode,sobol,1,23,176.85227216530905,182.10662824491178,4.833934457972646,3.7532163369469345
fixed,solar_diode,sobol,1,24,176.85227216530905,182.10662824491178,5.036694374866784,3.9072732948698103
fixed,solar_diode,sobol,1,25,176.85227216530905,182.10662824491178,5.241580083034933,4.064735752996057
fixed,solar_diode,sobol,1,26,176.85227216530905,182.10662824491178,5.44871124997735,4.223351253196597
fixed,solar_diode,sobol,1,27,176.85227216530905,182.10662824491178,5.659064665902406,4.385440461803228
fixed,solar_diode,sobol,1,28,176.85227216530905,182.10662824491178,5.874155582860112,4.544585253577679
fixed,solar_diode,sobol,1,29,176.85227216530905,182.10662824491178,6.093774333130568,4.708920337725431
fixed,solar_diode,sobol,1,30,176.85227216530905,182.10662824491178,6.3181960000656545,4.878788004629314
fixed,solar_diode,sobol,1,31,176.85227216530905,182.10662824491178,6.528794958256185,5.035627421922982
fixed,solar_diode,sobol,1,32,176.85227216530905,182.10662824491178,6.731283749919385,5.189744088798761
fixed,solar_diode,sobol,1,33,176.85227216530905,182.10662824491178,6.9288016660138965,5.338019005488604
fixed,solar_diode,sobol,1,34,176.85227216530905,182.10662824491178,7.129795332904905,5.4894072553142905
fixed,solar_diode,sobol,1,35,176.85227216530905,182.10662824491178,7.421845749951899,5.655215422157198
fixed,solar_diode,sobol,1,36,176.85227216530905,182.10662824491178,7.6326984581537545,5.810086339246482
fixed,solar_diode,sobol,1,37,176.85227216530905,182.10662824491178,7.845058457925916,5.967342839576304
fixed,solar_diode,sobol,1,38,176.85227216530905,182.10662824491178,8.06608287524432,6.132570380344987
fixed,solar_diode,sobol,1,39,176.85227216530905,182.10662824491178,8.275168291293085,6.286494172178209
fixed,solar_diode,sobol,1,40,176.85227216530905,182.10662824491178,8.484838665928692,6.442145714070648
fixed,solar_diode,sobol,1,41,176.85227216530905,182.10662824491178,8.695352124981582,6.5966117973439395
fixed,solar_diode,sobol,1,42,176.85227216530905,182.10662824491178,8.899773832876235,6.748824672307819
fixed,solar_diode,sobol,1,43,176.85227216530905,182.10662824491178,9.10163745796308,6.898153130430728
fixed,solar_diode,sobol,1,44,176.85227216530905,182.10662824491178,9.306911624968052,7.046904839575291
fixed,solar_diode,sobol,1,45,176.85227216530905,182.10662824491178,9.510130750015378,7.1968039236962795
fixed,solar_diode,sobol,1,46,176.85227216530905,182.10662824491178,9.711077791173011,7.343737756833434
fixed,solar_diode,sobol,1,47,176.01149335905077,182.10662824491178,9.913688708096743,7.490212799049914
fixed,solar_diode,sobol,1,48,176.01149335905077,182.10662824491178,10.133703832980245,7.652339215390384
fixed,solar_diode,sobol,1,49,176.01149335905077,182.10662824491178,10.340460291132331,7.7987956325523555
fixed,solar_diode,sobol,1,50,176.01149335905077,182.10662824491178,10.56935558328405,7.96362121636048
fixed,solar_diode,sobol,1,51,176.01149335905077,182.10662824491178,10.80358758289367,8.133713382296264
fixed,solar_diode,sobol,1,52,176.01149335905077,182.10662824491178,11.02576645789668,8.295196174178272
fixed,solar_diode,sobol,1,53,176.01149335905077,182.10662824491178,11.237159708049148,8.448754674289376
fixed,solar_diode,sobol,1,54,176.01149335905077,182.10662824491178,11.449253625236452,8.603568549267948
fixed,solar_diode,sobol,1,55,176.01149335905077,182.10662824491178,11.657656874973327,8.753354049287736
fixed,solar_diode,sobol,1,56,176.01149335905077,182.10662824491178,11.863652041181922,8.89972975756973
fixed,solar_diode,sobol,1,57,176.01149335905077,182.10662824491178,12.066294415853918,9.044413132593036
fixed,solar_diode,sobol,1,58,176.01149335905077,182.10662824491178,12.277107333298773,9.195967257488519
fixed,solar_diode,sobol,1,59,176.01149335905077,182.10662824491178,12.47908933321014,9.339385382365435
fixed,solar_diode,sobol,1,60,176.01149335905077,182.10662824491178,12.696262791287154,9.494473132304847
fixed,solar_diode,sobol,1,61,176.01149335905077,182.10662824491178,12.918567833025008,9.655032257083803
fixed,solar_diode,sobol,1,62,176.01149335905077,182.10662824491178,13.134474500082433,9.807501090690494
fixed,solar_diode,sobol,1,63,176.01149335905077,182.10662824491178,13.361980291083455,9.97016421565786
fixed,solar_diode,sobol,1,64,176.01149335905077,182.10662824491178,13.5778793329373,10.12135342368856
fixed,solar_diode,sobol,1,65,176.01149335905077,182.10662824491178,13.813216791022569,10.285669507924467
fixed,solar_diode,sobol,1,66,176.01149335905077,182.10662824491178,14.038817833177745,10.44699888303876
fixed,solar_diode,sobol,1,67,176.01149335905077,182.10662824491178,14.273973083123565,10.606847383081913
fixed,solar_diode,sobol,1,68,176.01149335905077,182.10662824491178,14.499287750106305,10.766257425304502
fixed,solar_diode,sobol,1,69,176.01149335905077,182.10662824491178,14.718885582871735,10.920135383494198
fixed,solar_diode,sobol,1,70,176.01149335905077,182.10662824491178,14.948394124861807,11.083783383481205
fixed,solar_diode,sobol,1,71,176.01149335905077,182.10662824491178,15.171911583282053,11.239504341501743
fixed,solar_diode,sobol,1,72,176.01149335905077,182.10662824491178,15.387282040901482,11.389605674427003
fixed,solar_diode,sobol,1,73,176.01149335905077,182.10662824491178,15.59711566613987,11.532024591229856
fixed,solar_diode,sobol,1,74,176.01149335905077,182.10662824491178,15.818326000124216,11.683516966179013
fixed,solar_diode,sobol,1,75,176.01149335905077,182.10662824491178,16.04915662528947,11.842734091449529
fixed,solar_diode,sobol,1,76,176.01149335905077,182.10662824491178,16.292657332960516,12.012308466713876
fixed,solar_diode,sobol,1,77,175.44886106225874,182.10662824491178,16.540656791068614,12.18278738250956
fixed,solar_diode,sobol,1,78,175.44886106225874,182.10662824491178,16.794468791224062,12.358186674769968
fixed,solar_diode,sobol,1,79,175.44886106225874,182.10662824491178,17.044391207862645,12.533011382445693
fixed,solar_diode,sobol,1,80,175.44886106225874,182.10662824491178,17.28412470826879,12.697824257891625
fixed,solar_diode,sobol,1,81,175.44886106225874,182.10662824491178,17.539418375119567,12.87136150803417
fixed,solar_diode,sobol,1,82,175.44886106225874,182.10662824491178,17.78440066613257,13.03885225765407
fixed,solar_diode,sobol,1,83,175.44886106225874,182.10662824491178,17.987695957999676,13.172893591690809
fixed,solar_diode,sobol,1,84,175.44886106225874,182.10662824491178,18.198161208070815,13.312486674636602
fixed,solar_diode,sobol,1,85,175.44886106225874,182.10662824491178,18.406231333035976,13.448131090961397
fixed,solar_diode,sobol,1,86,175.44886106225874,182.10662824491178,18.611234083306044,13.581218466162682
fixed,solar_diode,sobol,1,87,175.44886106225874,182.10662824491178,18.832426500041038,13.724420049227774
fixed,solar_diode,sobol,1,88,175.44886106225874,182.10662824491178,19.113817708101124,13.911196507047862
fixed,solar_diode,sobol,1,89,175.44886106225874,182.10662824491178,19.3970743753016,14.098851507063955
fixed,solar_diode,sobol,1,90,175.44886106225874,182.10662824491178,19.702773625031114,14.31337267300114
fixed,solar_diode,sobol,1,91,175.44886106225874,182.10662824491178,19.978545249905437,14.499862672761083
fixed,solar_diode,sobol,1,92,175.44886106225874,182.10662824491178,20.23729775007814,14.677018630318344
fixed,solar_diode,sobol,1,93,175.44886106225874,182.10662824491178,20.50341545790434,14.857564380392432
fixed,solar_diode,sobol,1,94,175.44886106225874,182.10662824491178,20.76055045798421,15.029640214517713
fixed,solar_diode,sobol,1,95,175.44886106225874,182.10662824491178,21.000015625264496,15.19193763146177
fixed,solar_diode,sobol,1,96,175.44886106225874,182.10662824491178,21.265023374930024,15.342338756192476
fixed,solar_diode,bo,1,1,217.6639953754802,182.10662824491178,0.23728629108518362,0.15968329226598144
fixed,solar_diode,bo,1,2,176.85227216530905,182.10662824491178,0.4386295829899609,0.3189045423641801
fixed,solar_diode,bo,1,3,176.85227216530905,182.10662824491178,0.6326447911560535,0.4730347506701946
fixed,solar_diode,bo,1,4,176.85227216530905,182.10662824491178,0.8345181662589312,0.6331590004265308
fixed,solar_diode,bo,1,5,176.85227216530905,182.10662824491178,1.0364752081222832,0.7918530832976103
fixed,solar_diode,bo,1,6,176.85227216530905,182.10662824491178,1.2419650410301983,0.953463249374181
fixed,solar_diode,bo,1,7,176.85227216530905,182.10662824491178,1.4501385833136737,1.1192465401254594
fixed,solar_diode,bo,1,8,176.85227216530905,182.10662824491178,1.6334542501717806,1.260675290133804
fixed,solar_diode,bo,1,9,176.85227216530905,182.10662824491178,1.892540458124131,1.4030827903188765
fixed,solar_diode,bo,1,10,176.85227216530905,182.10662824491178,2.1594605003483593,1.5523327072151005
fixed,solar_diode,bo,1,11,176.85227216530905,182.10662824491178,2.4854922499507666,1.708406915422529
fixed,solar_diode,bo,1,12,176.85227216530905,182.10662824491178,2.762913499958813,1.8571402076631784
fixed,solar_diode,bo,1,13,176.85227216530905,182.10662824491178,3.0586362909525633,2.0084442077204585
fixed,solar_diode,bo,1,14,176.85227216530905,182.10662824491178,3.3423635410144925,2.1554839578457177
fixed,solar_diode,bo,1,15,176.85227216530905,182.10662824491178,3.650328833144158,2.312260208185762
fixed,solar_diode,bo,1,16,176.85227216530905,182.10662824491178,3.963624875061214,2.4577462910674512
fixed,solar_diode,bo,1,17,176.85227216530905,182.10662824491178,4.252935790922493,2.595933291129768
fixed,solar_diode,bo,1,18,176.85227216530905,182.10662824491178,4.529103041160852,2.7276859991252422
fixed,solar_diode,bo,1,19,176.85227216530905,182.10662824491178,4.835599500220269,2.873810331802815
fixed,solar_diode,bo,1,20,176.85227216530905,182.10662824491178,5.125911333132535,3.023877664934844
fixed,solar_diode,bo,1,21,174.01748193383528,182.10662824491178,5.470021833200008,3.1903909146785736
fixed,solar_diode,bo,1,22,174.01748193383528,182.10662824491178,5.791732707992196,3.350416414439678
fixed,solar_diode,bo,1,23,174.01748193383528,182.10662824491178,6.07645562523976,3.5160541646182537
fixed,solar_diode,bo,1,24,173.97940339355011,182.10662824491178,6.420489666052163,3.674420539755374
fixed,solar_diode,bo,1,25,173.97940339355011,182.10662824491178,6.769926582928747,3.839368289336562
fixed,solar_diode,bo,1,26,173.97940339355011,182.10662824491178,7.079335208050907,3.9953119549900293
fixed,solar_diode,bo,1,27,173.97940339355011,182.10662824491178,7.437316583003849,4.141935912892222
fixed,solar_diode,bo,1,28,173.97940339355011,182.10662824491178,7.766657833009958,4.289122787769884
fixed,solar_diode,bo,1,29,173.97940339355011,182.10662824491178,8.088533291127533,4.439995121676475
fixed,solar_diode,bo,1,30,173.97940339355011,182.10662824491178,8.41271087527275,4.593811204656959
fixed,solar_diode,bo,1,31,173.97940339355011,182.10662824491178,8.7442302913405,4.740527871530503
fixed,solar_diode,bo,1,32,173.97940339355011,182.10662824491178,9.066639208234847,4.887659246567637
fixed,solar_diode,bo,1,33,173.97940339355011,182.10662824491178,9.392391290981323,5.044512121472508
fixed,solar_diode,bo,1,34,173.97940339355011,182.10662824491178,9.734517000149935,5.200416371226311
fixed,solar_diode,bo,1,35,173.97940339355011,182.10662824491178,10.046850624959916,5.337070954032242
fixed,solar_diode,bo,1,36,173.97940339355011,182.10662824491178,10.334274500142783,5.4756670370697975
fixed,solar_diode,bo,1,37,173.97940339355011,182.10662824491178,10.655227458104491,5.613107329234481
fixed,solar_diode,bo,1,38,173.57614506516876,182.10662824491178,10.997751666232944,5.77751824632287
fixed,solar_diode,bo,1,39,173.57614506516876,182.10662824491178,11.33863512519747,5.932840246707201
fixed,solar_diode,bo,1,40,173.57614506516876,182.10662824491178,11.649268958251923,6.083984871860594
fixed,solar_diode,bo,1,41,173.57614506516876,182.10662824491178,11.99753079097718,6.241931662894785
fixed,solar_diode,bo,1,42,173.57614506516876,182.10662824491178,12.364100666251034,6.404032079037279
fixed,solar_diode,bo,1,43,173.43488404277312,182.10662824491178,12.702777124941349,6.568593120202422
fixed,solar_diode,bo,1,44,173.43488404277312,182.10662824491178,13.064105958212167,6.733195829205215
fixed,solar_diode,bo,1,45,173.43488404277312,182.10662824491178,13.486643915995955,6.902128287125379
fixed,solar_diode,bo,1,46,173.43488404277312,182.10662824491178,13.827393583022058,7.059470787178725
fixed,solar_diode,bo,1,47,173.43488404277312,182.10662824491178,14.200454666279256,7.224023537244648
fixed,solar_diode,bo,1,48,173.43488404277312,182.10662824491178,14.567104041110724,7.397910412400961
fixed,solar_diode,bo,1,49,173.43488404277312,182.10662824491178,14.895957415923476,7.5483067044988275
fixed,solar_diode,bo,1,50,173.43488404277312,182.10662824491178,15.223430916201323,7.701687329914421
fixed,solar_diode,bo,1,51,173.43488404277312,182.10662824491178,15.566877875011414,7.852401912678033
fixed,solar_diode,bo,1,52,173.43488404277312,182.10662824491178,15.877592750359327,7.99547162046656
fixed,solar_diode,bo,1,53,173.43488404277312,182.10662824491178,16.210781750269234,8.15063191158697
fixed,solar_diode,bo,1,54,173.43488404277312,182.10662824491178,16.561452290974557,8.307832494843751
fixed,solar_diode,bo,1,55,173.43488404277312,182.10662824491178,16.95323675032705,8.471830952912569
fixed,solar_diode,bo,1,56,173.43488404277312,182.10662824491178,17.313919375184923,8.617447577882558
fixed,solar_diode,bo,1,57,173.43488404277312,182.10662824491178,17.68481120793149,8.767479243688285
fixed,solar_diode,bo,1,58,173.43488404277312,182.10662824491178,18.11291762534529,8.978746910579503
fixed,solar_diode,bo,1,59,173.43488404277312,182.10662824491178,18.463342666160315,9.120544535573572
fixed,solar_diode,bo,1,60,173.43488404277312,182.10662824491178,18.88369870837778,9.277178952470422
fixed,solar_diode,bo,1,61,173.43488404277312,182.10662824491178,19.2094682501629,9.427006493322551
fixed,solar_diode,bo,1,62,173.43488404277312,182.10662824491178,19.53510204097256,9.576994452625513
fixed,solar_diode,bo,1,63,173.43488404277312,182.10662824491178,19.899179541040212,9.734761535655707
fixed,solar_diode,bo,1,64,173.43488404277312,182.10662824491178,20.273503416217864,9.883902368601412
fixed,solar_diode,bo,1,65,173.43488404277312,182.10662824491178,20.64039587508887,10.038237951695919
fixed,solar_diode,bo,1,66,173.43488404277312,182.10662824491178,21.048943125177175,10.200077410787344
fixed,solar_diode,bo,1,67,173.43488404277312,182.10662824491178,21.457002458162606,10.35945395147428
fixed,solar_diode,bo,1,68,173.43488404277312,182.10662824491178,21.827652916312218,10.510444284416735
fixed,solar_diode,bo,1,69,173.43488404277312,182.10662824491178,22.185665000230074,10.66076240921393
fixed,solar_diode,bo,1,70,173.43488404277312,182.10662824491178,22.611973291262984,10.816719826310873
fixed,solar_diode,bo,1,71,173.43488404277312,182.10662824491178,22.97217750037089,10.97281636716798
fixed,solar_diode,bo,1,72,173.43488404277312,182.10662824491178,23.359158833045512,11.13656499190256
fixed,solar_diode,bo,1,73,173.43488404277312,182.10662824491178,23.81462150020525,11.29733882471919
fixed,solar_diode,bo,1,74,173.43488404277312,182.10662824491178,24.22998029133305,11.45647557452321
fixed,solar_diode,bo,1,75,173.43488404277312,182.10662824491178,24.623980124946684,11.621233907528222
fixed,solar_diode,bo,1,76,173.43488404277312,182.10662824491178,25.077945624943823,11.77642374066636
fixed,solar_diode,bo,1,77,173.43488404277312,182.10662824491178,25.51374120824039,11.93932028254494
fixed,solar_diode,bo,1,78,173.43488404277312,182.10662824491178,25.97531362529844,12.112549573648721
fixed,solar_diode,bo,1,79,173.43488404277312,182.10662824491178,26.45902245817706,12.269714531488717
fixed,solar_diode,bo,1,80,173.43488404277312,182.10662824491178,26.87341291597113,12.436030156444758
fixed,solar_diode,bo,1,81,173.43488404277312,182.10662824491178,27.26532670808956,12.579610197804868
fixed,solar_diode,bo,1,82,173.43488404277312,182.10662824491178,27.74894041614607,12.728110155556351
fixed,solar_diode,bo,1,83,173.43488404277312,182.10662824491178,28.142570833209902,12.887219113763422
fixed,solar_diode,bo,1,84,173.43488404277312,182.10662824491178,28.603193083312362,13.050470447633415
fixed,solar_diode,bo,1,85,173.43488404277312,182.10662824491178,29.03750400012359,13.208437406923622
fixed,solar_diode,bo,1,86,173.43488404277312,182.10662824491178,29.454712291248143,13.378111449070275
fixed,solar_diode,bo,1,87,173.43488404277312,182.10662824491178,29.846421125344932,13.533586074132472
fixed,solar_diode,bo,1,88,173.43488404277312,182.10662824491178,30.30028308322653,13.689539406914264
fixed,solar_diode,bo,1,89,173.43488404277312,182.10662824491178,30.69929162506014,13.855187322478741
fixed,solar_diode,bo,1,90,173.43488404277312,182.10662824491178,31.194815957918763,13.99908411456272
fixed,solar_diode,bo,1,91,173.43488404277312,182.10662824491178,31.627578458283097,14.152956947218627
fixed,solar_diode,bo,1,92,173.43488404277312,182.10662824491178,32.094490291085094,14.31941132247448
fixed,solar_diode,bo,1,93,173.43488404277312,182.10662824491178,32.58558087516576,14.483791447244585
fixed,solar_diode,bo,1,94,173.43488404277312,182.10662824491178,33.01138495793566,14.632176738232374
fixed,solar_diode,bo,1,95,173.43488404277312,182.10662824491178,33.44086774997413,14.790345404297113
fixed,solar_diode,bo,1,96,173.43488404277312,182.10662824491178,33.92730270791799,14.957283279392868
fixed,solar_diode,random,1,1,489.2885590407487,182.10662824491178,0.23606425011530519,0.1628784160129726
fixed,solar_diode,random,1,2,204.13540841253064,182.10662824491178,0.4267651247791946,0.31575362430885434
fixed,solar_diode,random,1,3,201.41373725918777,182.10662824491178,0.6198605410754681,0.47056858288124204
fixed,solar_diode,random,1,4,176.18473140854474,182.10662824491178,0.8215017081238329,0.6240797080099583
fixed,solar_diode,random,1,5,176.18473140854474,182.10662824491178,1.0108971251174808,0.7758102500811219
fixed,solar_diode,random,1,6,176.18473140854474,182.10662824491178,1.1926411660388112,0.9193635829724371
fixed,solar_diode,random,1,7,176.18473140854474,182.10662824491178,1.3738984582014382,1.0617865417152643
fixed,solar_diode,random,1,8,176.18473140854474,182.10662824491178,1.5595407080836594,1.2066227495670319
fixed,solar_diode,random,1,9,176.18473140854474,182.10662824491178,1.7547792908735573,1.3600978325121105
fixed,solar_diode,random,1,10,176.18473140854474,182.10662824491178,1.9599898331798613,1.5226763747632504
fixed,solar_diode,random,1,11,176.18473140854474,182.10662824491178,2.1658320408314466,1.6831467091105878
fixed,solar_diode,random,1,12,176.18473140854474,182.10662824491178,2.362008790951222,1.8362115840427577
fixed,solar_diode,random,1,13,176.18473140854474,182.10662824491178,2.568736624903977,1.998639042954892
fixed,solar_diode,random,1,14,176.18473140854474,182.10662824491178,2.770302082877606,2.157354251947254
fixed,solar_diode,random,1,15,176.18473140854474,182.10662824491178,2.971872208174318,2.3162153773009777
fixed,solar_diode,random,1,16,176.18473140854474,182.10662824491178,3.171177083160728,2.4732246696949005
fixed,solar_diode,random,1,17,176.18473140854474,182.10662824491178,3.354490625206381,2.614921211730689
fixed,solar_diode,random,1,18,176.18473140854474,182.10662824491178,3.546455374918878,2.761683044489473
fixed,solar_diode,random,1,19,176.18473140854474,182.10662824491178,3.7318488750606775,2.904564711265266
fixed,solar_diode,random,1,20,176.18473140854474,182.10662824491178,3.919083457905799,3.048210878390819
fixed,solar_diode,random,1,21,176.18473140854474,182.10662824491178,4.115879457909614,3.1984690446406603
fixed,solar_diode,random,1,22,176.18473140854474,182.10662824491178,4.308840250130743,3.3464699615724385
fixed,solar_diode,random,1,23,176.18473140854474,182.10662824491178,4.512178833130747,3.5015776697546244
fixed,solar_diode,random,1,24,176.18473140854474,182.10662824491178,4.7219103327952325,3.6598454201593995
fixed,solar_diode,random,1,25,176.18473140854474,182.10662824491178,4.954414666164666,3.8406745032407343
fixed,solar_diode,random,1,26,176.18473140854474,182.10662824491178,5.167575915809721,4.000082836486399
fixed,solar_diode,random,1,27,176.18473140854474,182.10662824491178,5.385720165912062,4.164219086524099
fixed,solar_diode,random,1,28,176.18473140854474,182.10662824491178,5.6166763748042285,4.3405998782254755
fixed,solar_diode,random,1,29,176.18473140854474,182.10662824491178,5.839669665787369,4.510749920271337
fixed,solar_diode,random,1,30,176.18473140854474,182.10662824491178,6.052718915976584,4.6739661283791065
fixed,solar_diode,random,1,31,176.18473140854474,182.10662824491178,6.264271374791861,4.835085503291339
fixed,solar_diode,random,1,32,176.18473140854474,182.10662824491178,6.473849458154291,4.992241545114666
fixed,solar_diode,random,1,33,176.18473140854474,182.10662824491178,6.688124957960099,5.151567169930786
fixed,solar_diode,random,1,34,176.18473140854474,182.10662824491178,6.898661583196372,5.310093170031905
fixed,solar_diode,random,1,35,176.18473140854474,182.10662824491178,7.106309708207846,5.466087379027158
fixed,solar_diode,random,1,36,176.18473140854474,182.10662824491178,7.323983749840409,5.627509003970772
fixed,solar_diode,random,1,37,176.18473140854474,182.10662824491178,7.54249708307907,5.791257337667048
fixed,solar_diode,random,1,38,176.18473140854474,182.10662824491178,7.764421000145376,5.952962712850422
fixed,solar_diode,random,1,39,176.18473140854474,182.10662824491178,7.983267750125378,6.113087420817465
fixed,solar_diode,random,1,40,176.18473140854474,182.10662824491178,8.203867749776691,6.279625921044499
fixed,solar_diode,random,1,41,176.18473140854474,182.10662824491178,8.422012208029628,6.442843046039343
fixed,solar_diode,random,1,42,176.18473140854474,182.10662824491178,8.641366166062653,6.6036373800598085
fixed,solar_diode,random,1,43,176.18473140854474,182.10662824491178,8.858418791089207,6.762421546969563
fixed,solar_diode,random,1,44,176.18473140854474,182.10662824491178,9.07460808288306,6.917989714071155
fixed,solar_diode,random,1,45,176.18473140854474,182.10662824491178,9.34576337505132,7.13254213007167
fixed,solar_diode,random,1,46,176.18473140854474,182.10662824491178,9.555554832797498,7.287508670706302
fixed,solar_diode,random,1,47,176.18473140854474,182.10662824491178,9.766965250018984,7.441785670351237
fixed,solar_diode,random,1,48,176.18473140854474,182.10662824491178,9.973926958162338,7.589624045416713
fixed,solar_diode,random,1,49,176.18473140854474,182.10662824491178,10.187402290757746,7.743206711485982
fixed,solar_diode,random,1,50,176.18473140854474,182.10662824491178,10.407885250169784,7.902392545714974
fixed,solar_diode,random,1,51,176.18473140854474,182.10662824491178,10.62072949996218,8.054439420811832
fixed,solar_diode,random,1,52,176.18473140854474,182.10662824491178,10.852087208069861,8.216572961769998
fixed,solar_diode,random,1,53,176.18473140854474,182.10662824491178,11.098025457933545,8.395381586626172
fixed,solar_diode,random,1,54,176.18473140854474,182.10662824491178,11.318312999792397,8.54833879461512
fixed,solar_diode,random,1,55,176.18473140854474,182.10662824491178,11.553231374826282,8.717611878179014
fixed,solar_diode,random,1,56,175.4314786934571,182.10662824491178,11.794246666133404,8.890717337373644
fixed,solar_diode,random,1,57,175.4314786934571,182.10662824491178,12.036530666053295,9.064861628692597
fixed,solar_diode,random,1,58,175.4314786934571,182.10662824491178,12.25888158287853,9.219493795651942
fixed,solar_diode,random,1,59,175.4314786934571,182.10662824491178,12.504852625075728,9.395751670468599
fixed,solar_diode,random,1,60,175.4314786934571,182.10662824491178,12.751032665837556,9.570395878516138
fixed,solar_diode,random,1,61,175.4314786934571,182.10662824491178,13.009791958145797,9.75166383665055
fixed,solar_diode,random,1,62,175.4314786934571,182.10662824491178,13.273946166038513,9.938336128834635
fixed,solar_diode,random,1,63,175.19874750768628,182.10662824491178,13.545395416207612,10.134279129095376
fixed,solar_diode,random,1,64,175.19874750768628,182.10662824491178,13.81804525014013,10.320335838012397
fixed,solar_diode,random,1,65,175.19874750768628,182.10662824491178,14.186611082870513,10.562089588027447
fixed,solar_diode,random,1,66,175.19874750768628,182.10662824491178,14.504391540773213,10.784770213067532
fixed,solar_diode,random,1,67,175.19874750768628,182.10662824491178,14.777854999992996,10.975264463108033
fixed,solar_diode,random,1,68,175.19874750768628,182.10662824491178,15.04254150018096,11.162534463219345
fixed,solar_diode,random,1,69,175.19874750768628,182.10662824491178,15.30462162476033,11.347475129179657
fixed,solar_diode,random,1,70,175.19874750768628,182.10662824491178,15.742017458193004,11.6677205869928
fixed,solar_diode,random,1,71,175.19874750768628,182.10662824491178,16.326392916031182,12.137694586999714
fixed,solar_diode,random,1,72,175.19874750768628,182.10662824491178,16.686116999946535,12.38062737789005
fixed,solar_diode,random,1,73,175.19874750768628,182.10662824491178,16.932345665991306,12.536655086092651
fixed,solar_diode,random,1,74,175.19874750768628,182.10662824491178,17.28680650005117,12.778602628037333
fixed,solar_diode,random,1,75,175.19874750768628,182.10662824491178,17.644315666053444,13.029333211947232
fixed,solar_diode,random,1,76,175.19874750768628,182.10662824491178,17.968372874893248,13.252814502920955
fixed,solar_diode,random,1,77,175.19874750768628,182.10662824491178,18.289486874826252,13.469885002821684
fixed,solar_diode,random,1,78,175.19874750768628,182.10662824491178,18.607293541077524,13.68750229338184
fixed,solar_diode,random,1,79,175.19874750768628,182.10662824491178,19.06331600015983,14.000951752066612
fixed,solar_diode,random,1,80,175.19874750768628,182.10662824491178,19.526299790944904,14.346259627025574
fixed,solar_diode,random,1,81,175.19874750768628,182.10662824491178,19.956032999791205,14.654765502084047
fixed,solar_diode,random,1,82,175.19874750768628,182.10662824491178,20.315822707954794,14.90116937737912
fixed,solar_diode,random,1,83,175.19874750768628,182.10662824491178,20.685648416168988,15.139482586178929
fixed,solar_diode,random,1,84,175.19874750768628,182.10662824491178,20.95360824977979,15.321494210977107
fixed,solar_diode,random,1,85,175.19874750768628,182.10662824491178,21.23395716585219,15.522254751995206
fixed,solar_diode,random,1,86,175.19874750768628,182.10662824491178,21.606086832936853,15.778829960152507
fixed,solar_diode,random,1,87,175.19874750768628,182.10662824491178,21.95498645817861,16.01842404389754
fixed,solar_diode,random,1,88,175.19874750768628,182.10662824491178,22.27931304089725,16.24255133466795
fixed,solar_diode,random,1,89,175.19874750768628,182.10662824491178,22.591375624760985,16.45699279382825
fixed,solar_diode,random,1,90,175.19874750768628,182.10662824491178,22.897389915771782,16.66406471049413
fixed,solar_diode,random,1,91,175.19874750768628,182.10662824491178,23.197477499954402,16.866211126558483
fixed,solar_diode,random,1,92,175.19874750768628,182.10662824491178,23.63980120792985,17.1845213342458
fixed,solar_diode,random,1,93,175.19874750768628,182.10662824491178,24.163256249856204,17.5718640005216
fixed,solar_diode,random,1,94,175.19874750768628,182.10662824491178,24.556331915780902,17.838651541620493
fixed,solar_diode,random,1,95,175.19874750768628,182.10662824491178,24.918723207898438,18.087136208545417
fixed,solar_diode,random,1,96,175.19874750768628,182.10662824491178,25.282640540972352,18.29814187483862
fixed,solar_diode,bo,2,1,200.5825783030708,182.10662824491178,0.24000708293169737,0.13930749986320734
fixed,solar_diode,bo,2,2,200.5825783030708,182.10662824491178,0.5173509577289224,0.358540749642998
fixed,solar_diode,bo,2,3,200.5825783030708,182.10662824491178,0.8012067079544067,0.5805803742259741
fixed,solar_diode,bo,2,4,176.35018170390543,182.10662824491178,1.0734599167481065,0.7939675822854042
fixed,solar_diode,bo,2,5,176.35018170390543,182.10662824491178,1.335948041640222,1.0009673745371401
fixed,solar_diode,bo,2,6,176.35018170390543,182.10662824491178,1.5976263326592743,1.2105568321421742
fixed,solar_diode,bo,2,7,176.35018170390543,182.10662824491178,1.8458464168943465,1.403334123082459
fixed,solar_diode,bo,2,8,176.35018170390543,182.10662824491178,2.0947338747791946,1.5945234978571534
fixed,solar_diode,bo,2,9,176.35018170390543,182.10662824491178,2.474394291639328,1.831592164002359
fixed,solar_diode,bo,2,10,176.35018170390543,182.10662824491178,3.089155917055905,2.25351399788633
fixed,solar_diode,bo,2,11,176.35018170390543,182.10662824491178,3.8352065826766193,2.6519702887162566
fixed,solar_diode,bo,2,12,176.35018170390543,182.10662824491178,4.3004702078178525,2.8800998306833208
fixed,solar_diode,bo,2,13,176.35018170390543,182.10662824491178,4.671390041708946,3.078813539352268
fixed,solar_diode,bo,2,14,176.35018170390543,182.10662824491178,5.059170458000153,3.2814417891204357
fixed,solar_diode,bo,2,15,176.35018170390543,182.10662824491178,5.548297957982868,3.561539747286588
fixed,solar_diode,bo,2,16,176.35018170390543,182.10662824491178,5.998338041827083,3.8020873721688986
fixed,solar_diode,bo,2,17,176.35018170390543,182.10662824491178,6.43646049965173,4.0419744132086635
fixed,solar_diode,bo,2,18,176.35018170390543,182.10662824491178,6.8459759168326855,4.274998621083796
fixed,solar_diode,bo,2,19,176.35018170390543,182.10662824491178,7.257898207753897,4.47881016228348
fixed,solar_diode,bo,2,20,176.35018170390543,182.10662824491178,7.7059205416589975,4.686394954100251
fixed,solar_diode,bo,2,21,176.35018170390543,182.10662824491178,8.38778766663745,5.005835162941366
fixed,solar_diode,bo,2,22,176.35018170390543,182.10662824491178,8.910567624960095,5.270101120695472
fixed,solar_diode,bo,2,23,176.35018170390543,182.10662824491178,9.343863166868687,5.503785328939557
fixed,solar_diode,bo,2,24,176.35018170390543,182.10662824491178,9.763459249865264,5.740465953946114
fixed,solar_diode,bo,2,25,176.35018170390543,182.10662824491178,10.212630957830697,5.942485495004803
fixed,solar_diode,bo,2,26,176.10574494181554,182.10662824491178,10.603881457820535,6.152509453240782
fixed,solar_diode,bo,2,27,174.99728095489274,182.10662824491178,10.98070374969393,6.353023370262235
fixed,solar_diode,bo,2,28,174.99728095489274,182.10662824491178,11.38033274980262,6.5351262874901295
fixed,solar_diode,bo,2,29,174.99728095489274,182.10662824491178,11.746851166710258,6.73728103749454
fixed,solar_diode,bo,2,30,174.99728095489274,182.10662824491178,12.332835542038083,7.106924662366509
fixed,solar_diode,bo,2,31,174.499889707949,182.10662824491178,12.913407667074353,7.410349746234715
fixed,solar_diode,bo,2,32,174.2535296161924,182.10662824491178,13.368441499769688,7.642976746428758
fixed,solar_diode,bo,2,33,174.2535296161924,182.10662824491178,13.790769000072032,7.850062662735581
fixed,solar_diode,bo,2,34,174.2535296161924,182.10662824491178,14.237910416908562,8.05854570446536
fixed,solar_diode,bo,2,35,174.2535296161924,182.10662824491178,14.648004041984677,8.270020579453558
fixed,solar_diode,bo,2,36,174.2535296161924,182.10662824491178,15.063373624812812,8.472492412198335
fixed,solar_diode,bo,2,37,174.2535296161924,182.10662824491178,15.442857749760151,8.671963245142251
fixed,solar_diode,bo,2,38,173.96780639085478,182.10662824491178,15.87834195792675,8.907901994884014
fixed,solar_diode,bo,2,39,173.96780639085478,182.10662824491178,16.318241416942328,9.10948299523443
fixed,solar_diode,bo,2,40,173.96780639085478,182.10662824491178,17.11628624983132,9.556925452779979
fixed,solar_diode,bo,2,41,173.96780639085478,182.10662824491178,17.70432720798999,9.819896077737212
fixed,solar_diode,bo,2,42,173.96780639085478,182.10662824491178,19.227616124786437,10.607417452614754
fixed,solar_diode,bo,2,43,173.96780639085478,182.10662824491178,20.391830625012517,11.07164520258084
fixed,solar_diode,bo,2,44,173.96780639085478,182.10662824491178,23.067864957731217,12.197013910394162
fixed,solar_diode,bo,2,45,173.96780639085478,182.10662824491178,24.023385624866933,12.604783326387405
fixed,solar_diode,bo,2,46,173.96780639085478,182.10662824491178,25.20614399993792,13.06586145143956
fixed,solar_diode,bo,2,47,173.96780639085478,182.10662824491178,25.794325791765004,13.2480126186274
fixed,solar_diode,bo,2,48,173.9397026847752,182.10662824491178,26.76303575001657,13.525597118306905
fixed,solar_diode,bo,2,49,173.9397026847752,182.10662824491178,27.227700958028436,13.736888993531466
fixed,solar_diode,bo,2,50,173.9397026847752,182.10662824491178,27.70912816701457,13.949700785800815
fixed,solar_diode,bo,2,51,173.9397026847752,182.10662824491178,28.70269333291799,14.461019785609096
fixed,solar_diode,bo,2,52,173.9397026847752,182.10662824491178,29.310569666791707,14.696437285747379
fixed,solar_diode,bo,2,53,173.9397026847752,182.10662824491178,29.821856874972582,14.91653657797724
fixed,solar_diode,bo,2,54,173.9397026847752,182.10662824491178,30.291441916953772,15.138877411838621
fixed,solar_diode,bo,2,55,173.9397026847752,182.10662824491178,30.86828445782885,15.462979204021394
fixed,solar_diode,bo,2,56,173.9397026847752,182.10662824491178,31.388487082906067,15.688580996356905
fixed,solar_diode,bo,2,57,173.9397026847752,182.10662824491178,31.87795229163021,15.914288538508117
fixed,solar_diode,bo,2,58,173.9397026847752,182.10662824491178,32.352118041832,16.098779247608036
fixed,solar_diode,bo,2,59,173.9397026847752,182.10662824491178,32.895853667054325,16.336459372658283
fixed,solar_diode,bo,2,60,173.9397026847752,182.10662824491178,33.75719141680747,16.654782955534756
fixed,solar_diode,bo,2,61,173.9397026847752,182.10662824491178,34.43824208294973,16.887829538434744
fixed,solar_diode,bo,2,62,173.9397026847752,182.10662824491178,35.0502835419029,17.141183955594897
fixed,solar_diode,bo,2,63,173.9397026847752,182.10662824491178,35.51997191691771,17.309121247380972
fixed,solar_diode,bo,2,64,173.9397026847752,182.10662824491178,35.96321337483823,17.521551622077823
fixed,solar_diode,bo,2,65,173.9397026847752,182.10662824491178,36.43069824995473,17.687186622060835
fixed,solar_diode,bo,2,66,173.9397026847752,182.10662824491178,36.81805666675791,17.855916246771812
fixed,solar_diode,bo,2,67,173.9397026847752,182.10662824491178,37.173436916898936,18.001581288408488
fixed,solar_diode,bo,2,68,173.9397026847752,182.10662824491178,37.56116212485358,18.157835038378835
fixed,solar_diode,bo,2,69,173.9397026847752,182.10662824491178,37.91901966696605,18.29415437253192
fixed,solar_diode,bo,2,70,173.9397026847752,182.10662824491178,38.276811082847416,18.439426705706865
fixed,solar_diode,bo,2,71,173.9397026847752,182.10662824491178,38.63007154176012,18.581335371360183
fixed,solar_diode,bo,2,72,173.9397026847752,182.10662824491178,39.00031945807859,18.721833788324147
fixed,solar_diode,bo,2,73,173.9397026847752,182.10662824491178,39.35691741667688,18.863504288252443
fixed,solar_diode,bo,2,74,173.9397026847752,182.10662824491178,39.74779474968091,19.017352330498397
fixed,solar_diode,bo,2,75,173.9397026847752,182.10662824491178,40.142738457769156,19.158738038502634
fixed,solar_diode,bo,2,76,173.9397026847752,182.10662824491178,40.46606483263895,19.289323163684458
fixed,solar_diode,bo,2,77,173.9397026847752,182.10662824491178,40.80613008281216,19.411663372069597
fixed,solar_diode,bo,2,78,173.9397026847752,182.10662824491178,41.1895772498101,19.53690024698153
fixed,solar_diode,bo,2,79,173.9397026847752,182.10662824491178,41.552952041849494,19.670678121969104
fixed,solar_diode,bo,2,80,173.9397026847752,182.10662824491178,41.87558683287352,19.806032080668956
fixed,solar_diode,bo,2,81,173.9397026847752,182.10662824491178,42.20869637466967,19.93162116361782
fixed,solar_diode,bo,2,82,173.9397026847752,182.10662824491178,42.566733124665916,20.06279545556754
fixed,solar_diode,bo,2,83,173.9397026847752,182.10662824491178,42.9131856248714,20.180172788444906
fixed,solar_diode,bo,2,84,173.9397026847752,182.10662824491178,43.22997333295643,20.299627788364887
fixed,solar_diode,bo,2,85,173.9397026847752,182.10662824491178,43.65501108299941,20.4157174131833
fixed,solar_diode,bo,2,86,173.9397026847752,182.10662824491178,44.018644999712706,20.53264878829941
fixed,solar_diode,bo,2,87,173.9397026847752,182.10662824491178,44.4080784576945,20.661012288182974
fixed,solar_diode,bo,2,88,173.9397026847752,182.10662824491178,44.7814956670627,20.791119453962892
fixed,solar_diode,bo,2,89,173.89353853491468,182.10662824491178,45.10357762500644,20.911793245002627
fixed,solar_diode,bo,2,90,173.87531108932566,182.10662824491178,45.45129416696727,21.033187328837812
fixed,solar_diode,bo,2,91,173.87531108932566,182.10662824491178,45.79951066663489,21.159008245915174
fixed,solar_diode,bo,2,92,173.87531108932566,182.10662824491178,46.17325395764783,21.28571487078443
fixed,solar_diode,bo,2,93,173.87531108932566,182.10662824491178,46.49419333273545,21.400865578558296
fixed,solar_diode,bo,2,94,173.87531108932566,182.10662824491178,46.83476970763877,21.522692328784615
fixed,solar_diode,bo,2,95,173.87447830551548,182.10662824491178,47.182100041769445,21.647643244825304
fixed,solar_diode,bo,2,96,173.87447830551548,182.10662824491178,47.66554687498137,21.76803807914257
fixed,solar_diode,random,2,1,175.90606974995032,182.10662824491178,0.1719770827330649,0.11363800009712577
fixed,solar_diode,random,2,2,175.90606974995032,182.10662824491178,0.33110316609963775,0.2393060834147036
fixed,solar_diode,random,2,3,175.90606974995032,182.10662824491178,0.48345049982890487,0.3613777495920658
fixed,solar_diode,random,2,4,175.90606974995032,182.10662824491178,0.6331019997596741,0.4805439589545131
fixed,solar_diode,random,2,5,175.90606974995032,182.10662824491178,0.7874652077443898,0.6039929590187967
fixed,solar_diode,random,2,6,175.90606974995032,182.10662824491178,0.9404212078079581,0.7259513339959085
fixed,solar_diode,random,2,7,175.90606974995032,182.10662824491178,1.0970257907174528,0.8509999592788517
fixed,solar_diode,random,2,8,175.90606974995032,182.10662824491178,1.246235332917422,0.9673094591125846
fixed,solar_diode,random,2,9,175.90606974995032,182.10662824491178,1.4079109579324722,1.0921969590708613
fixed,solar_diode,random,2,10,175.90606974995032,182.10662824491178,1.5648134578950703,1.2169735422357917
fixed,solar_diode,random,2,11,175.90606974995032,182.10662824491178,1.724625166039914,1.344110042322427
fixed,solar_diode,random,2,12,175.90606974995032,182.10662824491178,1.878552374895662,1.4644146673381329
fixed,solar_diode,random,2,13,175.90606974995032,182.10662824491178,2.033986082766205,1.5868714172393084
fixed,solar_diode,random,2,14,175.90606974995032,182.10662824491178,2.1896123327314854,1.7090174169279635
fixed,solar_diode,random,2,15,175.90606974995032,182.10662824491178,2.3377140830270946,1.8232728750444949
fixed,solar_diode,random,2,16,175.3629999035359,182.10662824491178,2.4898303328081965,1.941450625192374
fixed,solar_diode,random,2,17,175.3629999035359,182.10662824491178,2.651006707921624,2.0626681251451373
fixed,solar_diode,random,2,18,175.3629999035359,182.10662824491178,2.8131367079913616,2.184845959302038
fixed,solar_diode,random,2,19,175.3629999035359,182.10662824491178,2.973314582835883,2.3039012094959617
fixed,solar_diode,random,2,20,175.3629999035359,182.10662824491178,3.131760540883988,2.426329042762518
fixed,solar_diode,random,2,21,175.3629999035359,182.10662824491178,3.284047625027597,2.543739626649767
fixed,solar_diode,random,2,22,175.3629999035359,182.10662824491178,3.4466195409186184,2.665260126814246
fixed,solar_diode,random,2,23,175.3629999035359,182.10662824491178,3.6063479157164693,2.7846550843678415
fixed,solar_diode,random,2,24,175.3629999035359,182.10662824491178,3.7690817080438137,2.907342292368412
fixed,solar_diode,random,2,25,175.3629999035359,182.10662824491178,3.9253470827825367,3.026064209174365
fixed,solar_diode,random,2,26,175.3629999035359,182.10662824491178,4.085179999936372,3.1488544172607362
fixed,solar_diode,random,2,27,175.3629999035359,182.10662824491178,4.258726082742214,3.277332375291735
fixed,solar_diode,random,2,28,175.3629999035359,182.10662824491178,4.430610582698137,3.406288166064769
fixed,solar_diode,random,2,29,175.3629999035359,182.10662824491178,4.605376707855612,3.5295911240391433
fixed,solar_diode,random,2,30,175.3629999035359,182.10662824491178,4.77216791594401,3.654758707154542
fixed,solar_diode,random,2,31,175.3629999035359,182.10662824491178,4.944226332940161,3.780801624059677
fixed,solar_diode,random,2,32,175.3629999035359,182.10662824491178,5.111970040947199,3.9042878742329776
fixed,solar_diode,random,2,33,175.3629999035359,182.10662824491178,5.280218999832869,4.02693049935624
fixed,solar_diode,random,2,34,175.3629999035359,182.10662824491178,5.44619158282876,4.1486588744446635
fixed,solar_diode,random,2,35,175.3629999035359,182.10662824491178,5.612131374888122,4.272012124303728
fixed,solar_diode,random,2,36,175.3629999035359,182.10662824491178,5.77561437478289,4.388252082280815
fixed,solar_diode,random,2,37,175.3629999035359,182.10662824491178,6.557319040875882,5.097652664873749
fixed,solar_diode,random,2,38,175.3629999035359,182.10662824491178,6.852759791072458,5.256722455844283
fixed,solar_diode,random,2,39,175.3629999035359,182.10662824491178,11.080851499922574,9.321109955664724
fixed,solar_diode,random,2,40,175.3629999035359,182.10662824491178,11.928837374784052,10.005795414559543
fixed,solar_diode,random,2,41,175.3629999035359,182.10662824491178,12.44885604083538,10.386821455322206
fixed,solar_diode,random,2,42,175.3629999035359,182.10662824491178,12.941135332919657,10.739738955162466
fixed,solar_diode,random,2,43,175.3629999035359,182.10662824491178,13.445430166088045,11.105945622548461
fixed,solar_diode,random,2,44,175.3629999035359,182.10662824491178,13.999782666098326,11.51497195661068
fixed,solar_diode,random,2,45,175.3629999035359,182.10662824491178,14.525268415920436,11.896860248874873
fixed,solar_diode,random,2,46,175.3629999035359,182.10662824491178,14.942474041134119,12.234193582087755
fixed,solar_diode,random,2,47,175.3629999035359,182.10662824491178,15.192936582956463,12.419419832061976
fixed,solar_diode,random,2,48,175.3629999035359,182.10662824491178,15.429687791038305,12.596267498098314
fixed,solar_diode,random,2,49,175.3629999035359,182.10662824491178,15.647604582831264,12.757752163801342
fixed,solar_diode,random,2,50,175.3629999035359,182.10662824491178,15.860316541045904,12.91505412152037
fixed,solar_diode,random,2,51,175.3629999035359,182.10662824491178,16.113042708020657,13.057449246291071
fixed,solar_diode,random,2,52,174.48570979819846,182.10662824491178,16.317853833083063,13.208778204396367
fixed,solar_diode,random,2,53,174.48570979819846,182.10662824491178,16.506802457850426,13.343734537251294
fixed,solar_diode,random,2,54,174.48570979819846,182.10662824491178,16.699817082844675,13.484629537444562
fixed,solar_diode,random,2,55,174.48570979819846,182.10662824491178,16.895039665978402,13.62138645350933
fixed,solar_diode,random,2,56,174.48570979819846,182.10662824491178,17.080887916032225,13.756387495435774
fixed,solar_diode,random,2,57,174.48570979819846,182.10662824491178,17.25458745798096,13.882522204425186
fixed,solar_diode,random,2,58,174.48570979819846,182.10662824491178,17.4518149998039,14.026753745507449
fixed,solar_diode,random,2,59,174.48570979819846,182.10662824491178,17.6453218748793,14.167376120574772
fixed,solar_diode,random,2,60,174.48570979819846,182.10662824491178,17.83600154099986,14.302842953708023
fixed,solar_diode,random,2,61,174.48570979819846,182.10662824491178,18.02271308284253,14.430805745534599
fixed,solar_diode,random,2,62,174.48570979819846,182.10662824491178,18.211176875047386,14.565957704558969
fixed,solar_diode,random,2,63,174.48570979819846,182.10662824491178,18.40221579093486,14.703477163799107
fixed,solar_diode,random,2,64,174.48570979819846,182.10662824491178,18.589270249940455,14.837116247974336
fixed,solar_diode,random,2,65,174.48570979819846,182.10662824491178,18.769564250018448,14.964087288826704
fixed,solar_diode,random,2,66,174.48570979819846,182.10662824491178,18.951266624964774,15.091516913846135
fixed,solar_diode,random,2,67,174.48570979819846,182.10662824491178,19.138051999732852,15.225016789045185
fixed,solar_diode,random,2,68,174.48570979819846,182.10662824491178,19.319342458155006,15.352795373182744
fixed,solar_diode,random,2,69,174.48570979819846,182.10662824491178,19.499246957711875,15.478619748260826
fixed,solar_diode,random,2,70,174.48570979819846,182.10662824491178,19.68588158302009,15.61135716503486
fixed,solar_diode,random,2,71,174.48570979819846,182.10662824491178,19.86584124993533,15.736904622986913
fixed,solar_diode,random,2,72,174.48570979819846,182.10662824491178,20.05362124973908,15.869549039751291
fixed,solar_diode,random,2,73,174.48570979819846,182.10662824491178,20.23652125010267,15.997182831168175
fixed,solar_diode,random,2,74,174.48570979819846,182.10662824491178,20.41570712486282,16.12121149804443
fixed,solar_diode,random,2,75,174.48570979819846,182.10662824491178,20.59622299997136,16.24626483116299
fixed,solar_diode,random,2,76,174.48570979819846,182.10662824491178,20.775443624705076,16.37053383141756
fixed,solar_diode,random,2,77,174.48570979819846,182.10662824491178,20.95899241603911,16.499965372495353
fixed,solar_diode,random,2,78,174.48570979819846,182.10662824491178,21.138558249920607,16.62431595660746
fixed,solar_diode,random,2,79,174.48570979819846,182.10662824491178,21.317760833073407,16.74850228941068
fixed,solar_diode,random,2,80,174.48570979819846,182.10662824491178,21.501846333034337,16.87653678935021
fixed,solar_diode,random,2,81,174.48570979819846,182.10662824491178,21.68188558286056,17.00054466444999
fixed,solar_diode,random,2,82,174.48570979819846,182.10662824491178,21.860592249780893,17.123892789240927
fixed,solar_diode,random,2,83,174.48570979819846,182.10662824491178,22.03754483303055,17.245256872382015
fixed,solar_diode,random,2,84,174.48570979819846,182.10662824491178,22.21669479086995,17.368078330066055
fixed,solar_diode,random,2,85,174.48570979819846,182.10662824491178,22.39980720775202,17.4926861631684
fixed,solar_diode,random,2,86,174.48570979819846,182.10662824491178,22.59046054072678,17.62058591283858
fixed,solar_diode,random,2,87,174.48570979819846,182.10662824491178,22.784125207923353,17.7522284546867
fixed,solar_diode,random,2,88,174.48570979819846,182.10662824491178,22.976102749817073,17.882864662911743
fixed,solar_diode,random,2,89,174.48570979819846,182.10662824491178,23.17667304072529,18.020080080255866
fixed,solar_diode,random,2,90,174.48570979819846,182.10662824491178,23.379913040902466,18.157511913217604
fixed,solar_diode,random,2,91,174.48570979819846,182.10662824491178,23.566710624843836,18.278022913262248
fixed,solar_diode,random,2,92,174.48570979819846,182.10662824491178,23.758871749974787,18.4066473711282
fixed,solar_diode,random,2,93,174.48570979819846,182.10662824491178,23.96063324995339,18.54266266291961
fixed,solar_diode,random,2,94,174.48570979819846,182.10662824491178,24.160430333111435,18.675437787547708
fixed,solar_diode,random,2,95,174.48570979819846,182.10662824491178,24.367364457808435,18.816113370470703
fixed,solar_diode,random,2,96,174.48570979819846,182.10662824491178,24.60962945781648,18.960067162755877
fixed,solar_diode,sobol,2,1,200.5825783030708,182.10662824491178,0.20597941614687443,0.1365154581144452
fixed,solar_diode,sobol,2,2,200.5825783030708,182.10662824491178,0.3862093328498304,0.2795552499592304
fixed,solar_diode,sobol,2,3,200.5825783030708,182.10662824491178,0.8161132079549134,0.6475343750789762
fixed,solar_diode,sobol,2,4,176.35018170390543,182.10662824491178,1.1546173328533769,0.9393631252460182
fixed,solar_diode,sobol,2,5,176.35018170390543,182.10662824491178,1.4035674161277711,1.1265023751184344
fixed,solar_diode,sobol,2,6,176.35018170390543,182.10662824491178,1.6261175000108778,1.303953249938786
fixed,solar_diode,sobol,2,7,176.35018170390543,182.10662824491178,1.8464523749426007,1.4821158330887556
fixed,solar_diode,sobol,2,8,176.35018170390543,182.10662824491178,2.0492064161226153,1.6417105002328753
fixed,solar_diode,sobol,2,9,176.35018170390543,182.10662824491178,2.2562684160657227,1.8075135424733162
fixed,solar_diode,sobol,2,10,176.35018170390543,182.10662824491178,2.4581077499315143,1.9662459595128894
fixed,solar_diode,sobol,2,11,176.35018170390543,182.10662824491178,2.6708112908527255,2.136563001666218
fixed,solar_diode,sobol,2,12,176.35018170390543,182.10662824491178,2.881911249831319,2.2932168347761035
fixed,solar_diode,sobol,2,13,176.35018170390543,182.10662824491178,3.253622999880463,2.6037263767793775
fixed,solar_diode,sobol,2,14,176.35018170390543,182.10662824491178,3.5617224578745663,2.84830237692222
fixed,solar_diode,sobol,2,15,176.35018170390543,182.10662824491178,3.840773958247155,3.071977877058089
fixed,solar_diode,sobol,2,16,176.35018170390543,182.10662824491178,4.079764500260353,3.259382918011397
fixed,solar_diode,sobol,2,17,176.35018170390543,182.10662824491178,4.3026628331281245,3.4350568340159953
fixed,solar_diode,sobol,2,18,176.35018170390543,182.10662824491178,4.524655916262418,3.6085301260463893
fixed,solar_diode,sobol,2,19,175.47200114415494,182.10662824491178,4.745486208237708,3.7813782920129597
fixed,solar_diode,sobol,2,20,175.47200114415494,182.10662824491178,4.957985958084464,3.945498749613762
fixed,solar_diode,sobol,2,21,174.29362745791195,182.10662824491178,5.16034625004977,4.102229832671583
fixed,solar_diode,sobol,2,22,174.29362745791195,182.10662824491178,5.366495625115931,4.261362082790583
fixed,solar_diode,sobol,2,23,174.29362745791195,182.10662824491178,5.5741422502323985,4.4193071238696575
fixed,solar_diode,sobol,2,24,174.29362745791195,182.10662824491178,5.790027500130236,4.587750582955778
fixed,solar_diode,sobol,2,25,174.29362745791195,182.10662824491178,5.999892707914114,4.749894542153925
fixed,solar_diode,sobol,2,26,174.29362745791195,182.10662824491178,6.202030582819134,4.903668376151472
fixed,solar_diode,sobol,2,27,174.29362745791195,182.10662824491178,6.413872333243489,5.067518834490329
fixed,solar_diode,sobol,2,28,174.29362745791195,182.10662824491178,6.612556375097483,5.217443750239909
fixed,solar_diode,sobol,2,29,174.29362745791195,182.10662824491178,6.825707875192165,5.38129866681993
fixed,solar_diode,sobol,2,30,174.29362745791195,182.10662824491178,7.0360950832255185,5.5418661665171385
fixed,solar_diode,sobol,2,31,174.29362745791195,182.10662824491178,7.316661875229329,5.749984041322023
fixed,solar_diode,sobol,2,32,174.29362745791195,182.10662824491178,7.624148624949157,5.986208332236856
fixed,solar_diode,sobol,2,33,174.29362745791195,182.10662824491178,7.92513004085049,6.2132016234099865
fixed,solar_diode,sobol,2,34,174.29362745791195,182.10662824491178,8.194281790871173,6.417002790141851
fixed,solar_diode,sobol,2,35,174.29362745791195,182.10662824491178,8.449078625068069,6.611491082236171
fixed,solar_diode,sobol,2,36,174.29362745791195,182.10662824491178,8.681925790850073,6.787217082455754
fixed,solar_diode,sobol,2,37,174.29362745791195,182.10662824491178,8.907057750038803,6.955514332745224
fixed,solar_diode,sobol,2,38,174.29362745791195,182.10662824491178,9.140132749918848,7.129665957763791
fixed,solar_diode,sobol,2,39,174.29362745791195,182.10662824491178,9.3696855828166,7.301049790810794
fixed,solar_diode,sobol,2,40,174.29362745791195,182.10662824491178,9.59896200010553,7.472064290661365
fixed,solar_diode,sobol,2,41,174.29362745791195,182.10662824491178,9.832214875146747,7.649319415446371
fixed,solar_diode,sobol,2,42,174.29362745791195,182.10662824491178,10.047368583269417,7.809385748114437
fixed,solar_diode,sobol,2,43,174.29362745791195,182.10662824491178,10.263935999944806,7.968900248408318
fixed,solar_diode,sobol,2,44,174.29362745791195,182.10662824491178,10.479909415822476,8.123083498328924
fixed,solar_diode,sobol,2,45,173.9611482106161,182.10662824491178,10.698769791051745,8.281706165522337
fixed,solar_diode,sobol,2,46,173.9611482106161,182.10662824491178,10.919078791048378,8.443756374530494
fixed,solar_diode,sobol,2,47,173.9611482106161,182.10662824491178,11.133089666254818,8.601131458301097
fixed,solar_diode,sobol,2,48,173.9611482106161,182.10662824491178,11.350753500126302,8.76184787414968
fixed,solar_diode,sobol,2,49,173.9611482106161,182.10662824491178,11.575610790867358,8.929212833289057
fixed,solar_diode,sobol,2,50,173.9611482106161,182.10662824491178,11.790072957985103,9.085375708062202
fixed,solar_diode,sobol,2,51,173.9611482106161,182.10662824491178,12.099514749832451,9.320147625170648
fixed,solar_diode,sobol,2,52,173.9611482106161,182.10662824491178,12.400369958020747,9.536652500275522
fixed,solar_diode,sobol,2,53,173.9611482106161,182.10662824491178,12.716905749868602,9.769272708334029
fixed,solar_diode,sobol,2,54,173.9611482106161,182.10662824491178,13.014633290935308,9.990668666083366
fixed,solar_diode,sobol,2,55,173.9611482106161,182.10662824491178,13.289127000141889,10.186860874295235
fixed,solar_diode,sobol,2,56,173.9611482106161,182.10662824491178,13.54072641581297,10.369638749398291
fixed,solar_diode,sobol,2,57,173.9611482106161,182.10662824491178,13.800672582816333,10.55040479125455
fixed,solar_diode,sobol,2,58,173.9611482106161,182.10662824491178,14.110427333042026,10.780892916023731
fixed,solar_diode,sobol,2,59,173.9611482106161,182.10662824491178,14.38872491614893,10.986084498930722
fixed,solar_diode,sobol,2,60,173.9611482106161,182.10662824491178,14.659359333105385,11.183661624323577
fixed,solar_diode,sobol,2,61,173.9611482106161,182.10662824491178,14.916463625151664,11.368797957897186
fixed,solar_diode,sobol,2,62,173.9611482106161,182.10662824491178,15.153242582920939,11.53684274898842
fixed,solar_diode,sobol,2,63,173.9611482106161,182.10662824491178,15.395280207972974,11.711245832033455
fixed,solar_diode,sobol,2,64,173.9611482106161,182.10662824491178,15.640687000006437,11.884280289988965
fixed,solar_diode,sobol,2,65,173.9611482106161,182.10662824491178,15.886327290907502,12.060418873094022
fixed,solar_diode,sobol,2,66,173.9611482106161,182.10662824491178,16.276133874896914,12.350453289225698
fixed,solar_diode,sobol,2,67,173.9611482106161,182.10662824491178,16.634833083022386,12.610617623198777
fixed,solar_diode,sobol,2,68,173.9611482106161,182.10662824491178,16.945897249970585,12.830959914252162
fixed,solar_diode,sobol,2,69,173.9611482106161,182.10662824491178,17.20959054119885,13.017902831081301
fixed,solar_diode,sobol,2,70,173.9611482106161,182.10662824491178,17.481596707832068,13.21110545611009
fixed,solar_diode,sobol,2,71,173.9611482106161,182.10662824491178,17.80258262483403,13.387601914349943
fixed,solar_diode,sobol,2,72,173.9611482106161,182.10662824491178,18.058571625035256,13.568779955618083
fixed,solar_diode,sobol,2,73,173.9611482106161,182.10662824491178,18.301381750032306,13.74096303852275
fixed,solar_diode,sobol,2,74,173.9611482106161,182.10662824491178,18.545680874958634,13.912502872757614
fixed,solar_diode,sobol,2,75,173.9611482106161,182.10662824491178,18.796244374942034,14.0836638729088
fixed,solar_diode,sobol,2,76,173.9611482106161,182.10662824491178,19.043287165928632,14.256738038733602
fixed,solar_diode,sobol,2,77,173.9611482106161,182.10662824491178,19.267454916145653,14.410982205998152
fixed,solar_diode,sobol,2,78,173.9611482106161,182.10662824491178,19.51871195808053,14.588913664221764
fixed,solar_diode,sobol,2,79,173.61509347185935,182.10662824491178,19.771775375120342,14.76141383126378
fixed,solar_diode,sobol,2,80,173.61509347185935,182.10662824491178,20.110655708238482,14.998584081418812
fixed,solar_diode,sobol,2,81,173.61509347185935,182.10662824491178,20.460880250204355,15.244131206534803
fixed,solar_diode,sobol,2,82,173.61509347185935,182.10662824491178,20.785714957863092,15.460081040859222
fixed,solar_diode,sobol,2,83,173.61509347185935,182.10662824491178,21.080068957991898,15.654374040663242
fixed,solar_diode,sobol,2,84,173.61509347185935,182.10662824491178,21.34043570794165,15.830475207883865
fixed,solar_diode,sobol,2,85,173.61509347185935,182.10662824491178,21.589882915839553,16.00194974988699
fixed,solar_diode,sobol,2,86,173.61509347185935,182.10662824491178,21.8449862501584,16.17074624961242
fixed,solar_diode,sobol,2,87,173.61509347185935,182.10662824491178,22.098054207861423,16.343678415752947
fixed,solar_diode,sobol,2,88,173.61509347185935,182.10662824491178,22.329998124856502,16.503149749711156
fixed,solar_diode,sobol,2,89,173.61509347185935,182.10662824491178,22.55410150019452,16.653369791805744
fixed,solar_diode,sobol,2,90,173.61509347185935,182.10662824491178,22.793685332871974,16.81912379153073
fixed,solar_diode,sobol,2,91,173.61509347185935,182.10662824491178,23.030709040816873,16.982414333615452
fixed,solar_diode,sobol,2,92,173.61509347185935,182.10662824491178,23.26222604094073,17.139584499411285
fixed,solar_diode,sobol,2,93,173.61509347185935,182.10662824491178,23.491085375193506,17.29377458244562
fixed,solar_diode,sobol,2,94,173.61509347185935,182.10662824491178,23.73363258317113,17.455222165212035
fixed,solar_diode,sobol,2,95,173.61509347185935,182.10662824491178,24.063625750131905,17.6890313741751
fixed,solar_diode,sobol,2,96,173.61509347185935,182.10662824491178,24.479486832860857,17.93848737422377
target,hydro,random,3,1,4.5942395171664225,2.169295332362961,0.06489054206758738,0.013766500167548656
target,hydro,random,3,2,4.5942395171664225,2.169295332362961,0.10355941718444228,0.026616417337208986
target,hydro,random,3,3,3.483083559711623,2.169295332362961,0.14289599983021617,0.03936687530949712
target,hydro,random,3,4,2.694769625935649,2.169295332362961,0.1821263749152422,0.05129250045865774
target,hydro,random,3,5,2.694769625935649,2.169295332362961,0.22098387498408556,0.06338450033217669
target,hydro,random,3,6,2.694769625935649,2.169295332362961,0.2600083341822028,0.07520654238760471
target,hydro,random,3,7,2.694769625935649,2.169295332362961,0.2984152091667056,0.0869849594309926
target,hydro,random,3,8,2.694769625935649,2.169295332362961,0.33780120918527246,0.09958425117656589
target,hydro,random,3,9,2.694769625935649,2.169295332362961,0.3764003748074174,0.11138012632727623
target,hydro,random,3,10,2.694769625935649,2.169295332362961,0.41620275005698204,0.12327391793951392
target,hydro,random,3,11,2.694769625935649,2.169295332362961,0.4555137502029538,0.13524891808629036
target,hydro,random,3,12,2.694769625935649,2.169295332362961,0.4955686251632869,0.1471670842729509
target,hydro,random,3,13,2.694769625935649,2.169295332362961,0.5360056250356138,0.1590747502632439
target,hydro,random,3,14,2.694769625935649,2.169295332362961,0.576694916933775,0.17177583323791623
target,hydro,random,3,15,2.694769625935649,2.169295332362961,0.6180739589035511,0.1845506252720952
target,hydro,random,3,16,2.694769625935649,2.169295332362961,0.6627178750932217,0.19739095820114017
target,hydro,random,3,17,2.694769625935649,2.169295332362961,0.7120615420863032,0.21067283302545547
target,hydro,random,3,18,2.694769625935649,2.169295332362961,0.7598967920057476,0.22348899999633431
target,hydro,random,3,19,2.694769625935649,2.169295332362961,0.8080440000630915,0.236283500213176
target,hydro,random,3,20,2.694769625935649,2.169295332362961,0.8566095000132918,0.2497419584542513
target,hydro,random,3,21,2.694769625935649,2.169295332362961,0.9062964171171188,0.26271974947303534
target,hydro,random,3,22,2.694769625935649,2.169295332362961,0.9565193341113627,0.2763170823454857
target,hydro,random,3,23,2.694769625935649,2.169295332362961,1.0043214168399572,0.28957824828103185
target,hydro,random,3,24,2.694769625935649,2.169295332362961,1.0517830420285463,0.3019776651635766
target,hydro,random,3,25,2.694769625935649,2.169295332362961,1.100683833938092,0.31451241532340646
target,hydro,random,3,26,2.694769625935649,2.169295332362961,1.1498656668700278,0.3266797484830022
target,hydro,random,3,27,2.694769625935649,2.169295332362961,1.198721167165786,0.3400586652569473
target,hydro,random,3,28,2.694769625935649,2.169295332362961,1.2450631251558661,0.3528612479567528
target,hydro,random,3,29,2.694769625935649,2.169295332362961,1.28997095907107,0.3648542887531221
target,hydro,random,3,30,2.694769625935649,2.169295332362961,1.336087292060256,0.37772603845223784
target,hydro,random,3,31,2.694769625935649,2.169295332362961,1.383879375178367,0.3898456636816263
target,hydro,random,3,32,2.694769625935649,2.169295332362961,1.4315953748300672,0.4024208728224039
target,hydro,random,3,33,2.694769625935649,2.169295332362961,1.4784258338622749,0.41485316446051
target,hydro,random,3,34,2.694769625935649,2.169295332362961,1.524197124876082,0.42743583070114255
target,hydro,random,3,35,2.694769625935649,2.169295332362961,1.5706451670266688,0.44022691436111927
target,hydro,random,3,36,2.694769625935649,2.169295332362961,1.6168544590473175,0.4526603720150888
target,hydro,random,3,37,2.694769625935649,2.169295332362961,1.6635729167610407,0.4652629969641566
target,hydro,random,3,38,2.694769625935649,2.169295332362961,1.7112994999624789,0.4777122880332172
target,hydro,random,3,39,2.694769625935649,2.169295332362961,1.7574361669830978,0.4895473290234804
target,hydro,random,3,40,2.694769625935649,2.169295332362961,1.8068001670762897,0.5013478710316122
target,hydro,random,3,41,2.694769625935649,2.169295332362961,1.8656366667710245,0.5141100790351629
target,hydro,random,3,42,2.694769625935649,2.169295332362961,1.9135152092203498,0.5265983291901648
target,hydro,random,3,43,2.660527123805576,2.169295332362961,1.9616439999081194,0.5392045369371772
target,hydro,random,3,44,2.660527123805576,2.169295332362961,2.0104883341118693,0.5510693709366024
target,hydro,random,3,45,2.660527123805576,2.169295332362961,2.059394834097475,0.5635802457109094
target,hydro,random,3,46,2.660527123805576,2.169295332362961,2.109637042041868,0.5762732033617795
target,hydro,random,3,47,2.660527123805576,2.169295332362961,2.159209916833788,0.5880952035076916
target,hydro,random,3,48,2.660527123805576,2.169295332362961,2.2089244998060167,0.60004886938259
target,hydro,random,3,49,2.660527123805576,2.169295332362961,2.258589666802436,0.6117330770939589
target,hydro,random,3,50,2.660527123805576,2.169295332362961,2.309535624925047,0.624462285079062
target,hydro,random,3,51,2.660527123805576,2.169295332362961,2.360392708797008,0.6372422440908849
target,hydro,random,3,52,2.660527123805576,2.169295332362961,2.4118972499854863,0.6500247861258686
target,hydro,random,3,53,2.660527123805576,2.169295332362961,2.4629471669904888,0.6626478689722717
target,hydro,random,3,54,2.660527123805576,2.169295332362961,2.514049374964088,0.6752152438275516
target,hydro,random,3,55,2.660527123805576,2.169295332362961,2.566303583793342,0.6879016607999802
target,hydro,random,3,56,2.660527123805576,2.169295332362961,2.6168213337659836,0.6996403685770929
target,hydro,random,3,57,2.660527123805576,2.169295332362961,2.66819970915094,0.7115104515105486
target,hydro,random,3,58,2.660527123805576,2.169295332362961,2.720777458976954,0.7234009513631463
target,hydro,random,3,59,2.660527123805576,2.169295332362961,2.7728090840391815,0.7351245344616473
target,hydro,random,3,60,2.660527123805576,2.169295332362961,2.8275704588741064,0.7476678267121315
target,hydro,random,3,61,2.660527123805576,2.169295332362961,2.8792849997989833,0.7594959517009556
target,hydro,random,3,62,2.660527123805576,2.169295332362961,2.9309633341617882,0.7712741186842322
target,hydro,random,3,63,2.660527123805576,2.169295332362961,2.9840359170921147,0.7837971607223153
target,hydro,random,3,64,2.660527123805576,2.169295332362961,3.0369540420360863,0.7964999517425895
target,hydro,random,3,65,2.660527123805576,2.169295332362961,3.0903642498888075,0.8091250355355442
target,hydro,random,3,66,2.6462979392797252,2.169295332362961,3.1442629168741405,0.8216752014122903
target,hydro,random,3,67,2.6462979392797252,2.169295332362961,3.197920416947454,0.8336345353163779
target,hydro,random,3,68,2.6462979392797252,2.169295332362961,3.25135949999094,0.8455014103092253
target,hydro,random,3,69,2.6462979392797252,2.169295332362961,3.3045210419222713,0.8573497431352735
target,hydro,random,3,70,2.6462979392797252,2.169295332362961,3.35844162479043,0.8692368259653449
target,hydro,random,3,71,2.6462979392797252,2.169295332362961,3.438690416980535,0.8811587011441588
target,hydro,random,3,72,2.6462979392797252,2.169295332362961,3.4933463749475777,0.8930086605250835
target,hydro,random,3,73,2.6462979392797252,2.169295332362961,3.5479113338515162,0.9049895354546607
target,hydro,random,3,74,2.6462979392797252,2.169295332362961,3.602793416939676,0.9176137018948793
target,hydro,random,3,75,2.6462979392797252,2.169295332362961,3.6580862500704825,0.9294627849012613
target,hydro,random,3,76,2.6462979392797252,2.169295332362961,3.7156035001389682,0.9421270349994302
target,hydro,random,3,77,2.6462979392797252,2.169295332362961,3.7738783340901136,0.9543417850509286
target,hydro,random,3,78,2.6462979392797252,2.169295332362961,3.8386468747630715,0.9670164510607719
target,hydro,random,3,79,2.6462979392797252,2.169295332362961,3.9014151669107378,0.9792150761932135
target,hydro,random,3,80,2.6462979392797252,2.169295332362961,3.9624179587699473,0.9913214510306716
target,hydro,random,3,81,2.6462979392797252,2.169295332362961,4.026137209031731,1.0039703669026494
target,hydro,random,3,82,2.6462979392797252,2.169295332362961,4.0930487918667495,1.017450532875955
target,hydro,random,3,83,2.6462979392797252,2.169295332362961,4.160509459208697,1.0301626580767334
target,hydro,random,3,84,2.6462979392797252,2.169295332362961,4.220544749870896,1.042337741702795
target,hydro,random,3,85,2.6462979392797252,2.169295332362961,4.280642167199403,1.054613158106804
target,hydro,random,3,86,2.6462979392797252,2.169295332362961,4.340844084043056,1.0669415751472116
target,hydro,random,3,87,2.6462979392797252,2.169295332362961,4.399419541936368,1.0790512831881642
target,hydro,random,3,88,2.6462979392797252,2.169295332362961,4.457875833846629,1.0910239913500845
target,hydro,random,3,89,2.6462979392797252,2.169295332362961,4.517033416777849,1.1038976162672043
target,hydro,random,3,90,2.6462979392797252,2.169295332362961,4.5752400839701295,1.1158973663114011
target,hydro,random,3,91,2.6462979392797252,2.169295332362961,4.634831958916038,1.1285492000170052
target,hydro,random,3,92,2.6462979392797252,2.169295332362961,4.693858041893691,1.1403752001933753
target,hydro,random,3,93,2.6462979392797252,2.169295332362961,4.753175999969244,1.152291408739984
target,hydro,random,3,94,2.6462979392797252,2.169295332362961,4.812129124999046,1.1640968667343259
target,hydro,random,3,95,2.6462979392797252,2.169295332362961,4.874731000047177,1.1768243261612952
target,hydro,random,3,96,2.6462979392797252,2.169295332362961,4.939542084001005,1.1894588680006564
target,hydro,random,3,97,2.6462979392797252,2.169295332362961,5.001400041859597,1.2013231180608273
target,hydro,random,3,98,2.6462979392797252,2.169295332362961,5.061790334060788,1.2130927429534495
target,hydro,random,3,99,2.6462979392797252,2.169295332362961,5.122404917143285,1.2250906177796423
target,hydro,random,3,100,2.6462979392797252,2.169295332362961,5.18408766714856,1.2380533255636692
target,hydro,random,3,101,2.6462979392797252,2.169295332362961,5.246189209166914,1.2501872428692877
target,hydro,random,3,102,2.6462979392797252,2.169295332362961,5.308759791776538,1.262859284877777
target,hydro,random,3,103,2.6462979392797252,2.169295332362961,5.369740124791861,1.2746554096229374
target,hydro,random,3,104,2.6462979392797252,2.169295332362961,5.430774542037398,1.2864611595869064
target,hydro,random,3,105,2.6462979392797252,2.169295332362961,5.4930124171078205,1.29847099352628
target,hydro,random,3,106,2.6462979392797252,2.169295332362961,5.580538958776742,1.3110352857038379
target,hydro,random,3,107,2.6462979392797252,2.169295332362961,5.644065374974161,1.3225413686595857
target,hydro,random,3,108,2.6462979392797252,2.169295332362961,5.707762708887458,1.335095826536417
target,hydro,random,3,109,2.6462979392797252,2.169295332362961,5.771625000052154,1.347914035897702
target,hydro,random,3,110,2.6462979392797252,2.169295332362961,5.844152625184506,1.3596769515424967
target,hydro,random,3,111,2.6462979392797252,2.169295332362961,5.9078901670873165,1.3716167015954852
target,hydro,random,3,112,2.6462979392797252,2.169295332362961,5.971978500019759,1.3842740766704082
target,hydro,random,3,113,2.6462979392797252,2.169295332362961,6.035440499894321,1.3961905767209828
target,hydro,random,3,114,2.6462979392797252,2.169295332362961,6.099370624870062,1.407976910006255
target,hydro,random,3,115,2.6462979392797252,2.169295332362961,6.16506200004369,1.4206332005560398
target,hydro,random,3,116,2.6462979392797252,2.169295332362961,6.230166375171393,1.4326943256892264
target,hydro,random,3,117,2.6462979392797252,2.169295332362961,6.300885249860585,1.4459758675657213
target,hydro,random,3,118,2.6462979392797252,2.169295332362961,6.370813333895057,1.4584918678738177
target,hydro,random,3,119,2.6462979392797252,2.169295332362961,6.443144124932587,1.4710200759582222
target,hydro,random,3,120,2.6462979392797252,2.169295332362961,6.517598916776478,1.4847973678261042
target,hydro,random,3,121,2.6462979392797252,2.169295332362961,6.595256084110588,1.497207076754421
target,hydro,random,3,122,2.6462979392797252,2.169295332362961,6.681188667193055,1.5135050765238702
target,hydro,random,3,123,2.6462979392797252,2.169295332362961,6.764486624859273,1.5267699933610857
target,hydro,random,3,124,2.6462979392797252,2.169295332362961,6.845259209163487,1.5405310774222016
target,hydro,random,3,125,2.6462979392797252,2.169295332362961,6.923741667065769,1.5542030772194266
target,hydro,random,3,126,2.6462979392797252,2.169295332362961,7.001824792008847,1.5679759103804827
target,hydro,random,3,127,2.6462979392797252,2.169295332362961,7.10181154217571,1.580386660527438
target,hydro,random,3,128,2.6462979392797252,2.169295332362961,7.173706584144384,1.5924469102174044
target,hydro,random,3,129,2.6462979392797252,2.169295332362961,7.245805750135332,1.605647285003215
target,hydro,random,3,130,2.6462979392797252,2.169295332362961,7.3370680417865515,1.6230286192148924
target,hydro,random,3,131,2.3331049296126465,2.169295332362961,7.414512834046036,1.6369967865757644
target,hydro,random,3,132,2.3331049296126465,2.169295332362961,7.490125291980803,1.6499961204826832
target,hydro,random,3,133,2.3331049296126465,2.169295332362961,7.565290458966047,1.662865411490202
target,hydro,random,3,134,2.3331049296126465,2.169295332362961,7.661282499786466,1.6762585365213454
target,hydro,random,3,135,2.3331049296126465,2.169295332362961,7.81738212518394,1.6902317027561367
target,hydro,random,3,136,2.3331049296126465,2.169295332362961,7.973420124966651,1.7221972444094718
target,hydro,random,3,137,2.3331049296126465,2.169295332362961,8.084375250153244,1.742160452529788
target,hydro,random,3,138,2.3331049296126465,2.169295332362961,8.187534084077924,1.7574023273773491
target,hydro,random,3,139,2.3331049296126465,2.169295332362961,8.294714416842908,1.7739649103023112
target,hydro,random,3,140,2.3331049296126465,2.169295332362961,8.389282166957855,1.789976160041988
target,hydro,random,3,141,2.3331049296126465,2.169295332362961,8.481496999971569,1.8049879930913448
target,hydro,random,3,142,2.3331049296126465,2.169295332362961,8.602478334214538,1.8194325771182775
target,hydro,random,3,143,2.3331049296126465,2.169295332362961,8.691058416850865,1.834269910119474
target,hydro,random,3,144,2.3331049296126465,2.169295332362961,8.784683541860431,1.8492532428354025
target,hydro,random,3,145,2.3331049296126465,2.169295332362961,8.875196792185307,1.8651996585540473
target,hydro,random,3,146,2.3331049296126465,2.169295332362961,8.959904208779335,1.8790383669547737
target,hydro,random,3,147,2.3331049296126465,2.169295332362961,9.046143041923642,1.894075158983469
target,hydro,random,3,148,2.3331049296126465,2.169295332362961,9.130549834109843,1.9088443261571229
target,hydro,random,3,149,2.3331049296126465,2.169295332362961,9.215478625148535,1.92283095093444
target,hydro,random,3,150,2.3331049296126465,2.169295332362961,9.303208875004202,1.9377777418121696
target,hydro,random,3,151,2.3331049296126465,2.169295332362961,9.386256209108979,1.9512223666533828
target,hydro,random,3,152,2.3331049296126465,2.169295332362961,9.468414959032089,1.9644841589033604
target,hydro,random,3,153,2.3331049296126465,2.169295332362961,9.550258459057659,1.9777659508399665
target,hydro,random,3,154,2.3331049296126465,2.169295332362961,9.63300016708672,1.9917315756902099
target,hydro,random,3,155,2.3331049296126465,2.169295332362961,9.74374174978584,2.0050155334174633
target,hydro,random,3,156,2.3331049296126465,2.169295332362961,9.826927749905735,2.0181506583467126
target,hydro,random,3,157,2.3331049296126465,2.169295332362961,9.909579958766699,2.0313463252969086
target,hydro,random,3,158,2.3331049296126465,2.169295332362961,9.99318883381784,2.0446330346167088
target,hydro,random,3,159,2.3331049296126465,2.169295332362961,10.077107625082135,2.0587466177530587
target,hydro,random,3,160,2.3331049296126465,2.169295332362961,10.162406125105917,2.0731565337628126
target,hydro,random,3,161,2.1470511060312574,2.169295332362961,10.247146625071764,2.087547574657947
target,hydro,sobol,3,1,7.121294727159263,2.169295332362961,0.07668616715818644,0.014377374667674303
target,hydro,sobol,3,2,6.4857159730483716,2.169295332362961,0.11784637533128262,0.027482582721859217
target,hydro,sobol,3,3,6.4857159730483716,2.169295332362961,0.1598537089303136,0.04037904180586338
target,hydro,sobol,3,4,4.300538022505931,2.169295332362961,0.20317212492227554,0.05412591667845845
target,hydro,sobol,3,5,4.300538022505931,2.169295332362961,0.24614933412522078,0.06792787462472916
target,hydro,sobol,3,6,4.300538022505931,2.169295332362961,0.28883904218673706,0.0810896665789187
target,hydro,sobol,3,7,2.8152916266641634,2.169295332362961,0.33133750036358833,0.09396374970674515
target,hydro,sobol,3,8,2.8152916266641634,2.169295332362961,0.37559995893388987,0.10812458395957947
target,hydro,sobol,3,9,2.5574830523815515,2.169295332362961,0.42019445914775133,0.12196495896205306
target,hydro,sobol,3,10,2.5574830523815515,2.169295332362961,0.4645142499357462,0.1350188758224249
target,hydro,sobol,3,11,2.5574830523815515,2.169295332362961,0.507989542093128,0.14791066711768508
target,hydro,sobol,3,12,2.5574830523815515,2.169295332362961,0.5538369999267161,0.16166620794683695
target,hydro,sobol,3,13,2.5574830523815515,2.169295332362961,0.5994022092781961,0.1755585828796029
target,hydro,sobol,3,14,2.5574830523815515,2.169295332362961,0.6439179172739387,0.18840724881738424
target,hydro,sobol,3,15,2.5574830523815515,2.169295332362961,0.6897997502237558,0.20164874894544482
target,hydro,sobol,3,16,2.5574830523815515,2.169295332362961,0.7358031249605119,0.21548816515132785
target,hydro,sobol,3,17,2.5574830523815515,2.169295332362961,0.7819197499193251,0.2292568739503622
target,hydro,sobol,3,18,2.5574830523815515,2.169295332362961,0.8276273752562702,0.24218524852767587
target,hydro,sobol,3,19,2.5574830523815515,2.169295332362961,0.8738730419427156,0.25522145722061396
target,hydro,sobol,3,20,2.5574830523815515,2.169295332362961,0.9324969169683754,0.26910570729523897
target,hydro,sobol,3,21,2.5574830523815515,2.169295332362961,0.9799906252883375,0.2828907072544098
target,hydro,sobol,3,22,2.5574830523815515,2.169295332362961,1.0267020002938807,0.2957252482883632
target,hydro,sobol,3,23,2.5574830523815515,2.169295332362961,1.073950958903879,0.3082946231588721
target,hydro,sobol,3,24,2.5574830523815515,2.169295332362961,1.128807249944657,0.3278818312101066
target,hydro,sobol,3,25,2.5574830523815515,2.169295332362961,1.179800875019282,0.34142403956502676
target,hydro,sobol,3,26,2.5574830523815515,2.169295332362961,1.2273836671374738,0.3539723316207528
target,hydro,sobol,3,27,2.5574830523815515,2.169295332362961,1.2742677093483508,0.36621170677244663
target,hydro,sobol,3,28,2.5574830523815515,2.169295332362961,1.3211320000700653,0.37927441485226154
target,hydro,sobol,3,29,2.5574830523815515,2.169295332362961,1.367232917342335,0.3920722478069365
target,hydro,sobol,3,30,2.5574830523815515,2.169295332362961,1.413836959283799,0.4042677478864789
target,hydro,sobol,3,31,2.5574830523815515,2.169295332362961,1.4609840419143438,0.41657458106055856
target,hydro,sobol,3,32,2.5574830523815515,2.169295332362961,1.5110706249251962,0.4297323729842901
target,hydro,sobol,3,33,2.5574830523815515,2.169295332362961,1.5595301249995828,0.4427877073176205
target,hydro,sobol,3,34,2.5574830523815515,2.169295332362961,1.6079121250659227,0.4549149153754115
target,hydro,sobol,3,35,2.5574830523815515,2.169295332362961,1.65808687498793,0.46723399916663766
target,hydro,sobol,3,36,2.5574830523815515,2.169295332362961,1.7072157920338213,0.4801728739403188
target,hydro,sobol,3,37,2.5574830523815515,2.169295332362961,1.7565050423145294,0.49324003979563713
target,hydro,sobol,3,38,2.5574830523815515,2.169295332362961,1.805725334212184,0.5052836649119854
target,hydro,sobol,3,39,2.5574830523815515,2.169295332362961,1.8545197090134025,0.5175648741424084
target,hydro,sobol,3,40,2.5574830523815515,2.169295332362961,1.9048867500387132,0.5306918742135167
target,hydro,sobol,3,41,2.5574830523815515,2.169295332362961,1.9570967499166727,0.5439457069151103
target,hydro,sobol,3,42,2.5574830523815515,2.169295332362961,2.0064536673016846,0.556059748865664
target,hydro,sobol,3,43,2.5574830523815515,2.169295332362961,2.0561047922819853,0.5682139145210385
target,hydro,sobol,3,44,2.5574830523815515,2.169295332362961,2.106125125195831,0.5811517471447587
target,hydro,sobol,3,45,2.4373551567681786,2.169295332362961,2.155638583935797,0.5939386640675366
target,hydro,sobol,3,46,2.4373551567681786,2.169295332362961,2.2052985839545727,0.6059143720194697
target,hydro,sobol,3,47,2.4373551567681786,2.169295332362961,2.255321375094354,0.617835579905659
target,hydro,sobol,3,48,2.4373551567681786,2.169295332362961,2.306249459274113,0.6305542467162013
target,hydro,sobol,3,49,2.4373551567681786,2.169295332362961,2.3576739593409,0.6432686634361744
target,hydro,sobol,3,50,2.4373551567681786,2.169295332362961,2.4087014589458704,0.655405122321099
target,hydro,sobol,3,51,2.4373551567681786,2.169295332362961,2.460310624912381,0.6675904556177557
target,hydro,sobol,3,52,2.4373551567681786,2.169295332362961,2.5121877919882536,0.6801884975284338
target,hydro,sobol,3,53,2.4373551567681786,2.169295332362961,2.5653403750620782,0.6930968728847802
target,hydro,sobol,3,54,2.4373551567681786,2.169295332362961,2.616543459240347,0.705117039848119
target,hydro,sobol,3,55,2.4373551567681786,2.169295332362961,2.668452375102788,0.7170614991337061
target,hydro,sobol,3,56,2.4373551567681786,2.169295332362961,2.721938041970134,0.7298904149793088
target,hydro,sobol,3,57,2.4373551567681786,2.169295332362961,2.7745312503539026,0.7425485807470977
target,hydro,sobol,3,58,2.4373551567681786,2.169295332362961,2.826794875320047,0.7545718727633357
target,hydro,sobol,3,59,2.4373551567681786,2.169295332362961,2.8801616253331304,0.7666915394365788
target,hydro,sobol,3,60,2.4373551567681786,2.169295332362961,2.934797584079206,0.7795514985918999
target,hydro,sobol,3,61,2.4373551567681786,2.169295332362961,2.9884493751451373,0.7921358328312635
target,hydro,sobol,3,62,2.4373551567681786,2.169295332362961,3.044337416999042,0.804301249794662
target,hydro,sobol,3,63,2.4373551567681786,2.169295332362961,3.098642334342003,0.8163033751770854
target,hydro,sobol,3,64,2.4373551567681786,2.169295332362961,3.153277291916311,0.8291392084211111
target,hydro,sobol,3,65,2.4373551567681786,2.169295332362961,3.2079007499851286,0.8419128754176199
target,hydro,sobol,3,66,2.4373551567681786,2.169295332362961,3.261724625248462,0.8538183751516044
target,hydro,sobol,3,67,2.4373551567681786,2.169295332362961,3.315945334266871,0.8657370409928262
target,hydro,sobol,3,68,2.4373551567681786,2.169295332362961,3.3714318750426173,0.8783779991790652
target,hydro,sobol,3,69,2.4373551567681786,2.169295332362961,3.4287636671215296,0.8911964572034776
target,hydro,sobol,3,70,2.4373551567681786,2.169295332362961,3.4856614591553807,0.9035148741677403
target,hydro,sobol,3,71,2.4373551567681786,2.169295332362961,3.5412752092815936,0.915326707996428
target,hydro,sobol,3,72,2.4373551567681786,2.169295332362961,3.599408417008817,0.928284415975213
target,hydro,sobol,3,73,2.4373551567681786,2.169295332362961,3.6564770420081913,0.9409844158217311
target,hydro,sobol,3,74,2.4373551567681786,2.169295332362961,3.7142908750101924,0.9530049986205995
target,hydro,sobol,3,75,2.4373551567681786,2.169295332362961,3.771292000077665,0.9648288735188544
target,hydro,sobol,3,76,2.4373551567681786,2.169295332362961,3.858055000193417,0.9774805814959109
target,hydro,sobol,3,77,2.4373551567681786,2.169295332362961,3.9172894591465592,0.9904933734796941
target,hydro,sobol,3,78,2.4373551567681786,2.169295332362961,3.9751772503368556,1.0025565824471414
target,hydro,sobol,3,79,2.4373551567681786,2.169295332362961,4.033888500183821,1.0147610404528677
target,hydro,sobol,3,80,2.4373551567681786,2.169295332362961,4.092414709273726,1.0275712073780596
target,hydro,sobol,3,81,2.4373551567681786,2.169295332362961,4.151552000083029,1.0404773321934044
target,hydro,sobol,3,82,2.4373551567681786,2.169295332362961,4.209859583992511,1.0525068324059248
target,hydro,sobol,3,83,2.354346018691443,2.169295332362961,4.268230667337775,1.0644920403137803
target,hydro,sobol,3,84,2.354346018691443,2.169295332362961,4.327490292023867,1.0773272076621652
target,hydro,sobol,3,85,2.354346018691443,2.169295332362961,4.386964208912104,1.090245749335736
target,hydro,sobol,3,86,2.354346018691443,2.169295332362961,4.446578875184059,1.1022862493991852
target,hydro,sobol,3,87,2.354346018691443,2.169295332362961,4.50586795900017,1.1142429993487895
target,hydro,sobol,3,88,2.354346018691443,2.169295332362961,4.566873583942652,1.1270980411209166
target,hydro,sobol,3,89,2.354346018691443,2.169295332362961,4.627232416998595,1.1398575832135975
target,hydro,sobol,3,90,2.354346018691443,2.169295332362961,4.686964417342097,1.1520071672275662
target,hydro,sobol,3,91,2.354346018691443,2.169295332362961,4.747132709249854,1.1639679581858218
target,hydro,sobol,3,92,2.354346018691443,2.169295332362961,4.807670959271491,1.1767395832575858
target,hydro,sobol,3,93,2.354346018691443,2.169295332362961,4.869463167153299,1.189547958318144
target,hydro,sobol,3,94,2.354346018691443,2.169295332362961,4.930764042306691,1.2014797502197325
target,hydro,sobol,3,95,2.354346018691443,2.169295332362961,4.991896792314947,1.2134788329713047
target,hydro,sobol,3,96,2.354346018691443,2.169295332362961,5.054987542331219,1.2262759157456458
target,hydro,sobol,3,97,2.354346018691443,2.169295332362961,5.116735375020653,1.2389450408518314
target,hydro,sobol,3,98,2.354346018691443,2.169295332362961,5.179169584065676,1.2511723740026355
target,hydro,sobol,3,99,2.354346018691443,2.169295332362961,5.241239709313959,1.2631943332962692
target,hydro,sobol,3,100,2.354346018691443,2.169295332362961,5.3032123749144375,1.2758955000899732
target,hydro,sobol,3,101,2.354346018691443,2.169295332362961,5.366470042150468,1.2885787500999868
target,hydro,sobol,3,102,2.354346018691443,2.169295332362961,5.429262250196189,1.3005462498404086
target,hydro,sobol,3,103,2.354346018691443,2.169295332362961,5.491811791900545,1.31253149965778
target,hydro,sobol,3,104,2.354346018691443,2.169295332362961,5.556863292120397,1.3252491657622159
target,hydro,sobol,3,105,2.354346018691443,2.169295332362961,5.620895124971867,1.337965248618275
target,hydro,sobol,3,106,2.354346018691443,2.169295332362961,5.683259041979909,1.3498298740014434
target,hydro,sobol,3,107,2.354346018691443,2.169295332362961,5.746982667129487,1.361879874020815
target,hydro,sobol,3,108,2.354346018691443,2.169295332362961,5.81125754211098,1.3745874157175422
target,hydro,sobol,3,109,2.354346018691443,2.169295332362961,5.8760879170149565,1.3870984157547355
target,hydro,sobol,3,110,2.354346018691443,2.169295332362961,5.941179542336613,1.3990031657740474
target,hydro,sobol,3,111,2.354346018691443,2.169295332362961,6.032299750018865,1.410807583015412
target,hydro,sobol,3,112,2.354346018691443,2.169295332362961,6.0985102923586965,1.4236547499895096
target,hydro,sobol,3,113,2.354346018691443,2.169295332362961,6.164788750000298,1.4363564159721136
target,hydro,sobol,3,114,2.354346018691443,2.169295332362961,6.230497000273317,1.4482371658086777
target,hydro,sobol,3,115,2.354346018691443,2.169295332362961,6.296106917317957,1.4601391656324267
target,hydro,sobol,3,116,2.354346018691443,2.169295332362961,6.362756375223398,1.472906873561442
target,hydro,sobol,3,117,2.354346018691443,2.169295332362961,6.4301521251909435,1.4856590814888477
target,hydro,sobol,3,118,2.354346018691443,2.169295332362961,6.496297792065889,1.497477373573929
target,hydro,sobol,3,119,2.354346018691443,2.169295332362961,6.563132792245597,1.5093558328226209
target,hydro,sobol,3,120,2.354346018691443,2.169295332362961,6.630459208972752,1.5221574157476425
target,hydro,sobol,3,121,2.354346018691443,2.169295332362961,6.698253000155091,1.5346279158256948
target,hydro,sobol,3,122,2.354346018691443,2.169295332362961,6.765474959276617,1.5467040408402681
target,hydro,sobol,3,123,2.354346018691443,2.169295332362961,6.833004292100668,1.5585827492177486
target,hydro,sobol,3,124,2.354346018691443,2.169295332362961,6.90191858401522,1.5713937492109835
target,hydro,sobol,3,125,2.354346018691443,2.169295332362961,6.971098584122956,1.5844865823164582
target,hydro,sobol,3,126,2.354346018691443,2.169295332362961,7.038452500011772,1.5964452074840665
target,hydro,sobol,3,127,2.354346018691443,2.169295332362961,7.106213374994695,1.6082914150319993
target,hydro,sobol,3,128,2.354346018691443,2.169295332362961,7.17498795920983,1.6207627062685788
target,hydro,sobol,3,129,2.354346018691443,2.169295332362961,7.2699637920595706,1.6336254980415106
target,hydro,sobol,3,130,2.354346018691443,2.169295332362961,7.339215666987002,1.645291040185839
target,hydro,sobol,3,131,2.354346018691443,2.169295332362961,7.408721667248756,1.6574084982275963
target,hydro,sobol,3,132,2.354346018691443,2.169295332362961,7.479682208970189,1.67047233087942
target,hydro,sobol,3,133,2.1594096362053903,2.169295332362961,7.549888625275344,1.6828602897003293
target,hydro,bo,3,1,7.121294727159263,2.169295332362961,0.7454822501167655,0.014606500044465065
target,hydro,bo,3,2,6.4857159730483716,2.169295332362961,0.8299128329381347,0.05259429197758436
target,hydro,bo,3,3,6.4857159730483716,2.169295332362961,0.8918117913417518,0.0694283340126276
target,hydro,bo,3,4,4.300538022505931,2.169295332362961,0.9697689581662416,0.10281600011512637
target,hydro,bo,3,5,2.915973395588265,2.169295332362961,1.5573960831388831,0.1275467504747212
target,hydro,bo,3,6,2.0659955546313915,2.169295332362961,1.6453245002776384,0.14291208423674107
target,hydro,sobol,4,1,12.990668782339883,2.169295332362961,0.26535229198634624,0.038671249989420176
target,hydro,sobol,4,2,4.462677843124616,2.169295332362961,0.4290853329002857,0.08695012470707297
target,hydro,sobol,4,3,4.462677843124616,2.169295332362961,0.49366045789793134,0.10777345765382051
target,hydro,sobol,4,4,4.412699030641942,2.169295332362961,0.5444252919405699,0.12210362451151013
target,hydro,sobol,4,5,3.4185754529063783,2.169295332362961,0.5944264167919755,0.1363121666945517
target,hydro,sobol,4,6,3.4185754529063783,2.169295332362961,0.6445437916554511,0.1499594165943563
target,hydro,sobol,4,7,3.4185754529063783,2.169295332362961,0.6958605828694999,0.16348129184916615
target,hydro,sobol,4,8,3.4185754529063783,2.169295332362961,0.7469336246140301,0.1780672506429255
target,hydro,sobol,4,9,3.4185754529063783,2.169295332362961,0.7980540418066084,0.19266966683790088
target,hydro,sobol,4,10,3.4185754529063783,2.169295332362961,0.8476511249318719,0.20590795762836933
target,hydro,sobol,4,11,3.4185754529063783,2.169295332362961,0.8986184997484088,0.21932037454098463
target,hydro,sobol,4,12,3.4185754529063783,2.169295332362961,0.9494487079791725,0.2334879576228559
target,hydro,sobol,4,13,3.4185754529063783,2.169295332362961,1.00082179158926,0.2478929995559156
target,hydro,sobol,4,14,3.4185754529063783,2.169295332362961,1.0524424999020994,0.2614148329012096
target,hydro,sobol,4,15,3.4185754529063783,2.169295332362961,1.103880999609828,0.274724748916924
target,hydro,sobol,4,16,3.0413469711015395,2.169295332362961,1.1573883327655494,0.2890731650404632
target,hydro,sobol,4,17,3.0413469711015395,2.169295332362961,1.2095822496339679,0.3032756242901087
target,hydro,sobol,4,18,3.0413469711015395,2.169295332362961,1.2617948749102652,0.316838457249105
target,hydro,sobol,4,19,3.0413469711015395,2.169295332362961,1.3136212918907404,0.330186665058136
target,hydro,sobol,4,20,2.298887175851291,2.169295332362961,1.3665184578858316,0.34433849807828665
target,hydro,sobol,4,21,2.298887175851291,2.169295332362961,1.421263249590993,0.35865412279963493
target,hydro,sobol,4,22,2.298887175851291,2.169295332362961,1.4761509578675032,0.37270908104255795
target,hydro,sobol,4,23,2.298887175851291,2.169295332362961,1.5317563749849796,0.3869369560852647
target,hydro,sobol,4,24,2.298887175851291,2.169295332362961,1.589146832935512,0.40205512195825577
target,hydro,sobol,4,25,2.298887175851291,2.169295332362961,1.6479622079059482,0.41716028889641166
target,hydro,sobol,4,26,2.298887175851291,2.169295332362961,1.7033576248213649,0.4311814554966986
target,hydro,sobol,4,27,2.298887175851291,2.169295332362961,1.7619522917084396,0.44510524719953537
target,hydro,sobol,4,28,2.298887175851291,2.169295332362961,1.824945000000298,0.46021766448393464
target,hydro,sobol,4,29,2.298887175851291,2.169295332362961,1.8831417076289654,0.47479233192279935
target,hydro,sobol,4,30,2.298887175851291,2.169295332362961,1.9402990825474262,0.488641832023859
target,hydro,sobol,4,31,2.298887175851291,2.169295332362961,1.9950334578752518,0.5020158323459327
target,hydro,sobol,4,32,2.298887175851291,2.169295332362961,2.055914791766554,0.5162314577028155
target,hydro,sobol,4,33,2.298887175851291,2.169295332362961,2.1130450419150293,0.5299827074632049
target,hydro,sobol,4,34,2.298887175851291,2.169295332362961,2.1680857916362584,0.5432933745905757
target,hydro,sobol,4,35,2.298887175851291,2.169295332362961,2.2231673328205943,0.5563331246376038
target,hydro,sobol,4,36,2.298887175851291,2.169295332362961,2.2796612079255283,0.570658499840647
target,hydro,sobol,4,37,2.298887175851291,2.169295332362961,2.3358300826512277,0.5847317078150809
target,hydro,sobol,4,38,2.298887175851291,2.169295332362961,2.3914034166373312,0.5980869154445827
target,hydro,sobol,4,39,2.298887175851291,2.169295332362961,2.4473146246746182,0.6113081234507263
target,hydro,sobol,4,40,2.298887175851291,2.169295332362961,2.503919582813978,0.6254967064596713
target,hydro,sobol,4,41,2.298887175851291,2.169295332362961,2.5612234165892005,0.6396762896329165
target,hydro,sobol,4,42,2.298887175851291,2.169295332362961,2.618327457923442,0.6527442894876003
target,hydro,sobol,4,43,2.298887175851291,2.169295332362961,2.6770350825972855,0.6658524982631207
target,hydro,sobol,4,44,2.298887175851291,2.169295332362961,2.7367675825953484,0.6805379563011229
target,hydro,sobol,4,45,2.298887175851291,2.169295332362961,2.796184957958758,0.6948169562965631
target,hydro,sobol,4,46,2.298887175851291,2.169295332362961,2.854764749761671,0.7080570813268423
target,hydro,sobol,4,47,2.298887175851291,2.169295332362961,2.913200582843274,0.7213745811022818
target,hydro,sobol,4,48,2.298887175851291,2.169295332362961,2.973407707642764,0.7357317470014095
target,hydro,sobol,4,49,2.298887175851291,2.169295332362961,3.032841957639903,0.7498145797289908
target,hydro,sobol,4,50,2.298887175851291,2.169295332362961,3.099908582866192,0.7633557468652725
target,hydro,sobol,4,51,2.298887175851291,2.169295332362961,3.1659058327786624,0.7788361222483218
target,hydro,sobol,4,52,2.298887175851291,2.169295332362961,3.2313784579746425,0.7931198719888926
target,hydro,sobol,4,53,2.298887175851291,2.169295332362961,3.2975692078471184,0.8075464968569577
target,hydro,sobol,4,54,2.298887175851291,2.169295332362961,3.363747707568109,0.821280287578702
target,hydro,sobol,4,55,2.298887175851291,2.169295332362961,3.4321957495994866,0.8353560795076191
target,hydro,sobol,4,56,2.298887175851291,2.169295332362961,3.4958955417387187,0.8497891626320779
target,hydro,sobol,4,57,2.298887175851291,2.169295332362961,3.559235541615635,0.8639846625737846
target,hydro,sobol,4,58,2.298887175851291,2.169295332362961,3.6203893329948187,0.8773199548013508
target,hydro,sobol,4,59,2.298887175851291,2.169295332362961,3.682181791868061,0.8906952044926584
target,hydro,sobol,4,60,2.298887175851291,2.169295332362961,3.7447833749465644,0.9048372874967754
target,hydro,sobol,4,61,2.298887175851291,2.169295332362961,3.8069971669465303,0.9191340375691652
target,hydro,sobol,4,62,2.298887175851291,2.169295332362961,3.868191291578114,0.9323431625962257
target,hydro,sobol,4,63,2.298887175851291,2.169295332362961,3.930348416790366,0.9456185377202928
target,hydro,sobol,4,64,2.298887175851291,2.169295332362961,3.9938730825670063,0.9595346627756953
target,hydro,sobol,4,65,2.298887175851291,2.169295332362961,4.057415791787207,0.9736733296886086
target,hydro,sobol,4,66,2.298887175851291,2.169295332362961,4.120832541957498,0.9870143295265734
target,hydro,sobol,4,67,2.298887175851291,2.169295332362961,4.187045999802649,1.0002454966306686
target,hydro,sobol,4,68,2.298887175851291,2.169295332362961,4.256802166812122,1.0145997465588152
target,hydro,sobol,4,69,2.298887175851291,2.169295332362961,4.32750583300367,1.0292148292064667
target,hydro,sobol,4,70,2.298887175851291,2.169295332362961,4.398005707655102,1.0427015372551978
target,hydro,sobol,4,71,2.298887175851291,2.169295332362961,4.469281874597073,1.0561191202141345
target,hydro,sobol,4,72,2.298887175851291,2.169295332362961,4.542251582723111,1.0709378700703382
target,hydro,sobol,4,73,2.298887175851291,2.169295332362961,4.615297666750848,1.0856730369850993
target,hydro,sobol,4,74,2.298887175851291,2.169295332362961,4.6870120000094175,1.0994201200082898
target,hydro,sobol,4,75,2.298887175851291,2.169295332362961,4.757535291835666,1.1126532866619527
target,hydro,sobol,4,76,2.298887175851291,2.169295332362961,4.830604541581124,1.1274181618355215
target,hydro,sobol,4,77,2.298887175851291,2.169295332362961,4.902002124581486,1.1418791194446385
target,hydro,sobol,4,78,2.298887175851291,2.169295332362961,4.974467624910176,1.1551276613026857
target,hydro,sobol,4,79,2.298887175851291,2.169295332362961,5.047424957621843,1.1690917862579226
target,hydro,sobol,4,80,2.298887175851291,2.169295332362961,5.121181541588157,1.183838744647801
target,hydro,sobol,4,81,2.298887175851291,2.169295332362961,5.194425374735147,1.1986245773732662
target,hydro,sobol,4,82,2.298887175851291,2.169295332362961,5.264162249863148,1.2122226194478571
target,hydro,sobol,4,83,2.298887175851291,2.169295332362961,5.334813624620438,1.225858410820365
target,hydro,sobol,4,84,2.298887175851291,2.169295332362961,5.405822666827589,1.2404001606628299
target,hydro,sobol,4,85,2.298887175851291,2.169295332362961,5.475488499738276,1.2544923280365765
target,hydro,sobol,4,86,2.298887175851291,2.169295332362961,5.543800082989037,1.267626994755119
target,hydro,sobol,4,87,2.298887175851291,2.169295332362961,5.611919707618654,1.2808230356313288
target,hydro,sobol,4,88,2.298887175851291,2.169295332362961,5.680569374933839,1.294697619508952
target,hydro,sobol,4,89,2.298887175851291,2.169295332362961,5.74973704200238,1.3089073691517115
target,hydro,sobol,4,90,2.298887175851291,2.169295332362961,5.81886366661638,1.3222444942221045
target,hydro,sobol,4,91,2.298887175851291,2.169295332362961,5.888036832679063,1.335487702395767
target,hydro,sobol,4,92,2.298887175851291,2.169295332362961,5.958360374905169,1.349518452771008
target,hydro,sobol,4,93,2.298887175851291,2.169295332362961,6.028324082959443,1.363609077874571
target,hydro,sobol,4,94,2.298887175851291,2.169295332362961,6.0972964996472,1.3767544529400766
target,hydro,sobol,4,95,2.298887175851291,2.169295332362961,6.166940416675061,1.3900628280825913
target,hydro,sobol,4,96,2.298887175851291,2.169295332362961,6.237787832971662,1.4039794942364097
target,hydro,sobol,4,97,2.298887175851291,2.169295332362961,6.310031707864255,1.4180067861452699
target,hydro,sobol,4,98,2.298887175851291,2.169295332362961,6.383733041584492,1.4313139519654214
target,hydro,sobol,4,99,2.298887175851291,2.169295332362961,6.454465166665614,1.4443037426099181
target,hydro,sobol,4,100,2.298887175851291,2.169295332362961,6.52780787460506,1.4584091594442725
target,hydro,sobol,4,101,2.298887175851291,2.169295332362961,6.601968874689192,1.4726435346528888
target,hydro,sobol,4,102,2.298887175851291,2.169295332362961,6.729329457972199,1.4856891189701855
target,hydro,sobol,4,103,2.298887175851291,2.169295332362961,6.80274449987337,1.498830660711974
target,hydro,sobol,4,104,2.298887175851291,2.169295332362961,6.875683124642819,1.5132373268716037
target,hydro,sobol,4,105,2.298887175851291,2.169295332362961,6.95075154164806,1.527250035200268
target,hydro,sobol,4,106,2.298887175851291,2.169295332362961,7.026296166703105,1.5404719929210842
target,hydro,sobol,4,107,2.298887175851291,2.169295332362961,7.0992750828154385,1.553523909766227
target,hydro,sobol,4,108,2.298887175851291,2.169295332362961,7.179550832603127,1.5676842429675162
target,hydro,sobol,4,109,2.298887175851291,2.169295332362961,7.262835499830544,1.5823924927972257
target,hydro,sobol,4,110,2.298887175851291,2.169295332362961,7.3428199999034405,1.5960925347171724
target,hydro,sobol,4,111,2.298887175851291,2.169295332362961,7.424169499892741,1.6099930768832564
target,hydro,sobol,4,112,2.298887175851291,2.169295332362961,7.507413041777909,1.6247277441434562
target,hydro,sobol,4,113,2.298887175851291,2.169295332362961,7.585491832811385,1.639000910334289
target,hydro,sobol,4,114,2.298887175851291,2.169295332362961,7.6627645418047905,1.652355993166566
target,hydro,sobol,4,115,2.298887175851291,2.169295332362961,7.755705874878913,1.666017868090421
target,hydro,sobol,4,116,2.298887175851291,2.169295332362961,8.159794791601598,1.8800941184163094
target,hydro,sobol,4,117,2.298887175851291,2.169295332362961,8.352656957693398,1.9232491184957325
target,hydro,sobol,4,118,2.298887175851291,2.169295332362961,8.45387770794332,1.9464623262174428
target,hydro,sobol,4,119,2.298887175851291,2.169295332362961,8.533208874985576,1.960250826086849
target,hydro,sobol,4,120,2.298887175851291,2.169295332362961,8.614765416830778,1.9748927429318428
target,hydro,sobol,4,121,2.298887175851291,2.169295332362961,8.694712666794658,1.9894685768522322
target,hydro,sobol,4,122,2.298887175851291,2.169295332362961,8.772909124847502,2.003228993155062
target,hydro,sobol,4,123,2.298887175851291,2.169295332362961,8.850782541558146,2.016792743001133
target,hydro,sobol,4,124,2.298887175851291,2.169295332362961,8.930422374978662,2.0314343268983066
target,hydro,sobol,4,125,2.298887175851291,2.169295332362961,9.009746166877449,2.0457242438569665
target,hydro,sobol,4,126,2.298887175851291,2.169295332362961,9.08949604164809,2.059363243635744
target,hydro,sobol,4,127,2.298887175851291,2.169295332362961,9.169652207754552,2.0730577018111944
target,hydro,sobol,4,128,2.298887175851291,2.169295332362961,9.252065166831017,2.0874951179139316
target,hydro,sobol,4,129,2.298887175851291,2.169295332362961,9.332914041820914,2.1021559927612543
target,hydro,sobol,4,130,2.298887175851291,2.169295332362961,9.409601832740009,2.115059785079211
target,hydro,sobol,4,131,2.298887175851291,2.169295332362961,9.486607124563307,2.128134827129543
target,hydro,sobol,4,132,2.298887175851291,2.169295332362961,9.563912541605532,2.141932077240199
target,hydro,sobol,4,133,2.298887175851291,2.169295332362961,9.641302582807839,2.155657285358757
target,hydro,sobol,4,134,2.298887175851291,2.169295332362961,9.718851499725133,2.168591202236712
target,hydro,sobol,4,135,2.298887175851291,2.169295332362961,9.79647016664967,2.181901994161308
target,hydro,sobol,4,136,2.298887175851291,2.169295332362961,9.92518770787865,2.195513369049877
target,hydro,sobol,4,137,2.298887175851291,2.169295332362961,10.004200666677207,2.2094704532064497
target,hydro,sobol,4,138,2.298887175851291,2.169295332362961,10.082696457859129,2.222384870517999
target,hydro,sobol,4,139,2.298887175851291,2.169295332362961,10.160769124981016,2.2354642036370933
target,hydro,sobol,4,140,2.298887175851291,2.169295332362961,10.241141207981855,2.249271370936185
target,hydro,sobol,4,141,2.298887175851291,2.169295332362961,10.321634957566857,2.26291074603796
target,hydro,sobol,4,142,2.298887175851291,2.169295332362961,10.399844582658261,2.2756680380553007
target,hydro,sobol,4,143,2.298887175851291,2.169295332362961,10.477705291938037,2.288172496948391
target,hydro,sobol,4,144,2.298887175851291,2.169295332362961,10.556655707769096,2.301534579601139
target,hydro,sobol,4,145,2.298887175851291,2.169295332362961,10.63609974971041,2.3148792046122253
target,hydro,sobol,4,146,2.298887175851291,2.169295332362961,10.712300332728773,2.327240246348083
target,hydro,sobol,4,147,2.298887175851291,2.169295332362961,10.78937429189682,2.339489246252924
target,hydro,sobol,4,148,2.298887175851291,2.169295332362961,10.868187207728624,2.3525882051326334
target,hydro,sobol,4,149,2.298887175851291,2.169295332362961,10.947403291705996,2.3657723302021623
target,hydro,sobol,4,150,2.298887175851291,2.169295332362961,11.024616749957204,2.3781579551286995
target,hydro,sobol,4,151,2.298887175851291,2.169295332362961,11.101772582624108,2.3902993299998343
target,hydro,sobol,4,152,2.298887175851291,2.169295332362961,11.185143624898046,2.4034779551438987
target,hydro,sobol,4,153,2.298887175851291,2.169295332362961,11.267692541703582,2.417161080054939
target,hydro,sobol,4,154,2.298887175851291,2.169295332362961,11.349738624878228,2.4302298300899565
target,hydro,sobol,4,155,2.298887175851291,2.169295332362961,11.430439457762986,2.4426349131390452
target,hydro,sobol,4,156,2.298887175851291,2.169295332362961,11.515378832817078,2.4560170802287757
target,hydro,sobol,4,157,2.298887175851291,2.169295332362961,11.598782291635871,2.4694599132053554
target,hydro,sobol,4,158,2.298887175851291,2.169295332362961,11.680582707747817,2.4820746211335063
target,hydro,sobol,4,159,2.298887175851291,2.169295332362961,11.760725749656558,2.4945998708717525
target,hydro,sobol,4,160,2.298887175851291,2.169295332362961,11.885463832877576,2.5076541206799448
target,hydro,sobol,4,161,2.298887175851291,2.169295332362961,11.965766832698137,2.520337245427072
target,hydro,sobol,4,162,2.298887175851291,2.169295332362961,12.046291291713715,2.5324884955771267
target,hydro,sobol,4,163,2.298887175851291,2.169295332362961,12.133581957779825,2.54457641299814
target,hydro,sobol,4,164,2.298887175851291,2.169295332362961,12.216672707814723,2.5578947053290904
target,hydro,sobol,4,165,2.298887175851291,2.169295332362961,12.298855541739613,2.570979580283165
target,hydro,sobol,4,166,2.298887175851291,2.169295332362961,12.380783832632005,2.5832056212238967
target,hydro,sobol,4,167,2.298887175851291,2.169295332362961,12.461587166879326,2.5955662461929023
target,hydro,sobol,4,168,2.298887175851291,2.169295332362961,12.543304207734764,2.608642120845616
target,hydro,sobol,4,169,2.298887175851291,2.169295332362961,12.626224082894623,2.621815538033843
target,hydro,sobol,4,170,2.298887175851291,2.169295332362961,12.707841666880995,2.634043870959431
target,hydro,sobol,4,171,2.298887175851291,2.169295332362961,12.793570791836828,2.646436579991132
target,hydro,sobol,4,172,2.298887175851291,2.169295332362961,12.876573291607201,2.659378080163151
target,hydro,sobol,4,173,2.298887175851291,2.169295332362961,12.96303049987182,2.672368288040161
target,hydro,sobol,4,174,2.298887175851291,2.169295332362961,13.045390124898404,2.684585787821561
target,hydro,sobol,4,175,2.298887175851291,2.169295332362961,13.129812499973923,2.696934745647013
target,hydro,sobol,4,176,2.298887175851291,2.169295332362961,13.213572207838297,2.709861370269209
target,hydro,sobol,4,177,2.298887175851291,2.169295332362961,13.29812154173851,2.722881745081395
target,hydro,sobol,4,178,2.298887175851291,2.169295332362961,13.382647666614503,2.735235578380525
target,hydro,sobol,4,179,2.298887175851291,2.169295332362961,13.46607116656378,2.747442745603621
target,hydro,sobol,4,180,2.298887175851291,2.169295332362961,13.55056033283472,2.7603836208581924
target,hydro,sobol,4,181,2.298887175851291,2.169295332362961,13.678853332996368,2.7731493287719786
target,hydro,sobol,4,182,2.298887175851291,2.169295332362961,13.76220008265227,2.7850619540549815
target,hydro,sobol,4,183,2.298887175851291,2.169295332362961,13.845625041984022,2.7970135370269418
target,hydro,sobol,4,184,2.298887175851291,2.169295332362961,13.930219082627445,2.8098102873191237
target,hydro,sobol,4,185,2.298887175851291,2.169295332362961,14.015966292005032,2.8229296202771366
target,hydro,sobol,4,186,2.298887175851291,2.169295332362961,14.100728666875511,2.8350407043471932
target,hydro,sobol,4,187,2.298887175851291,2.169295332362961,14.186920791864395,2.847323329653591
target,hydro,sobol,4,188,2.298887175851291,2.169295332362961,14.27320716669783,2.860275745857507
target,hydro,sobol,4,189,2.298887175851291,2.169295332362961,14.360702166799456,2.8732847454957664
target,hydro,sobol,4,190,2.298887175851291,2.169295332362961,14.446945582982153,2.8855251208879054
target,hydro,sobol,4,191,2.298887175851291,2.169295332362961,14.533750916831195,2.897926370613277
target,hydro,sobol,4,192,2.298887175851291,2.169295332362961,14.622168874833733,2.911038536578417
target,hydro,sobol,4,193,2.298887175851291,2.169295332362961,14.710448582656682,2.9239272023551166
target,hydro,sobol,4,194,2.298887175851291,2.169295332362961,14.798716499935836,2.9362092851661146
target,hydro,sobol,4,195,2.298887175851291,2.169295332362961,14.886709249578416,2.948355576954782
target,hydro,sobol,4,196,2.298887175851291,2.169295332362961,14.976867207791656,2.9614071189425886
target,hydro,sobol,4,197,2.298887175851291,2.169295332362961,15.066704999655485,2.9743519108742476
target,hydro,sobol,4,198,2.298887175851291,2.169295332362961,15.154803374782205,2.9865486188791692
target,hydro,sobol,4,199,2.298887175851291,2.169295332362961,15.289320124778897,2.9986039106734097
target,hydro,sobol,4,200,2.298887175851291,2.169295332362961,15.411599832586944,3.0113061196170747
target,hydro,bo,4,1,12.990668782339883,2.169295332362961,0.0745747908949852,0.013098417315632105
target,hydro,bo,4,2,4.462677843124616,2.169295332362961,0.11624158313497901,0.025252751540392637
target,hydro,bo,4,3,4.462677843124616,2.169295332362961,0.15852879080921412,0.03745454363524914
target,hydro,bo,4,4,4.412699030641942,2.169295332362961,0.20183049980551004,0.050375544000416994
target,hydro,bo,4,5,2.759270927007601,2.169295332362961,0.28997320821508765,0.06248300289735198
target,hydro,bo,4,6,2.0659955546313915,2.169295332362961,0.36498899990692735,0.0758825452066958
target,hydro,random,4,1,2.4740480449331703,2.169295332362961,0.06953887501731515,0.013423791620880365
target,hydro,random,4,2,2.4740480449331703,2.169295332362961,0.1114360406063497,0.02593862498179078
target,hydro,random,4,3,2.4740480449331703,2.169295332362961,0.15350666595622897,0.03816358279436827
target,hydro,random,4,4,2.4740480449331703,2.169295332362961,0.19428899977356195,0.05049783270806074
target,hydro,random,4,5,2.4740480449331703,2.169295332362961,0.23656412493437529,0.06293912464752793
target,hydro,random,4,6,2.4740480449331703,2.169295332362961,0.27803087467327714,0.07515174988657236
target,hydro,random,4,7,2.4740480449331703,2.169295332362961,0.3208159999921918,0.08762270770967007
target,hydro,random,4,8,2.4740480449331703,2.169295332362961,0.3650294579565525,0.10074104042723775
target,hydro,random,4,9,2.4740480449331703,2.169295332362961,0.4091964578256011,0.11290308181196451
target,hydro,random,4,10,2.4740480449331703,2.169295332362961,0.45143983280286193,0.12504387414082885
target,hydro,random,4,11,2.4740480449331703,2.169295332362961,0.49634687462821603,0.1379561242647469
target,hydro,random,4,12,2.4740480449331703,2.169295332362961,0.5422065826132894,0.15087233250960708
target,hydro,random,4,13,2.4740480449331703,2.169295332362961,0.5859786248765886,0.16286033252254128
target,hydro,random,4,14,2.4740480449331703,2.169295332362961,0.6302417078986764,0.17501204181462526
target,hydro,random,4,15,2.4740480449331703,2.169295332362961,0.6747194156050682,0.18800050113350153
target,hydro,random,4,16,2.4740480449331703,2.169295332362961,0.7202542079612613,0.20040833530947566
target,hydro,random,4,17,2.4740480449331703,2.169295332362961,0.7666751248762012,0.21355787711218
target,hydro,random,4,18,2.4740480449331703,2.169295332362961,0.8109033326618373,0.2256655851379037
target,hydro,random,4,19,2.4740480449331703,2.169295332362961,0.8580740829929709,0.2385991271585226
target,hydro,random,4,20,2.4740480449331703,2.169295332362961,0.9058133326470852,0.2518691271543503
target,hydro,random,4,21,2.4740480449331703,2.169295332362961,0.9533810405991971,0.26489704428240657
target,hydro,random,4,22,2.4740480449331703,2.169295332362961,0.9996241657063365,0.27772675221785903
target,hydro,random,4,23,2.4740480449331703,2.169295332362961,1.0458124158903956,0.28976283548399806
target,hydro,random,4,24,2.4740480449331703,2.169295332362961,1.0941457077860832,0.3027938771992922
target,hydro,random,4,25,2.4740480449331703,2.169295332362961,1.1432847906835377,0.31592387706041336
target,hydro,random,4,26,2.4740480449331703,2.169295332362961,1.1904318328015506,0.32882475201040506
target,hydro,random,4,27,2.4740480449331703,2.169295332362961,1.2383727496489882,0.341093335300684
target,hydro,random,4,28,2.4740480449331703,2.169295332362961,1.2880778326652944,0.3539642943069339
target,hydro,random,4,29,2.4740480449331703,2.169295332362961,1.3357680407352746,0.36619941936805844
target,hydro,random,4,30,2.4740480449331703,2.169295332362961,1.385586875025183,0.3789806691929698
target,hydro,random,4,31,2.4740480449331703,2.169295332362961,1.4353238330222666,0.3923705443739891
target,hydro,random,4,32,2.4740480449331703,2.169295332362961,1.483799624722451,0.40466883638873696
target,hydro,random,4,33,2.4740480449331703,2.169295332362961,1.533468332607299,0.41676125349476933
target,hydro,random,4,34,2.4740480449331703,2.169295332362961,1.585224415641278,0.429344670381397
target,hydro,random,4,35,2.4740480449331703,2.169295332362961,1.640651332680136,0.44177012937143445
target,hydro,random,4,36,2.4740480449331703,2.169295332362961,1.6954803327098489,0.4552507121115923
target,hydro,random,4,37,2.4740480449331703,2.169295332362961,1.7515021660365164,0.46942016994580626
target,hydro,random,4,38,2.4740480449331703,2.169295332362961,1.805068749934435,0.48236950393766165
target,hydro,random,4,39,2.4740480449331703,2.169295332362961,1.8593460409902036,0.4948432119563222
target,hydro,random,4,40,2.4740480449331703,2.169295332362961,1.9124033749103546,0.507468129042536
target,hydro,random,4,41,2.4740480449331703,2.169295332362961,1.9683034159243107,0.5206997962668538
target,hydro,random,4,42,2.4740480449331703,2.169295332362961,2.0214584157802165,0.5332565042190254
target,hydro,random,4,43,2.4740480449331703,2.169295332362961,2.078948499634862,0.5468022963032126
target,hydro,random,4,44,2.4740480449331703,2.169295332362961,2.135805582627654,0.5600832123309374
target,hydro,random,4,45,2.4740480449331703,2.169295332362961,2.193488707765937,0.5736688794568181
target,hydro,random,4,46,2.4740480449331703,2.169295332362961,2.2489414578303695,0.5863166297785938
target,hydro,random,4,47,2.4740480449331703,2.169295332362961,2.305792832747102,0.5990781704895198
target,hydro,random,4,48,2.4740480449331703,2.169295332362961,2.3622497906908393,0.6122127952985466
target,hydro,random,4,49,2.4740480449331703,2.169295332362961,2.4192455406300724,0.625348960980773
target,hydro,random,4,50,2.4740480449331703,2.169295332362961,2.4751795828342438,0.6385492109693587
target,hydro,random,4,51,2.4740480449331703,2.169295332362961,2.5382378329522908,0.6520454199053347
target,hydro,random,4,52,2.4740480449331703,2.169295332362961,2.5987108750268817,0.6648001279681921
target,hydro,random,4,53,2.4740480449331703,2.169295332362961,2.658579207956791,0.6772487531416118
target,hydro,random,4,54,2.4740480449331703,2.169295332362961,2.721942040603608,0.6911993781104684
target,hydro,random,4,55,2.4740480449331703,2.169295332362961,2.7822567080147564,0.704778753221035
target,hydro,random,4,56,2.4740480449331703,2.169295332362961,2.84579633269459,0.7179012121632695
target,hydro,random,4,57,2.4740480449331703,2.169295332362961,2.908802915830165,0.7306774202734232
target,hydro,random,4,58,2.4740480449331703,2.169295332362961,2.971181749831885,0.7436474626883864
target,hydro,random,4,59,2.4740480449331703,2.169295332362961,3.034702040720731,0.7560720876790583
target,hydro,random,4,60,2.4740480449331703,2.169295332362961,3.0969783747568727,0.7691815467551351
target,hydro,random,4,61,2.4565292024289396,2.169295332362961,3.1616973746567965,0.7829187968745828
target,hydro,random,4,62,2.4565292024289396,2.169295332362961,3.2250479999929667,0.7956871720962226
target,hydro,random,4,63,2.4565292024289396,2.169295332362961,3.289252290967852,0.8091631722636521
target,hydro,random,4,64,2.4565292024289396,2.169295332362961,3.3524914579465985,0.8223508386872709
target,hydro,random,4,65,2.4565292024289396,2.169295332362961,3.417838374618441,0.8359092134051025
target,hydro,random,4,66,2.4565292024289396,2.169295332362961,3.4800644577480853,0.8489752556197345
target,hydro,random,4,67,2.4565292024289396,2.169295332362961,3.5464719575829804,0.8625375055707991
target,hydro,random,4,68,2.4565292024289396,2.169295332362961,3.61200179066509,0.8758425056003034
target,hydro,random,4,69,2.4565292024289396,2.169295332362961,3.6751082907430828,0.8896697964519262
target,hydro,random,4,70,2.4565292024289396,2.169295332362961,3.7403306658379734,0.9032735885120928
target,hydro,random,4,71,2.4565292024289396,2.169295332362961,3.806044082622975,0.9171213805675507
target,hydro,random,4,72,2.4565292024289396,2.169295332362961,3.8700380828231573,0.9307270897552371
target,hydro,random,4,73,2.4565292024289396,2.169295332362961,3.9366164579987526,0.9445915068499744
target,hydro,random,4,74,2.4565292024289396,2.169295332362961,4.0011889999732375,0.9585584648884833
target,hydro,random,4,75,2.4415047123519495,2.169295332362961,4.067450040951371,0.9721847977489233
target,hydro,random,4,76,2.4415047123519495,2.169295332362961,4.1309840409085155,0.9855234650895
target,hydro,random,4,77,2.4415047123519495,2.169295332362961,4.191271290648729,0.9980036742053926
target,hydro,random,4,78,2.4415047123519495,2.169295332362961,4.251324040815234,1.0102659659460187
target,hydro,random,4,79,2.4415047123519495,2.169295332362961,4.31493049999699,1.0229160911403596
target,hydro,random,4,80,2.4415047123519495,2.169295332362961,4.380199540872127,1.036196299828589
target,hydro,random,4,81,2.4415047123519495,2.169295332362961,4.445670665707439,1.0490091335959733
target,hydro,random,4,82,2.4415047123519495,2.169295332362961,4.508824207819998,1.062294383533299
target,hydro,random,4,83,2.4415047123519495,2.169295332362961,4.574247665703297,1.0756368413567543
target,hydro,random,4,84,2.4415047123519495,2.169295332362961,4.636793540790677,1.0879030502401292
target,hydro,random,4,85,2.4415047123519495,2.169295332362961,4.730154999997467,1.1012883828952909
target,hydro,random,4,86,2.4415047123519495,2.169295332362961,4.808005165774375,1.1177642988041043
target,hydro,random,4,87,2.4415047123519495,2.169295332362961,4.876829082611948,1.131911383010447
target,hydro,random,4,88,2.4415047123519495,2.169295332362961,4.94509504083544,1.14527975814417
target,hydro,random,4,89,2.4415047123519495,2.169295332362961,5.020006582606584,1.1596043002791703
target,hydro,random,4,90,2.4415047123519495,2.169295332362961,5.12763995770365,1.1744659254327416
target,hydro,random,4,91,2.4415047123519495,2.169295332362961,5.282236374914646,1.2104865913279355
target,hydro,random,4,92,2.4415047123519495,2.169295332362961,5.403085415717214,1.2328379242680967
target,hydro,random,4,93,2.4415047123519495,2.169295332362961,5.51107083261013,1.2534686336293817
target,hydro,random,4,94,2.4415047123519495,2.169295332362961,5.6110149580053985,1.273406050633639
target,hydro,random,4,95,2.304357910502412,2.169295332362961,5.708064124919474,1.2907191757112741
target,hydro,random,4,96,2.304357910502412,2.169295332362961,5.794921457767487,1.306370425503701
target,hydro,random,4,97,2.304357910502412,2.169295332362961,5.879195707850158,1.3227710505016148
target,hydro,random,4,98,2.304357910502412,2.169295332362961,5.963081165682524,1.3389782174490392
target,hydro,random,4,99,2.304357910502412,2.169295332362961,6.044364249799401,1.3554270924068987
target,hydro,random,4,100,2.304357910502412,2.169295332362961,6.1236117905937135,1.3703900096006691
target,hydro,random,4,101,2.304357910502412,2.169295332362961,6.204375415574759,1.3862495925277472
target,hydro,random,4,102,2.304357910502412,2.169295332362961,6.2897253329865634,1.402116758748889
target,hydro,random,4,103,2.304357910502412,2.169295332362961,6.426516624633223,1.4156730086542666
target,hydro,random,4,104,2.304357910502412,2.169295332362961,6.5027760826051235,1.4298709253780544
target,hydro,random,4,105,2.304357910502412,2.169295332362961,6.583992290776223,1.4454198842868209
target,hydro,random,4,106,2.304357910502412,2.169295332362961,6.665597249753773,1.4599437592551112
target,hydro,random,4,107,2.304357910502412,2.169295332362961,6.747712749987841,1.4738338012248278
target,hydro,random,4,108,2.304357910502412,2.169295332362961,6.82771304063499,1.4881340921856463
target,hydro,random,4,109,2.304357910502412,2.169295332362961,6.905371333006769,1.5020685503259301
target,hydro,random,4,110,2.304357910502412,2.169295332362961,6.981736999936402,1.5159187163226306
target,hydro,random,4,111,2.304357910502412,2.169295332362961,7.0629638326354325,1.5306640495546162
target,hydro,random,4,112,2.304357910502412,2.169295332362961,7.144807416014373,1.5455263825133443
target,hydro,random,4,113,2.304357910502412,2.169295332362961,7.224250540602952,1.5592916328459978
target,hydro,random,4,114,2.304357910502412,2.169295332362961,7.305972207803279,1.5738521735183895
target,hydro,random,4,115,2.304357910502412,2.169295332362961,7.384199124760926,1.5876577566377819
target,hydro,random,4,116,2.304357910502412,2.169295332362961,7.4667860409244895,1.6024422566406429
target,hydro,random,4,117,2.304357910502412,2.169295332362961,7.548514790832996,1.6170503818430007
target,hydro,random,4,118,2.304357910502412,2.169295332362961,7.628775290679187,1.6318433820270002
target,hydro,random,4,119,2.304357910502412,2.169295332362961,7.709063540678471,1.6455055898986757
target,hydro,random,4,120,2.304357910502412,2.169295332362961,7.790054540615529,1.6603389238007367
target,hydro,random,4,121,2.304357910502412,2.169295332362961,7.871844082605094,1.6746854237280786
target,hydro,random,4,122,2.304357910502412,2.169295332362961,7.94971412466839,1.68881796579808
target,hydro,random,4,123,2.304357910502412,2.169295332362961,8.03013899968937,1.70354767376557
target,hydro,random,4,124,2.304357910502412,2.169295332362961,8.108733457978815,1.7171313404105604
target,hydro,random,4,125,2.304357910502412,2.169295332362961,8.187838957644999,1.7303307983092964
target,hydro,random,4,126,2.304357910502412,2.169295332362961,8.274158290587366,1.7460253397002816
target,hydro,random,4,127,2.304357910502412,2.169295332362961,8.369762290734798,1.7597482977434993
target,hydro,random,4,128,2.304357910502412,2.169295332362961,8.453464790713042,1.773411089554429
target,hydro,random,4,129,2.304357910502412,2.169295332362961,8.538392957765609,1.7878253818489611
target,hydro,random,4,130,2.304357910502412,2.169295332362961,8.623024082742631,1.8023849241435528
target,hydro,random,4,131,2.304357910502412,2.169295332362961,8.70669833291322,1.8156830491498113
target,hydro,random,4,132,2.304357910502412,2.169295332362961,8.789938957896084,1.829685506876558
target,hydro,random,4,133,2.304357910502412,2.169295332362961,8.872781915590167,1.8432472147978842
target,hydro,random,4,134,2.304357910502412,2.169295332362961,8.95726375002414,1.8576960898935795
target,hydro,random,4,135,2.304357910502412,2.169295332362961,9.04185525001958,1.8706822977401316
target,hydro,random,4,136,2.304357910502412,2.169295332362961,9.127238707616925,1.8848202559165657
target,hydro,random,4,137,2.304357910502412,2.169295332362961,9.265379999764264,1.8990381308831275
target,hydro,random,4,138,2.304357910502412,2.169295332362961,9.34869641577825,1.9125303807668388
target,hydro,random,4,139,2.304357910502412,2.169295332362961,9.433631082996726,1.9259772137738764
target,hydro,random,4,140,2.304357910502412,2.169295332362961,9.51863958267495,1.9403907139785588
target,hydro,random,4,141,2.304357910502412,2.169295332362961,9.60226899990812,1.9540386307053268
target,hydro,random,4,142,2.304357910502412,2.169295332362961,9.684486707672477,1.967380546964705
target,hydro,random,4,143,2.304357910502412,2.169295332362961,9.766429333016276,1.9805808807723224
target,hydro,random,4,144,2.304357910502412,2.169295332362961,9.848977665882558,1.9937943806871772
target,hydro,random,4,145,2.304357910502412,2.169295332362961,9.932090665679425,2.007099838927388
target,hydro,random,4,146,2.304357910502412,2.169295332362961,10.016072915866971,2.02036625565961
target,hydro,random,4,147,2.304357910502412,2.169295332362961,10.099985249806195,2.034673088695854
target,hydro,random,4,148,2.304357910502412,2.169295332362961,10.183354582637548,2.0477828388102353
target,hydro,random,4,149,2.304357910502412,2.169295332362961,10.267869208008051,2.0611747964285314
target,hydro,random,4,150,2.304357910502412,2.169295332362961,10.356057999655604,2.0757004632614553
target,hydro,random,4,151,2.304357910502412,2.169295332362961,10.444326458033174,2.0900881714187562
target,hydro,random,4,152,2.304357910502412,2.169295332362961,10.534834957681596,2.10466179670766
target,hydro,random,4,153,2.304357910502412,2.169295332362961,10.629126499872655,2.119385088328272
target,hydro,random,4,154,2.304357910502412,2.169295332362961,10.719881790690124,2.132864797487855
target,hydro,random,4,155,2.304357910502412,2.169295332362961,10.811068415641785,2.146983505692333
target,hydro,random,4,156,2.304357910502412,2.169295332362961,10.956268374808133,2.160588630475104
target,hydro,random,4,157,2.304357910502412,2.169295332362961,11.047642999794334,2.1741824224591255
target,hydro,random,4,158,2.304357910502412,2.169295332362961,11.139220707584172,2.188953880686313
target,hydro,random,4,159,2.304357910502412,2.169295332362961,11.228100582957268,2.20311467256397
target,hydro,random,4,160,2.304357910502412,2.169295332362961,11.315233249682933,2.2168820882216096
target,hydro,random,4,161,2.304357910502412,2.169295332362961,11.400638499762863,2.229843797162175
target,hydro,random,4,162,2.304357910502412,2.169295332362961,11.487669749651104,2.2437456720508635
target,hydro,random,4,163,2.304357910502412,2.169295332362961,11.57661920785904,2.257437088061124
target,hydro,random,4,164,2.304357910502412,2.169295332362961,11.665841165930033,2.2713754209689796
target,hydro,random,4,165,2.304357910502412,2.169295332362961,11.754810915794224,2.2843635049648583
target,hydro,random,4,166,2.304357910502412,2.169295332362961,11.851954374928027,2.2989823799580336
target,hydro,random,4,167,2.304357910502412,2.169295332362961,11.944427374750376,2.3123537548817694
target,hydro,random,4,168,2.304357910502412,2.169295332362961,12.04007774963975,2.3264000876806676
target,hydro,random,4,169,2.304357910502412,2.169295332362961,12.135829957667738,2.341217963024974
target,hydro,random,4,170,2.304357910502412,2.169295332362961,12.279175290837884,2.35530371312052
target,hydro,random,4,171,2.304357910502412,2.169295332362961,12.374250624794513,2.368631463032216
target,hydro,random,4,172,2.304357910502412,2.169295332362961,12.46736295800656,2.383132671006024
target,hydro,random,4,173,2.304357910502412,2.169295332362961,12.563568040728569,2.3968563792295754
target,hydro,random,4,174,2.304357910502412,2.169295332362961,12.65786941582337,2.4112393790856004
target,hydro,random,4,175,2.304357910502412,2.169295332362961,12.752584083005786,2.4255901291035116
target,hydro,random,4,176,2.304357910502412,2.169295332362961,12.845472040586174,2.438932587392628
target,hydro,random,4,177,2.304357910502412,2.169295332362961,12.939142332877964,2.45234321244061
target,hydro,random,4,178,2.304357910502412,2.169295332362961,13.034812290687114,2.4667576705105603
target,hydro,random,4,179,2.304357910502412,2.169295332362961,13.134740874636918,2.4820772535167634
target,hydro,random,4,180,2.304357910502412,2.169295332362961,13.234974958002567,2.497487253509462
target,hydro,random,4,181,2.304357910502412,2.169295332362961,13.338639124762267,2.5126384613104165
target,hydro,random,4,182,2.304357910502412,2.169295332362961,13.437948124948889,2.527904419694096
target,hydro,random,4,183,2.304357910502412,2.169295332362961,13.538174540735781,2.5429198779165745
target,hydro,random,4,184,2.304357910502412,2.169295332362961,13.688724082894623,2.557825003284961
target,hydro,random,4,185,2.304357910502412,2.169295332362961,13.787527499720454,2.5727831702679396
target,hydro,random,4,186,2.304357910502412,2.169295332362961,13.887696124613285,2.587855170480907
target,hydro,random,4,187,2.304357910502412,2.169295332362961,13.986209249589592,2.6026147953234613
target,hydro,random,4,188,2.304357910502412,2.169295332362961,14.088106957729906,2.617608712054789
target,hydro,random,4,189,2.304357910502412,2.169295332362961,14.193016082979739,2.632566420827061
target,hydro,random,4,190,2.304357910502412,2.169295332362961,14.296075415797532,2.6482100458815694
target,hydro,random,4,191,2.304357910502412,2.169295332362961,14.398088707588613,2.6622400456108153
target,hydro,random,4,192,2.304357910502412,2.169295332362961,14.502424457576126,2.677360045723617
target,hydro,random,4,193,2.304357910502412,2.169295332362961,14.656575999688357,2.6914936704561114
target,hydro,random,4,194,2.304357910502412,2.169295332362961,14.75816408265382,2.705754087306559
target,hydro,random,4,195,2.304357910502412,2.169295332362961,14.862065790686756,2.719958920031786
target,hydro,random,4,196,2.304357910502412,2.169295332362961,14.968081874772906,2.7340853372588754
target,hydro,random,4,197,2.304357910502412,2.169295332362961,15.074453999754041,2.7491946700029075
target,hydro,random,4,198,2.304357910502412,2.169295332362961,15.181373249739408,2.7643542112782598
target,hydro,random,4,199,2.1363234888585785,2.169295332362961,15.287591874599457,2.779494669288397
target,hydro,bo,5,1,7.336632287602082,2.169295332362961,0.08735662512481213,0.015048208180814981
target,hydro,bo,5,2,6.944150725425059,2.169295332362961,0.13753766706213355,0.029228500556200743
target,hydro,bo,5,3,3.6807597762330304,2.169295332362961,0.1903205420821905,0.04335087537765503
target,hydro,bo,5,4,3.6807597762330304,2.169295332362961,0.24216662533581257,0.058268750086426735
target,hydro,bo,5,5,3.199700929895776,2.169295332362961,0.3388999169692397,0.07234079204499722
target,hydro,bo,5,6,2.2254127422851426,2.169295332362961,0.428719584364444,0.08647270873188972
target,hydro,bo,5,7,2.0659955546313915,2.169295332362961,0.5169470421969891,0.1014710427261889
target,hydro,random,5,1,5.781492810661233,2.169295332362961,0.08561612479388714,0.01562866708263755
target,hydro,random,5,2,5.485905650534038,2.169295332362961,0.13278112513944507,0.029721125960350037
target,hydro,random,5,3,5.485905650534038,2.169295332362961,0.1821901248767972,0.04462012555450201
target,hydro,random,5,4,5.485905650534038,2.169295332362961,0.23102416703477502,0.05967054236680269
target,hydro,random,5,5,5.485905650534038,2.169295332362961,0.280067834071815,0.0747877093963325
target,hydro,random,5,6,4.872089052044754,2.169295332362961,0.32973870914429426,0.09002266731113195
target,hydro,random,5,7,3.9480841115053678,2.169295332362961,0.3794872919097543,0.10442070942372084
target,hydro,random,5,8,3.2421734878489983,2.169295332362961,0.4321561250835657,0.11857637530192733
target,hydro,random,5,9,3.2421734878489983,2.169295332362961,0.4857537499628961,0.1332308752462268
target,hydro,random,5,10,3.2421734878489983,2.169295332362961,0.5373674589209259,0.14856608305126429
target,hydro,random,5,11,3.2421734878489983,2.169295332362961,0.5872947089374065,0.16277249995619059
target,hydro,random,5,12,3.2421734878489983,2.169295332362961,0.639851292129606,0.17706695850938559
target,hydro,random,5,13,2.739177511193465,2.169295332362961,0.6932507087476552,0.1923175835981965
target,hydro,random,5,14,2.739177511193465,2.169295332362961,0.746208209078759,0.20759337535127997
target,hydro,random,5,15,2.739177511193465,2.169295332362961,0.7996918340213597,0.22178870951756835
target,hydro,random,5,16,2.739177511193465,2.169295332362961,0.8538979589939117,0.23691425053402781
target,hydro,random,5,17,2.739177511193465,2.169295332362961,0.9097004169598222,0.2520960005931556
target,hydro,random,5,18,2.739177511193465,2.169295332362961,0.967809583991766,0.26760608376935124
target,hydro,random,5,19,2.739177511193465,2.169295332362961,1.0201388751156628,0.2817336246371269
target,hydro,random,5,20,2.739177511193465,2.169295332362961,1.0741770840249956,0.295911374501884
target,hydro,random,5,21,2.739177511193465,2.169295332362961,1.130654999986291,0.3111565411090851
target,hydro,random,5,22,2.739177511193465,2.169295332362961,1.1869534170255065,0.3262920412234962
target,hydro,random,5,23,2.739177511193465,2.169295332362961,1.2435968751087785,0.341580958571285
target,hydro,random,5,24,2.739177511193465,2.169295332362961,1.298430083785206,0.35606324952095747
target,hydro,random,5,25,2.739177511193465,2.169295332362961,1.3557454589754343,0.37112345825880766
target,hydro,random,5,26,2.739177511193465,2.169295332362961,1.4131593341007829,0.38526133308187127
target,hydro,random,5,27,2.739177511193465,2.169295332362961,1.4722712091170251,0.39916712464764714
target,hydro,random,5,28,2.739177511193465,2.169295332362961,1.5452505419962108,0.41422895761206746
target,hydro,random,5,29,2.739177511193465,2.169295332362961,1.6084660841152072,0.42964729154482484
target,hydro,random,5,30,2.739177511193465,2.169295332362961,1.6690600840374827,0.44381808349862695
target,hydro,random,5,31,2.739177511193465,2.169295332362961,1.7317984588444233,0.45864933356642723
target,hydro,random,5,32,2.739177511193465,2.169295332362961,1.794509416911751,0.47279875027015805
target,hydro,random,5,33,2.739177511193465,2.169295332362961,1.8607867918908596,0.4889177503064275
target,hydro,random,5,34,2.739177511193465,2.169295332362961,1.9275032090954483,0.5044407094828784
target,hydro,random,5,35,2.739177511193465,2.169295332362961,1.9883214589208364,0.5192495845258236
target,hydro,random,5,36,2.739177511193465,2.169295332362961,2.048434958793223,0.5335793765261769
target,hydro,random,5,37,2.739177511193465,2.169295332362961,2.109267834108323,0.5492031262256205
target,hydro,random,5,38,2.739177511193465,2.169295332362961,2.173022208735347,0.5643681683577597
target,hydro,random,5,39,2.739177511193465,2.169295332362961,2.2311187498271465,0.5785100026987493
target,hydro,random,5,40,2.739177511193465,2.169295332362961,2.290220916736871,0.5932087525725365
target,hydro,random,5,41,2.739177511193465,2.169295332362961,2.349139208905399,0.608064585365355
target,hydro,random,5,42,2.739177511193465,2.169295332362961,2.410757416859269,0.6221424182876945
target,hydro,random,5,43,2.739177511193465,2.169295332362961,2.4717144588939846,0.6371234604157507
target,hydro,random,5,44,2.739177511193465,2.169295332362961,2.533007249701768,0.6510267932899296
target,hydro,random,5,45,2.739177511193465,2.169295332362961,2.5942899589426816,0.6660894593223929
target,hydro,random,5,46,2.739177511193465,2.169295332362961,2.659682209137827,0.6811813339591026
target,hydro,random,5,47,2.739177511193465,2.169295332362961,2.7267773747444153,0.6957433340139687
target,hydro,random,5,48,2.739177511193465,2.169295332362961,2.7916083340533078,0.7109827091917396
target,hydro,random,5,49,2.739177511193465,2.169295332362961,2.8543267087079585,0.7251246673986316
target,hydro,random,5,50,2.739177511193465,2.169295332362961,2.9178254171274602,0.7402074174024165
target,hydro,random,5,51,2.739177511193465,2.169295332362961,2.983168125152588,0.7552683753892779
target,hydro,random,5,52,2.739177511193465,2.169295332362961,3.049170000012964,0.7700850004330277
target,hydro,random,5,53,2.739177511193465,2.169295332362961,3.111528125125915,0.7842701678164303
target,hydro,random,5,54,2.739177511193465,2.169295332362961,3.1769592501223087,0.7994437925517559
target,hydro,random,5,55,2.739177511193465,2.169295332362961,3.243790084030479,0.8156215427443385
target,hydro,random,5,56,2.739177511193465,2.169295332362961,3.307722916826606,0.8297769180499017
target,hydro,random,5,57,2.739177511193465,2.169295332362961,3.3740619588643312,0.8451001681387424
target,hydro,random,5,58,2.6508383900251036,2.169295332362961,3.4385513747110963,0.8600276275537908
target,hydro,random,5,59,2.6508383900251036,2.169295332362961,3.5089560421183705,0.8749978356063366
target,hydro,random,5,60,2.6508383900251036,2.169295332362961,3.57713216682896,0.8893470023758709
target,hydro,random,5,61,2.6508383900251036,2.169295332362961,3.6508022090420127,0.9052758361212909
target,hydro,random,5,62,2.6508383900251036,2.169295332362961,3.722339749801904,0.920444920193404
target,hydro,random,5,63,2.6508383900251036,2.169295332362961,3.793610875029117,0.9353752955794334
target,hydro,random,5,64,2.6508383900251036,2.169295332362961,3.8618585420772433,0.9503291705623269
target,hydro,random,5,65,2.6508383900251036,2.169295332362961,3.9332364168949425,0.9663598784245551
target,hydro,random,5,66,2.6508383900251036,2.169295332362961,4.006890624761581,0.9815295455045998
target,hydro,random,5,67,2.6508383900251036,2.169295332362961,4.076448083855212,0.99734325427562
target,hydro,random,5,68,2.6508383900251036,2.169295332362961,4.146180917043239,1.0123391295783222
target,hydro,random,5,69,2.6508383900251036,2.169295332362961,4.215800374746323,1.0273058796301484
target,hydro,random,5,70,2.6508383900251036,2.169295332362961,4.339994208887219,1.0432255454361439
target,hydro,random,5,71,2.6508383900251036,2.169295332362961,4.4140671249479055,1.0596145875751972
target,hydro,random,5,72,2.6508383900251036,2.169295332362961,4.493667708709836,1.0756264217197895
target,hydro,random,5,73,2.6508383900251036,2.169295332362961,4.566508667077869,1.090643921867013
target,hydro,random,5,74,2.6508383900251036,2.169295332362961,4.640602792147547,1.1047841720283031
target,hydro,random,5,75,2.6508383900251036,2.169295332362961,4.712514083832502,1.1201744633726776
target,hydro,random,5,76,2.6508383900251036,2.169295332362961,4.785630375146866,1.13604750437662
target,hydro,random,5,77,2.6508383900251036,2.169295332362961,4.861142625100911,1.1522088372148573
target,hydro,random,5,78,2.6508383900251036,2.169295332362961,4.936553291976452,1.167696628253907
target,hydro,random,5,79,2.5677285929900195,2.169295332362961,5.00857041683048,1.1828629611991346
target,hydro,random,5,80,2.5677285929900195,2.169295332362961,5.08250483404845,1.196988127194345
target,hydro,random,5,81,2.5677285929900195,2.169295332362961,5.160072791855782,1.2132253772579134
target,hydro,random,5,82,2.5677285929900195,2.169295332362961,5.230553291738033,1.2273509604856372
target,hydro,random,5,83,2.5677285929900195,2.169295332362961,5.304406624753028,1.2426855023950338
target,hydro,random,5,84,2.5677285929900195,2.169295332362961,5.37585720885545,1.257407502271235
target,hydro,random,5,85,2.5677285929900195,2.169295332362961,5.450935292057693,1.2735831690952182
target,hydro,random,5,86,2.5677285929900195,2.169295332362961,5.526066124904901,1.2876770864240825
target,hydro,random,5,87,2.5677285929900195,2.169295332362961,5.603250375017524,1.3026597113348544
target,hydro,random,5,88,2.5677285929900195,2.169295332362961,5.682091041933745,1.3182797110639513
target,hydro,random,5,89,2.5677285929900195,2.169295332362961,5.757045667152852,1.333318960852921
target,hydro,random,5,90,2.5677285929900195,2.169295332362961,5.836609167046845,1.3483688361011446
target,hydro,random,5,91,2.5677285929900195,2.169295332362961,5.914737499784678,1.3634069194085896
target,hydro,random,5,92,2.5677285929900195,2.169295332362961,5.994271124713123,1.378503960557282
target,hydro,random,5,93,2.5677285929900195,2.169295332362961,6.074706541839987,1.3945507938042283
target,hydro,random,5,94,2.5677285929900195,2.169295332362961,6.156722833868116,1.4105910020880401
target,hydro,random,5,95,2.5677285929900195,2.169295332362961,6.240590000059456,1.426526544149965
target,hydro,random,5,96,2.4567719159883112,2.169295332362961,6.322473417036235,1.4414275861345232
target,hydro,random,5,97,2.4567719159883112,2.169295332362961,6.406541625037789,1.4567978782579303
target,hydro,random,5,98,2.4567719159883112,2.169295332362961,6.485849124845117,1.4718933780677617
target,hydro,random,5,99,2.4567719159883112,2.169295332362961,6.569757292047143,1.488462295383215
target,hydro,random,5,100,2.4567719159883112,2.169295332362961,6.652794084046036,1.5035055452026427
target,hydro,random,5,101,2.4567719159883112,2.169295332362961,6.738503708969802,1.520228295121342
target,hydro,random,5,102,2.4567719159883112,2.169295332362961,6.820793374907225,1.5350725869648159
target,hydro,random,5,103,2.4567719159883112,2.169295332362961,6.9060312090441585,1.5509446701034904
target,hydro,random,5,104,2.4567719159883112,2.169295332362961,6.991010624915361,1.5671317530795932
target,hydro,random,5,105,2.4567719159883112,2.169295332362961,7.074481917079538,1.5821704198606312
target,hydro,random,5,106,2.4567719159883112,2.169295332362961,7.154107625130564,1.5970187950879335
target,hydro,random,5,107,2.4567719159883112,2.169295332362961,7.236105499789119,1.613013420253992
target,hydro,random,5,108,2.4567719159883112,2.169295332362961,7.317812999710441,1.6289387536235154
target,hydro,random,5,109,2.4567719159883112,2.169295332362961,7.406506416853517,1.6482422947883606
target,hydro,random,5,110,2.4567719159883112,2.169295332362961,7.4885937087237835,1.6632831702008843
target,hydro,random,5,111,2.4567719159883112,2.169295332362961,7.571306083817035,1.6793793374672532
target,hydro,random,5,112,2.4567719159883112,2.169295332362961,7.654725084081292,1.6952035035938025
target,hydro,random,5,113,2.4567719159883112,2.169295332362961,7.743287208955735,1.7112174616195261
target,hydro,random,5,114,2.4567719159883112,2.169295332362961,7.828037959057838,1.727161044254899
target,hydro,random,5,115,2.4567719159883112,2.169295332362961,7.911757458932698,1.742142794188112
target,hydro,random,5,116,2.4567719159883112,2.169295332362961,7.996166749857366,1.7570664193481207
target,hydro,random,5,117,2.4567719159883112,2.169295332362961,8.084392459131777,1.7721401695162058
target,hydro,random,5,118,2.4567719159883112,2.169295332362961,8.171810249798,1.7879242114722729
target,hydro,random,5,119,2.4567719159883112,2.169295332362961,8.261061334051192,1.803137878421694
target,hydro,random,5,120,2.4567719159883112,2.169295332362961,8.353456874843687,1.8181371288374066
target,hydro,random,5,121,2.4567719159883112,2.169295332362961,8.443165000062436,1.834001169539988
target,hydro,random,5,122,2.4567719159883112,2.169295332362961,8.587102625053376,1.8492225031368434
target,hydro,random,5,123,2.4567719159883112,2.169295332362961,8.672704542055726,1.8632355439476669
target,hydro,random,5,124,2.4567719159883112,2.169295332362961,8.759943792130798,1.8780557527206838
target,hydro,random,5,125,2.4567719159883112,2.169295332362961,8.852029167115688,1.894309877883643
target,hydro,random,5,126,2.4567719159883112,2.169295332362961,8.941976958885789,1.9095445447601378
target,hydro,random,5,127,2.4567719159883112,2.169295332362961,9.029915333725512,1.9238182539120317
target,hydro,random,5,128,2.4567719159883112,2.169295332362961,9.114028334151953,1.9387835036031902
target,hydro,random,5,129,2.3905137341287137,2.169295332362961,9.200790541712195,1.9528341288678348
target,hydro,random,5,130,2.3905137341287137,2.169295332362961,9.292885959148407,1.9687965866178274
target,hydro,random,5,131,2.3905137341287137,2.169295332362961,9.38514675013721,1.9853598363697529
target,hydro,random,5,132,2.3905137341287137,2.169295332362961,9.477682792115957,2.0016053365543485
target,hydro,random,5,133,2.3905137341287137,2.169295332362961,9.568614666815847,2.016792752314359
target,hydro,random,5,134,2.3905137341287137,2.169295332362961,9.661661666817963,2.034044085536152
target,hydro,random,5,135,2.3905137341287137,2.169295332362961,9.760775833856314,2.051045168656856
target,hydro,random,5,136,2.3905137341287137,2.169295332362961,9.860237875021994,2.0683183358050883
target,hydro,random,5,137,2.3905137341287137,2.169295332362961,9.95814137486741,2.085632419679314
target,hydro,random,5,138,2.3905137341287137,2.169295332362961,10.06067516701296,2.1022551278583705
target,hydro,random,5,139,2.3905137341287137,2.169295332362961,10.169654542114586,2.119354210793972
target,hydro,random,5,140,2.3905137341287137,2.169295332362961,10.27780045894906,2.1371019198559225
target,hydro,random,5,141,2.3905137341287137,2.169295332362961,10.390982292126864,2.1558930040337145
target,hydro,random,5,142,2.3905137341287137,2.169295332362961,10.520620374940336,2.176830504089594
target,hydro,random,5,143,2.3905137341287137,2.169295332362961,10.635178584139794,2.195488171186298
target,hydro,random,5,144,2.3905137341287137,2.169295332362961,10.744725249707699,2.2145816711708903
target,hydro,random,5,145,2.3905137341287137,2.169295332362961,10.94579291716218,2.2346986304037273
target,hydro,random,5,146,2.3905137341287137,2.169295332362961,11.104901624843478,2.2674112142995
target,hydro,random,5,147,2.3905137341287137,2.169295332362961,11.267724624834955,2.29267571400851
target,hydro,random,5,148,2.3905137341287137,2.169295332362961,11.429924708791077,2.31788508919999
target,hydro,random,5,149,2.3905137341287137,2.169295332362961,11.575980584137142,2.3408567560836673
target,hydro,random,5,150,2.3905137341287137,2.169295332362961,11.721175458747894,2.3649405064061284
target,hydro,random,5,151,2.3905137341287137,2.169295332362961,11.865532916970551,2.3873947565443814
target,hydro,random,5,152,2.3905137341287137,2.169295332362961,12.002657500095665,2.408435631543398
target,hydro,random,5,153,2.3905137341287137,2.169295332362961,12.136418167036027,2.43062017345801
target,hydro,random,5,154,2.3905137341287137,2.169295332362961,12.274256750009954,2.4525997564196587
target,hydro,random,5,155,2.3905137341287137,2.169295332362961,12.404331542085856,2.473039798438549
target,hydro,random,5,156,2.3905137341287137,2.169295332362961,12.531866374891251,2.4922815482132137
target,hydro,random,5,157,2.3905137341287137,2.169295332362961,12.656923375092447,2.5116056730039418
target,hydro,random,5,158,2.3905137341287137,2.169295332362961,12.780388083774596,2.531161339022219
target,hydro,random,5,159,2.3905137341287137,2.169295332362961,12.908133917022496,2.550470672082156
target,hydro,random,5,160,2.3905137341287137,2.169295332362961,13.030762000009418,2.5692713810130954
target,hydro,random,5,161,2.3905137341287137,2.169295332362961,13.133697499986738,2.5865221307612956
target,hydro,random,5,162,2.3905137341287137,2.169295332362961,13.252147249877453,2.6053181304596364
target,hydro,random,5,163,2.3905137341287137,2.169295332362961,13.366239708848298,2.62377842143178
target,hydro,random,5,164,2.3905137341287137,2.169295332362961,13.475834124721587,2.639074963517487
target,hydro,random,5,165,2.3905137341287137,2.169295332362961,13.588341542053968,2.6572405053302646
target,hydro,random,5,166,2.3905137341287137,2.169295332362961,13.701840708963573,2.6743453396484256
target,hydro,random,5,167,2.3905137341287137,2.169295332362961,13.813490166794509,2.6924492977559566
target,hydro,random,5,168,2.0879260543352087,2.169295332362961,13.926106249913573,2.7100545475259423
target,hydro,sobol,5,1,7.336632287602082,2.169295332362961,0.0943090827204287,0.016982832923531532
target,hydro,sobol,5,2,6.944150725425059,2.169295332362961,0.14871641574427485,0.03286087466403842
target,hydro,sobol,5,3,3.6807597762330304,2.169295332362961,0.20318054081872106,0.047880999743938446
target,hydro,sobol,5,4,3.6807597762330304,2.169295332362961,0.2627277080900967,0.06456383364275098
target,hydro,sobol,5,5,3.6807597762330304,2.169295332362961,0.321770082693547,0.08178166765719652
target,hydro,sobol,5,6,3.6807597762330304,2.169295332362961,0.37897916603833437,0.09785558376461267
target,hydro,sobol,5,7,3.6807597762330304,2.169295332362961,0.4361758749000728,0.11373154306784272
target,hydro,sobol,5,8,3.6807597762330304,2.169295332362961,0.4966415408998728,0.13097833469510078
target,hydro,sobol,5,9,3.6807597762330304,2.169295332362961,0.5550299580208957,0.14783420972526073
target,hydro,sobol,5,10,3.6807597762330304,2.169295332362961,0.6123594581149518,0.16379616782069206
target,hydro,sobol,5,11,3.6807597762330304,2.169295332362961,0.6693178326822817,0.17977441754192114
target,hydro,sobol,5,12,3.6807597762330304,2.169295332362961,0.7280320827849209,0.19689316768199205
target,hydro,sobol,5,13,3.361757568003927,2.169295332362961,0.7856384580954909,0.21360133402049541
target,hydro,sobol,5,14,3.361757568003927,2.169295332362961,0.8435831246897578,0.22966062603518367
target,hydro,sobol,5,15,3.361757568003927,2.169295332362961,0.9017659998498857,0.24570995895192027
target,hydro,sobol,5,16,3.361757568003927,2.169295332362961,0.958879082929343,0.2622491680085659
target,hydro,sobol,5,17,3.361757568003927,2.169295332362961,1.0172739997506142,0.27821170911192894
target,hydro,sobol,5,18,3.361757568003927,2.169295332362961,1.0733301658183336,0.29355741711333394
target,hydro,sobol,5,19,3.361757568003927,2.169295332362961,1.1284797908738256,0.30851395800709724
target,hydro,sobol,5,20,3.361757568003927,2.169295332362961,1.1853718748316169,0.324582498986274
target,hydro,sobol,5,21,3.361757568003927,2.169295332362961,1.2424538750201464,0.34051653975620866
target,hydro,sobol,5,22,2.4247672337281507,2.169295332362961,1.2989782500080764,0.35555995674803853
target,hydro,sobol,5,23,2.4247672337281507,2.169295332362961,1.3564962497912347,0.3704949989914894
target,hydro,sobol,5,24,2.4247672337281507,2.169295332362961,1.4149802909232676,0.38648216612637043
target,hydro,sobol,5,25,2.4247672337281507,2.169295332362961,1.4734829156659544,0.40252833208069205
target,hydro,sobol,5,26,2.4247672337281507,2.169295332362961,1.531662665773183,0.4176434981636703
target,hydro,sobol,5,27,2.4247672337281507,2.169295332362961,1.5924059157259762,0.4326342479325831
target,hydro,sobol,5,28,2.4247672337281507,2.169295332362961,1.6548732076771557,0.44844749802723527
target,hydro,sobol,5,29,2.4247672337281507,2.169295332362961,1.7143477499485016,0.4640727899968624
target,hydro,sobol,5,30,2.4247672337281507,2.169295332362961,1.7734735826961696,0.4788439990952611
target,hydro,sobol,5,31,2.4247672337281507,2.169295332362961,1.8322489578276873,0.4936063322238624
target,hydro,sobol,5,32,2.4247672337281507,2.169295332362961,1.8944314578548074,0.5094129154458642
target,hydro,sobol,5,33,2.4247672337281507,2.169295332362961,1.9565088329836726,0.5250485828146338
target,hydro,sobol,5,34,2.4247672337281507,2.169295332362961,2.0183788747526705,0.5397390406578779
target,hydro,sobol,5,35,2.4247672337281507,2.169295332362961,2.0797966248355806,0.5545828328467906
target,hydro,sobol,5,36,2.4247672337281507,2.169295332362961,2.1427271659485996,0.5700871665030718
target,hydro,sobol,5,37,2.4247672337281507,2.169295332362961,2.2086438327096403,0.5859810411930084
target,hydro,sobol,5,38,2.4247672337281507,2.169295332362961,2.271261665970087,0.601201165933162
target,hydro,sobol,5,39,2.4247672337281507,2.169295332362961,2.389273290988058,0.6157979159615934
target,hydro,sobol,5,40,2.4247672337281507,2.169295332362961,2.453438624739647,0.6316177491098642
target,hydro,sobol,5,41,2.4247672337281507,2.169295332362961,2.5182310827076435,0.6477307491004467
target,hydro,sobol,5,42,2.4247672337281507,2.169295332362961,2.5815357910469174,0.6629592073149979
target,hydro,sobol,5,43,2.4247672337281507,2.169295332362961,2.6453157500363886,0.6778042074292898
target,hydro,sobol,5,44,2.4247672337281507,2.169295332362961,2.7127674580551684,0.6936533735133708
target,hydro,sobol,5,45,2.4247672337281507,2.169295332362961,2.7815315406769514,0.7095728325657547
target,hydro,sobol,5,46,2.4247672337281507,2.169295332362961,2.846384790726006,0.7246786653995514
target,hydro,sobol,5,47,2.4247672337281507,2.169295332362961,2.9110627910122275,0.7396082486957312
target,hydro,sobol,5,48,2.4247672337281507,2.169295332362961,2.9757404159754515,0.7555028735660017
target,hydro,sobol,5,49,2.4247672337281507,2.169295332362961,3.0411771247163415,0.771465789526701
target,hydro,sobol,5,50,2.4247672337281507,2.169295332362961,3.1056109159253538,0.7862738724797964
target,hydro,sobol,5,51,2.4247672337281507,2.169295332362961,3.170627540908754,0.8011301225051284
target,hydro,sobol,5,52,2.4247672337281507,2.169295332362961,3.238803332671523,0.8168853726238012
target,hydro,sobol,5,53,2.4247672337281507,2.169295332362961,3.315627624746412,0.8330000396817923
target,hydro,sobol,5,54,2.4247672337281507,2.169295332362961,3.379420124925673,0.8478479557670653
target,hydro,sobol,5,55,2.4247672337281507,2.169295332362961,3.4442309997975826,0.8625317057594657
target,hydro,sobol,5,56,2.4247672337281507,2.169295332362961,3.509914457798004,0.8774997466243804
target,hydro,sobol,5,57,2.4247672337281507,2.169295332362961,3.5789137077517807,0.8927775798365474
target,hydro,sobol,5,58,2.4247672337281507,2.169295332362961,3.6461219997145236,0.9075700799003243
target,hydro,sobol,5,59,2.4247672337281507,2.169295332362961,3.711846790742129,0.9215447050519288
target,hydro,sobol,5,60,2.4247672337281507,2.169295332362961,3.779316915664822,0.9365649144165218
target,hydro,sobol,5,61,2.4247672337281507,2.169295332362961,3.8497021249495447,0.9524334985762835
target,hydro,sobol,5,62,2.4247672337281507,2.169295332362961,3.918621124699712,0.9666310395114124
target,hydro,sobol,5,63,2.4247672337281507,2.169295332362961,3.985225500073284,0.980896498542279
target,hydro,sobol,5,64,2.3966619431600646,2.169295332362961,4.055956291034818,0.996760540176183
target,hydro,sobol,5,65,2.3966619431600646,2.169295332362961,4.128499791026115,1.0129409153014421
target,hydro,sobol,5,66,2.3966619431600646,2.169295332362961,4.201378208119422,1.027161623351276
target,hydro,sobol,5,67,2.3966619431600646,2.169295332362961,4.275834582746029,1.0421560816466808
target,hydro,sobol,5,68,2.3966619431600646,2.169295332362961,4.3494056249037385,1.0575839155353606
target,hydro,sobol,5,69,2.3966619431600646,2.169295332362961,4.421357708051801,1.0729825822636485
target,hydro,sobol,5,70,2.3966619431600646,2.169295332362961,4.497339082881808,1.0872196648269892
target,hydro,sobol,5,71,2.3966619431600646,2.169295332362961,4.567861875053495,1.100518122781068
target,hydro,sobol,5,72,2.3966619431600646,2.169295332362961,4.64206837490201,1.1162707479670644
target,hydro,sobol,5,73,2.3966619431600646,2.169295332362961,4.7178237908519804,1.1321540400385857
target,hydro,sobol,5,74,2.3966619431600646,2.169295332362961,4.791266999673098,1.1472477903589606
target,hydro,sobol,5,75,2.3966619431600646,2.169295332362961,4.865276957862079,1.1618769150227308
target,hydro,sobol,5,76,2.3966619431600646,2.169295332362961,4.939565000124276,1.1780469990335405
target,hydro,sobol,5,77,2.3966619431600646,2.169295332362961,5.012023499701172,1.1938745831139386
target,hydro,sobol,5,78,2.3966619431600646,2.169295332362961,5.083069040905684,1.2081359582953155
target,hydro,sobol,5,79,2.3966619431600646,2.169295332362961,5.1596086248755455,1.222958667203784
target,hydro,sobol,5,80,2.3966619431600646,2.169295332362961,5.2309374157339334,1.2379354173317552
target,hydro,sobol,5,81,2.3966619431600646,2.169295332362961,5.3043338330462575,1.2529791253618896
target,hydro,sobol,5,82,2.3966619431600646,2.169295332362961,5.377076374832541,1.2677517081610858
target,hydro,sobol,5,83,2.3966619431600646,2.169295332362961,5.450285125058144,1.2819474171847105
target,hydro,sobol,5,84,2.3966619431600646,2.169295332362961,5.525128250010312,1.2977654593996704
target,hydro,sobol,5,85,2.3966619431600646,2.169295332362961,5.598802957683802,1.3128447504714131
target,hydro,sobol,5,86,2.3966619431600646,2.169295332362961,5.68242233293131,1.3340137503109872
target,hydro,sobol,5,87,2.3966619431600646,2.169295332362961,5.755189874675125,1.3480903753079474
target,hydro,sobol,5,88,2.3966619431600646,2.169295332362961,5.834179874975234,1.3640812914818525
target,hydro,sobol,5,89,2.352450491960245,2.169295332362961,5.9086366249248385,1.3790818746201694
target,hydro,sobol,5,90,2.352450491960245,2.169295332362961,5.9846787909045815,1.394387208390981
target,hydro,sobol,5,91,2.352450491960245,2.169295332362961,6.061528875026852,1.4094703742302954
target,hydro,sobol,5,92,2.352450491960245,2.169295332362961,6.140084665734321,1.4257118334062397
target,hydro,sobol,5,93,2.352450491960245,2.169295332362961,6.217352250125259,1.4407007503323257
target,hydro,sobol,5,94,2.352450491960245,2.169295332362961,6.297990624792874,1.4556012502871454
target,hydro,sobol,5,95,2.352450491960245,2.169295332362961,6.379646624904126,1.4698786661028862
target,hydro,sobol,5,96,2.352450491960245,2.169295332362961,6.456028374843299,1.484970124438405
target,hydro,sobol,5,97,2.352450491960245,2.169295332362961,6.535077583044767,1.499875999521464
target,hydro,sobol,5,98,2.352450491960245,2.169295332362961,6.616252624895424,1.5149712073616683
target,hydro,sobol,5,99,2.352450491960245,2.169295332362961,6.696160832885653,1.5299001652747393
target,hydro,sobol,5,100,2.352450491960245,2.169295332362961,6.778595915995538,1.5458631655201316
target,hydro,sobol,5,101,2.352450491960245,2.169295332362961,6.860180249903351,1.5615282906219363
target,hydro,sobol,5,102,2.352450491960245,2.169295332362961,6.942118083126843,1.5764534575864673
target,hydro,sobol,5,103,2.352450491960245,2.169295332362961,7.024757290724665,1.5914043746888638
target,hydro,sobol,5,104,2.352450491960245,2.169295332362961,7.1060559577308595,1.6073035839945078
target,hydro,sobol,5,105,2.352450491960245,2.169295332362961,7.184382624924183,1.6222165417857468
target,hydro,sobol,5,106,2.352450491960245,2.169295332362961,7.262659416068345,1.6365882917307317
target,hydro,sobol,5,107,2.352450491960245,2.169295332362961,7.34156054072082,1.6513849995099008
target,hydro,sobol,5,108,2.352450491960245,2.169295332362961,7.423574790824205,1.667112082708627
target,hydro,sobol,5,109,2.352450491960245,2.169295332362961,7.503902624826878,1.6823352919891477
target,hydro,sobol,5,110,2.352450491960245,2.169295332362961,7.585265374742448,1.6972847082652152
target,hydro,sobol,5,111,2.352450491960245,2.169295332362961,7.722400582861155,1.7110655000433326
target,hydro,sobol,5,112,2.352450491960245,2.169295332362961,7.801468832883984,1.7261919588781893
target,hydro,sobol,5,113,2.352450491960245,2.169295332362961,7.884960500057787,1.7412668759934604
target,hydro,sobol,5,114,2.352450491960245,2.169295332362961,7.966246374882758,1.7551975008100271
target,hydro,sobol,5,115,2.352450491960245,2.169295332362961,8.0498187080957,1.7700967509299517
target,hydro,sobol,5,116,2.352450491960245,2.169295332362961,8.132489541079849,1.7849802509881556
target,hydro,sobol,5,117,2.352450491960245,2.169295332362961,8.21927100000903,1.800743542611599
target,hydro,sobol,5,118,2.352450491960245,2.169295332362961,8.307468166109174,1.8147647506557405
target,hydro,sobol,5,119,2.352450491960245,2.169295332362961,8.391346875112504,1.828933792654425
target,hydro,sobol,5,120,2.352450491960245,2.169295332362961,8.47605725005269,1.8439528346061707
target,hydro,sobol,5,121,2.352450491960245,2.169295332362961,8.564614624716341,1.8599969176575541
target,hydro,sobol,5,122,2.352450491960245,2.169295332362961,8.649505082983524,1.8741268757730722
target,hydro,sobol,5,123,2.352450491960245,2.169295332362961,8.737745207734406,1.8891272926703095
target,hydro,sobol,5,124,2.352450491960245,2.169295332362961,8.827492291107774,1.905055875889957
target,hydro,sobol,5,125,2.352450491960245,2.169295332362961,8.91567654069513,1.9206457091495395
target,hydro,sobol,5,126,2.352450491960245,2.169295332362961,9.006489665713161,1.9353633760474622
target,hydro,sobol,5,127,2.352450491960245,2.169295332362961,9.093603082932532,1.9496839181520045
target,hydro,sobol,5,128,2.352450491960245,2.169295332362961,9.183104457799345,1.965541043318808
target,hydro,sobol,5,129,2.352450491960245,2.169295332362961,9.271498082671314,1.9815075434744358
target,hydro,sobol,5,130,2.352450491960245,2.169295332362961,9.358768125064671,1.9963315851055086
target,hydro,sobol,5,131,2.352450491960245,2.169295332362961,9.446833207737654,2.0111251273192465
target,hydro,sobol,5,132,2.352450491960245,2.169295332362961,9.53651608293876,2.026998419314623
target,hydro,sobol,5,133,2.352450491960245,2.169295332362961,9.629325249698013,2.0428120023570955
target,hydro,sobol,5,134,2.352450491960245,2.169295332362961,9.719410915859044,2.0576289612799883
target,hydro,sobol,5,135,2.352450491960245,2.169295332362961,9.809280625078827,2.072557128034532
target,hydro,sobol,5,136,2.352450491960245,2.169295332362961,9.90141687495634,2.0884685032069683
target,hydro,sobol,5,137,2.352450491960245,2.169295332362961,9.99270312488079,2.104579044971615
target,hydro,sobol,5,138,2.352450491960245,2.169295332362961,10.081756541039795,2.1187537107616663
target,hydro,sobol,5,139,2.352450491960245,2.169295332362961,10.17107008304447,2.133567210752517
target,hydro,sobol,5,140,2.352450491960245,2.169295332362961,10.265094458125532,2.1491829198785126
target,hydro,sobol,5,141,2.352450491960245,2.169295332362961,10.355690499767661,2.1643006280064583
target,hydro,sobol,5,142,2.352450491960245,2.169295332362961,10.497426582966,2.1788738360628486
target,hydro,sobol,5,143,2.352450491960245,2.169295332362961,10.586011374834925,2.19259337708354
target,hydro,sobol,5,144,2.352450491960245,2.169295332362961,10.68092658277601,2.208698919042945
target,hydro,sobol,5,145,2.352450491960245,2.169295332362961,10.777077875100076,2.2247416279278696
target,hydro,sobol,5,146,2.352450491960245,2.169295332362961,10.87268575001508,2.2390721277333796
target,hydro,sobol,5,147,2.352450491960245,2.169295332362961,10.96256004087627,2.253343002870679
target,hydro,sobol,5,148,2.352450491960245,2.169295332362961,11.056610957719386,2.2694698781706393
target,hydro,sobol,5,149,2.352450491960245,2.169295332362961,11.150075082667172,2.285236712079495
target,hydro,sobol,5,150,2.352450491960245,2.169295332362961,11.24205462494865,2.2993870452046394
target,hydro,sobol,5,151,2.352450491960245,2.169295332362961,11.340372915845364,2.3140875450335443
target,hydro,sobol,5,152,2.352450491960245,2.169295332362961,11.439529249910265,2.330432503949851
target,hydro,sobol,5,153,2.352450491960245,2.169295332362961,11.541803082916886,2.3465284616686404
target,hydro,sobol,5,154,2.352450491960245,2.169295332362961,11.643906082957983,2.3616123786196113
target,hydro,sobol,5,155,2.352450491960245,2.169295332362961,11.744491040706635,2.37626317050308
target,hydro,sobol,5,156,2.352450491960245,2.169295332362961,11.85227054078132,2.395383379422128
target,hydro,sobol,5,157,2.352450491960245,2.169295332362961,11.958646665792912,2.4123882544226944
target,hydro,sobol,5,158,2.352450491960245,2.169295332362961,12.072064749896526,2.429347129072994
target,hydro,sobol,5,159,2.352450491960245,2.169295332362961,12.192538832779974,2.4453344210051
target,hydro,sobol,5,160,2.352450491960245,2.169295332362961,12.30188191588968,2.4605303378775716
target,hydro,sobol,5,161,2.352450491960245,2.169295332362961,12.42039395775646,2.4794065468013287
target,hydro,sobol,5,162,2.352450491960245,2.169295332362961,12.553486790973693,2.496496671810746
target,hydro,sobol,5,163,2.352450491960245,2.169295332362961,12.67359795793891,2.5126171307638288
target,hydro,sobol,5,164,2.352450491960245,2.169295332362961,12.791864375118166,2.531561255455017
target,hydro,sobol,5,165,2.352450491960245,2.169295332362961,12.918366333004087,2.5504473382607102
target,hydro,sobol,5,166,2.352450491960245,2.169295332362961,13.110679832752794,2.595373922493309
target,hydro,sobol,5,167,2.352450491960245,2.169295332362961,13.273176374845207,2.619896463584155
target,hydro,sobol,5,168,2.352450491960245,2.169295332362961,13.450922125019133,2.6499524214304984
target,hydro,sobol,5,169,2.352450491960245,2.169295332362961,13.617329332977533,2.6831355043686926
target,hydro,sobol,5,170,2.352450491960245,2.169295332362961,13.771732124965638,2.7073569213971496
target,hydro,sobol,5,171,2.352450491960245,2.169295332362961,13.929578874725848,2.7291842130944133
target,hydro,sobol,5,172,2.352450491960245,2.169295332362961,14.075115540996194,2.751231962814927
target,hydro,sobol,5,173,2.352450491960245,2.169295332362961,14.287018124945462,2.7733878795988858
target,hydro,sobol,5,174,2.352450491960245,2.169295332362961,14.427659749984741,2.7940567964687943
target,hydro,sobol,5,175,2.352450491960245,2.169295332362961,14.554447290953249,2.812642754521221
target,hydro,sobol,5,176,2.352450491960245,2.169295332362961,14.688898707740009,2.8327109212987125
target,hydro,sobol,5,177,2.352450491960245,2.169295332362961,14.821176415774971,2.8532883804291487
target,hydro,sobol,5,178,2.352450491960245,2.169295332362961,14.951118082739413,2.8726657554507256
target,hydro,sobol,5,179,2.352450491960245,2.169295332362961,15.078541915863752,2.8912687553092837
target,hydro,sobol,5,180,2.352450491960245,2.169295332362961,15.192644000053406,2.9072525883093476
target,hydro,sobol,5,181,2.352450491960245,2.169295332362961,15.320400333032012,2.926716588437557
target,hydro,sobol,5,182,2.352450491960245,2.169295332362961,15.439961791038513,2.94506300566718
target,hydro,sobol,5,183,2.352450491960245,2.169295332362961,15.557649999856949,2.961252755485475
target,hydro,sobol,5,184,2.352450491960245,2.169295332362961,15.677689790725708,2.979354130104184
target,hydro,sobol,5,185,2.352450491960245,2.169295332362961,15.797505790833384,2.9970947140827775
target,hydro,sobol,5,186,2.352450491960245,2.169295332362961,15.921838833019137,3.0140637969598174
target,hydro,sobol,5,187,2.352450491960245,2.169295332362961,16.045189790893346,3.031571797095239
target,hydro,sobol,5,188,2.352450491960245,2.169295332362961,16.226252290885895,3.048943212721497
target,hydro,sobol,5,189,2.352450491960245,2.169295332362961,16.345076458062977,3.066208421718329
target,hydro,sobol,5,190,2.352450491960245,2.169295332362961,16.461137915961444,3.0827425057068467
target,hydro,sobol,5,191,2.352450491960245,2.169295332362961,16.575669874902815,3.0986753809265792
target,hydro,sobol,5,192,2.352450491960245,2.169295332362961,16.6974634998478,3.115676422137767
target,hydro,sobol,5,193,2.352450491960245,2.169295332362961,16.811303791124374,3.133040714543313
target,hydro,sobol,5,194,2.352450491960245,2.169295332362961,16.928416749928147,3.1496989228762686
target,hydro,sobol,5,195,2.352450491960245,2.169295332362961,17.04260404082015,3.1658459226600826
target,hydro,sobol,5,196,2.2145477776302718,2.169295332362961,17.156829957850277,3.1828433386981487
target,hydro,sobol,5,197,2.2145477776302718,2.169295332362961,17.274241582956165,3.1999198384582996
target,hydro,sobol,5,198,2.2145477776302718,2.169295332362961,17.3888804577291,3.2160360044799745
target,hydro,sobol,5,199,2.2145477776302718,2.169295332362961,17.502334082964808,3.2319362545385957
target,hydro,sobol,5,200,2.2145477776302718,2.169295332362961,17.65075262496248,3.2479084213264287
target,hydro,random,6,1,9.114559811132837,2.169295332362961,0.09057204192504287,0.01612391695380211
target,hydro,random,6,2,8.893148101757452,2.169295332362961,0.14337420789524913,0.031382125336676836
target,hydro,random,6,3,8.893148101757452,2.169295332362961,0.1989687499590218,0.047519208397716284
target,hydro,random,6,4,8.893148101757452,2.169295332362961,0.2513720002025366,0.062453041318804026
target,hydro,random,6,5,5.93148680364293,2.169295332362961,0.3046240000985563,0.07740420801565051
target,hydro,random,6,6,2.5864533367227724,2.169295332362961,0.3561484580859542,0.09250870766118169
target,hydro,random,6,7,2.5864533367227724,2.169295332362961,0.41084345802664757,0.10867029055953026
target,hydro,random,6,8,2.5864533367227724,2.169295332362961,0.4654892501421273,0.12478187447413802
target,hydro,random,6,9,2.5864533367227724,2.169295332362961,0.5190821248106658,0.13958595879375935
target,hydro,random,6,10,2.5864533367227724,2.169295332362961,0.5734948748722672,0.15567745873704553
target,hydro,random,6,11,2.3938113231570806,2.169295332362961,0.6290704170241952,0.1707157506607473
target,hydro,random,6,12,2.3938113231570806,2.169295332362961,0.6882875422015786,0.18766866670921445
target,hydro,random,6,13,2.3938113231570806,2.169295332362961,0.7448516669683158,0.20321716694161296
target,hydro,random,6,14,2.3938113231570806,2.169295332362961,0.8009232920594513,0.21855741692706943
target,hydro,random,6,15,2.3938113231570806,2.169295332362961,0.8592893751338124,0.23448774963617325
target,hydro,random,6,16,2.3938113231570806,2.169295332362961,0.9182958328165114,0.2505888743326068
target,hydro,random,6,17,2.3938113231570806,2.169295332362961,0.9769215420819819,0.26566170854493976
target,hydro,random,6,18,2.3938113231570806,2.169295332362961,1.0378248752094805,0.28233000030741096
target,hydro,random,6,19,2.3938113231570806,2.169295332362961,1.0957642500288785,0.29767220839858055
target,hydro,random,6,20,2.3938113231570806,2.169295332362961,1.1550665418617427,0.3138537504710257
target,hydro,random,6,21,2.3938113231570806,2.169295332362961,1.217029791790992,0.33000800013542175
target,hydro,random,6,22,2.3938113231570806,2.169295332362961,1.2806507921777666,0.3462790842168033
target,hydro,random,6,23,2.3938113231570806,2.169295332362961,1.3380690831691027,0.3614535015076399
target,hydro,random,6,24,2.3938113231570806,2.169295332362961,1.3950251671485603,0.37652345933020115
target,hydro,random,6,25,2.3938113231570806,2.169295332362961,1.4531568330712616,0.39280045917257667
target,hydro,random,6,26,2.3938113231570806,2.169295332362961,1.5107050421647727,0.40757120912894607
target,hydro,random,6,27,2.3938113231570806,2.169295332362961,1.569570125080645,0.4226474999450147
target,hydro,random,6,28,2.3938113231570806,2.169295332362961,1.6285414579324424,0.438314207829535
target,hydro,random,6,29,2.3938113231570806,2.169295332362961,1.6877683750353754,0.4530438738875091
target,hydro,random,6,30,2.3938113231570806,2.169295332362961,1.7492025000974536,0.46806504065170884
target,hydro,random,6,31,2.3938113231570806,2.169295332362961,1.8127594999969006,0.4829847486689687
target,hydro,random,6,32,2.3938113231570806,2.169295332362961,1.875141458120197,0.49917095759883523
target,hydro,random,6,33,2.3938113231570806,2.169295332362961,1.9360662079416215,0.5151894995942712
target,hydro,random,6,34,2.3938113231570806,2.169295332362961,1.9968933751806617,0.5302333743311465
target,hydro,random,6,35,2.3938113231570806,2.169295332362961,2.0585710001178086,0.5454386244527996
target,hydro,random,6,36,2.3938113231570806,2.169295332362961,2.1201981669291854,0.5614309995435178
target,hydro,random,6,37,2.3938113231570806,2.169295332362961,2.1837833328172565,0.5764872496947646
target,hydro,random,6,38,2.3938113231570806,2.169295332362961,2.248342125210911,0.5925046666525304
target,hydro,random,6,39,2.3938113231570806,2.169295332362961,2.3148947078734636,0.6089899996295571
target,hydro,random,6,40,2.3938113231570806,2.169295332362961,2.3846811251714826,0.6253903326578438
target,hydro,random,6,41,2.3938113231570806,2.169295332362961,2.4519299580715597,0.6408792906440794
target,hydro,random,6,42,2.3938113231570806,2.169295332362961,2.51749425008893,0.6574311656877398
target,hydro,random,6,43,2.3938113231570806,2.169295332362961,2.5838570832274854,0.6727928738109767
target,hydro,random,6,44,2.3938113231570806,2.169295332362961,2.6496626250445843,0.6881991648115218
target,hydro,random,6,45,2.3938113231570806,2.169295332362961,2.7134404168464243,0.7028181226924062
target,hydro,random,6,46,2.3938113231570806,2.169295332362961,2.7794257500208914,0.7169446228072047
target,hydro,random,6,47,2.3938113231570806,2.169295332362961,2.846820042002946,0.7322238306514919
target,hydro,random,6,48,2.3938113231570806,2.169295332362961,2.9131658747792244,0.745832163374871
target,hydro,random,6,49,2.3938113231570806,2.169295332362961,2.982954000122845,0.7609349135309458
target,hydro,random,6,50,2.3938113231570806,2.169295332362961,3.0482402499765158,0.7761196214705706
target,hydro,random,6,51,2.3938113231570806,2.169295332362961,3.1116662081331015,0.7904231217689812
target,hydro,random,6,52,2.3938113231570806,2.169295332362961,3.1790112080052495,0.8048981218598783
target,hydro,random,6,53,2.3938113231570806,2.169295332362961,3.244765792042017,0.8202016637660563
target,hydro,random,6,54,2.3938113231570806,2.169295332362961,3.3104413747787476,0.8354238304309547
target,hydro,random,6,55,2.3938113231570806,2.169295332362961,3.3749632919207215,0.8504896643571556
target,hydro,random,6,56,2.3938113231570806,2.169295332362961,3.441442667040974,0.8656059973873198
target,hydro,random,6,57,2.3938113231570806,2.169295332362961,3.508600791916251,0.8800662886351347
target,hydro,random,6,58,2.3938113231570806,2.169295332362961,3.5771283749490976,0.8953221216797829
target,hydro,random,6,59,2.3938113231570806,2.169295332362961,3.6409501251764596,0.9095199545845389
target,hydro,random,6,60,2.3938113231570806,2.169295332362961,3.706319000106305,0.9246290372684598
target,hydro,random,6,61,2.1783949225998622,2.169295332362961,3.7712401668541133,0.9396507032215595
target,hydro,random,6,62,2.1783949225998622,2.169295332362961,3.855742999818176,0.9549200781621039
target,hydro,random,6,63,2.1783949225998622,2.169295332362961,3.9234713329933584,0.9703723704442382
target,hydro,random,6,64,2.1783949225998622,2.169295332362961,3.9896014579571784,0.9849921623244882
target,hydro,random,6,65,2.1783949225998622,2.169295332362961,4.056795292068273,1.000326787121594
target,hydro,random,6,66,2.1783949225998622,2.169295332362961,4.130021333228797,1.0153846624307334
target,hydro,random,6,67,2.1783949225998622,2.169295332362961,4.198373707942665,1.0296212043613195
target,hydro,random,6,68,2.1783949225998622,2.169295332362961,4.270443874876946,1.045373204164207
target,hydro,random,6,69,2.1783949225998622,2.169295332362961,4.34177654189989,1.0613753288052976
target,hydro,random,6,70,2.1783949225998622,2.169295332362961,4.414291208144277,1.0774937458336353
target,hydro,random,6,71,2.1783949225998622,2.169295332362961,4.483201791997999,1.0915777459740639
target,hydro,random,6,72,2.1783949225998622,2.169295332362961,4.553550499957055,1.106738620903343
target,hydro,random,6,73,2.1783949225998622,2.169295332362961,4.627129000145942,1.1223336206749082
target,hydro,random,6,74,2.1783949225998622,2.169295332362961,4.700047042220831,1.1374490796588361
target,hydro,random,6,75,2.1783949225998622,2.169295332362961,4.775627333205193,1.1527424128726125
target,hydro,random,6,76,2.1783949225998622,2.169295332362961,4.847804166842252,1.166944787837565
target,hydro,random,6,77,2.1783949225998622,2.169295332362961,4.917464124970138,1.180922329891473
target,hydro,random,6,78,2.1783949225998622,2.169295332362961,4.991606667172164,1.1966794547624886
target,hydro,random,6,79,2.1783949225998622,2.169295332362961,5.066450625192374,1.2114849966019392
target,hydro,random,6,80,2.1783949225998622,2.169295332362961,5.140970749780536,1.2255950793623924
target,hydro,random,6,81,2.1783949225998622,2.169295332362961,5.2165304170921445,1.2409054543823004
target,hydro,random,6,82,2.1783949225998622,2.169295332362961,5.291706374846399,1.255764412228018
target,hydro,random,6,83,2.1783949225998622,2.169295332362961,5.364662374835461,1.2699067872017622
target,hydro,random,6,84,2.1783949225998622,2.169295332362961,5.442376708146185,1.2850903701037169
target,hydro,random,6,85,2.1783949225998622,2.169295332362961,5.51404995797202,1.3000305783934891
target,hydro,random,6,86,2.1783949225998622,2.169295332362961,5.5902579999528825,1.315510494634509
target,hydro,random,6,87,2.1783949225998622,2.169295332362961,5.716247291769832,1.3307613278739154
target,hydro,random,6,88,2.1783949225998622,2.169295332362961,5.789728874806315,1.3457879121415317
target,hydro,random,6,89,2.1783949225998622,2.169295332362961,5.86916633322835,1.362133244983852
target,hydro,random,6,90,2.1783949225998622,2.169295332362961,5.947489082813263,1.378345079254359
target,hydro,random,6,91,2.1783949225998622,2.169295332362961,6.025536375120282,1.3929231204092503
target,hydro,random,6,92,2.1783949225998622,2.169295332362961,6.1027261251583695,1.4085168284364045
target,hydro,random,6,93,2.1783949225998622,2.169295332362961,6.182932542171329,1.4244849947281182
target,hydro,random,6,94,2.1783949225998622,2.169295332362961,6.266900707967579,1.440458660479635
target,hydro,random,6,95,2.1783949225998622,2.169295332362961,6.35165987489745,1.4569678683765233
target,hydro,random,6,96,2.1783949225998622,2.169295332362961,6.433045249897987,1.4728730763308704
target,hydro,random,6,97,2.1783949225998622,2.169295332362961,6.523465957958251,1.4892074936069548
target,hydro,random,6,98,2.1783949225998622,2.169295332362961,6.6095575001090765,1.5034619108773768
target,hydro,random,6,99,2.1783949225998622,2.169295332362961,6.702455167192966,1.519509035628289
target,hydro,random,6,100,2.1783949225998622,2.169295332362961,6.79656545817852,1.5368130775168538
target,hydro,random,6,101,2.1783949225998622,2.169295332362961,6.8882159581407905,1.5540809934027493
target,hydro,random,6,102,2.1783949225998622,2.169295332362961,6.979054207913578,1.571359368506819
target,hydro,random,6,103,2.1783949225998622,2.169295332362961,7.070557250175625,1.5873215766623616
target,hydro,random,6,104,2.1783949225998622,2.169295332362961,7.162650667130947,1.6046012435108423
target,hydro,random,6,105,2.1783949225998622,2.169295332362961,7.253827250096947,1.6225701184011996
target,hydro,random,6,106,2.1783949225998622,2.169295332362961,7.3459774581715465,1.6402391605079174
target,hydro,random,6,107,2.1783949225998622,2.169295332362961,7.453929124865681,1.6612972444854677
target,hydro,random,6,108,2.1783949225998622,2.169295332362961,7.553869583178312,1.6800111196935177
target,hydro,random,6,109,2.1783949225998622,2.169295332362961,7.649031999986619,1.6973030776716769
target,hydro,random,6,110,2.1783949225998622,2.169295332362961,7.744597166776657,1.7156359949149191
target,hydro,random,6,111,2.1783949225998622,2.169295332362961,7.855192250106484,1.733394785784185
target,hydro,random,6,112,2.1783949225998622,2.169295332362961,8.015531667042524,1.7635774109512568
target,hydro,random,6,113,2.1783949225998622,2.169295332362961,8.152770250104368,1.7875538282096386
target,hydro,random,6,114,2.1783949225998622,2.169295332362961,8.29464991716668,1.8114526201970875
target,hydro,random,6,115,2.1783949225998622,2.169295332362961,8.451796375215054,1.8386691203340888
target,hydro,random,6,116,2.1783949225998622,2.169295332362961,8.592712041921914,1.8617534954100847
target,hydro,random,6,117,2.1783949225998622,2.169295332362961,8.738641667179763,1.889055828563869
target,hydro,random,6,118,2.1783949225998622,2.169295332362961,8.86451445799321,1.9104734533466399
target,hydro,random,6,119,2.1783949225998622,2.169295332362961,8.986558333039284,1.930694161914289
target,hydro,random,6,120,2.1783949225998622,2.169295332362961,9.105054332874715,1.9531939956359565
target,hydro,random,6,121,2.1783949225998622,2.169295332362961,9.222498083021492,1.9730064533650875
target,hydro,random,6,122,2.1783949225998622,2.169295332362961,9.34182033315301,1.9939037030562758
target,hydro,random,6,123,2.1783949225998622,2.169295332362961,9.454773167148232,2.0149417859502137
target,hydro,random,6,124,2.1783949225998622,2.169295332362961,9.562439875211567,2.0348538272082806
target,hydro,random,6,125,2.1783949225998622,2.169295332362961,9.669984791893512,2.0534212021157146
target,hydro,random,6,126,2.1783949225998622,2.169295332362961,9.780302166938782,2.0733924522064626
target,hydro,random,6,127,2.1783949225998622,2.169295332362961,9.951036250218749,2.091830744408071
target,hydro,random,6,128,2.1783949225998622,2.169295332362961,10.061161667108536,2.1102988277561963
target,hydro,random,6,129,2.1783949225998622,2.169295332362961,10.173444000072777,2.130032494664192
target,hydro,random,6,130,2.1783949225998622,2.169295332362961,10.284719374962151,2.149291452486068
target,hydro,random,6,131,2.1783949225998622,2.169295332362961,10.392172458115965,2.1693014944903553
target,hydro,random,6,132,2.1783949225998622,2.169295332362961,10.485855875071138,2.18735270248726
target,hydro,random,6,133,2.1783949225998622,2.169295332362961,10.590864541940391,2.2045036614872515
target,hydro,random,6,134,2.1783949225998622,2.169295332362961,10.699518042150885,2.2227036193944514
target,hydro,random,6,135,2.1783949225998622,2.169295332362961,10.804839666932821,2.2400080366060138
target,hydro,random,6,136,2.1783949225998622,2.169295332362961,10.913756958208978,2.2587509942241013
target,hydro,random,6,137,2.1783949225998622,2.169295332362961,11.019453667104244,2.275510952807963
target,hydro,random,6,138,2.1783949225998622,2.169295332362961,11.1240035421215,2.29266953561455
target,hydro,random,6,139,2.1783949225998622,2.169295332362961,11.229716124944389,2.30942611861974
target,hydro,random,6,140,2.1783949225998622,2.169295332362961,11.33793537504971,2.3283676598221064
target,hydro,random,6,141,2.1783949225998622,2.169295332362961,11.439060333184898,2.3456012438982725
target,hydro,random,6,142,2.1783949225998622,2.169295332362961,11.540163749828935,2.3627939531579614
target,hydro,random,6,143,2.1783949225998622,2.169295332362961,11.641999333165586,2.3798363702371716
target,hydro,random,6,144,2.1783949225998622,2.169295332362961,11.740700957830995,2.3961063702590764
target,hydro,random,6,145,2.1783949225998622,2.169295332362961,11.838172041811049,2.4120691204443574
target,hydro,random,6,146,2.1783949225998622,2.169295332362961,11.936763625126332,2.42910562036559
target,hydro,random,6,147,2.1783949225998622,2.169295332362961,12.036223291885108,2.446097370237112
target,hydro,random,6,148,2.1783949225998622,2.169295332362961,12.133997083175927,2.461912787053734
target,hydro,random,6,149,2.1783949225998622,2.169295332362961,12.291032707784325,2.4788595368154347
target,hydro,random,6,150,2.1783949225998622,2.169295332362961,12.394875375088304,2.4955318700522184
target,hydro,random,6,151,2.1783949225998622,2.169295332362961,12.495949416887015,2.5112127447500825
target,hydro,random,6,152,2.1783949225998622,2.169295332362961,12.599222958087921,2.5283803693018854
target,hydro,random,6,153,2.1783949225998622,2.169295332362961,12.700298792216927,2.544052828103304
target,hydro,random,6,154,2.1783949225998622,2.169295332362961,12.802149082999676,2.560964662116021
target,hydro,random,6,155,2.1783949225998622,2.169295332362961,12.902412166818976,2.57575870398432
target,hydro,random,6,156,2.1783949225998622,2.169295332362961,13.006584375165403,2.5928934537805617
target,hydro,random,6,157,2.1783949225998622,2.169295332362961,13.10915358318016,2.609760162886232
target,hydro,random,6,158,2.1783949225998622,2.169295332362961,13.206848166882992,2.626125371083617
target,hydro,random,6,159,2.1783949225998622,2.169295332362961,13.305458125192672,2.641893621068448
target,hydro,random,6,160,2.1783949225998622,2.169295332362961,13.401226582936943,2.6569872051477432
target,hydro,random,6,161,2.1783949225998622,2.169295332362961,13.498281124979258,2.6729617891833186
target,hydro,random,6,162,2.1783949225998622,2.169295332362961,13.598161291796714,2.688863663934171
target,hydro,random,6,163,2.1783949225998622,2.169295332362961,13.698353833053261,2.704784205183387
target,hydro,random,6,164,2.1783949225998622,2.169295332362961,13.796640332788229,2.719923995900899
target,hydro,random,6,165,2.1783949225998622,2.169295332362961,13.896456750109792,2.7346261208876967
target,hydro,random,6,166,2.1783949225998622,2.169295332362961,13.995143957901746,2.750480121001601
target,hydro,random,6,167,2.1783949225998622,2.169295332362961,14.101967667229474,2.766103162895888
target,hydro,random,6,168,2.1783949225998622,2.169295332362961,14.21115450002253,2.783036371227354
target,hydro,random,6,169,2.1783949225998622,2.169295332362961,14.31950950017199,2.800093205180019
target,hydro,random,6,170,2.1783949225998622,2.169295332362961,14.42576358281076,2.814912080299109
target,hydro,random,6,171,2.1783949225998622,2.169295332362961,14.530423291958869,2.830322122666985
target,hydro,random,6,172,2.1783949225998622,2.169295332362961,14.637978207785636,2.8467196645215154
target,hydro,random,6,173,2.1783949225998622,2.169295332362961,14.810191874857992,2.8624608726240695
target,hydro,random,6,174,2.1783949225998622,2.169295332362961,14.92165937507525,2.8788111228495836
target,hydro,random,6,175,2.1783949225998622,2.169295332362961,15.02677237521857,2.8950599557720125
target,hydro,random,6,176,2.1783949225998622,2.169295332362961,15.134391416795552,2.9110854556784034
target,hydro,random,6,177,2.1783949225998622,2.169295332362961,15.242690457962453,2.9271963727660477
target,hydro,random,6,178,2.1783949225998622,2.169295332362961,15.347542124800384,2.943378581199795
target,hydro,random,6,179,2.1783949225998622,2.169295332362961,15.44931154185906,2.9592314143665135
target,hydro,random,6,180,2.1783949225998622,2.169295332362961,15.55182741722092,2.975085873156786
target,hydro,random,6,181,2.1783949225998622,2.169295332362961,15.656448166817427,2.9901507482863963
target,hydro,random,6,182,2.1783949225998622,2.169295332362961,15.761069708038121,3.006175915710628
target,hydro,random,6,183,2.1783949225998622,2.169295332362961,15.868568708188832,3.0223346236161888
target,hydro,random,6,184,2.1783949225998622,2.169295332362961,15.972581208217889,3.0382284563966095
target,hydro,random,6,185,2.1783949225998622,2.169295332362961,16.077677874825895,3.0542783313430846
target,hydro,random,6,186,2.1783949225998622,2.169295332362961,16.181941291783005,3.0691599985584617
target,hydro,random,6,187,2.1783949225998622,2.169295332362961,16.288580500055104,3.084146081469953
target,hydro,random,6,188,2.1783949225998622,2.169295332362961,16.400060958229005,3.0991241657175124
target,hydro,random,6,189,2.1783949225998622,2.169295332362961,16.509008707944304,3.1150797489099205
target,hydro,random,6,190,2.1783949225998622,2.169295332362961,16.67224191688001,3.1309179151430726
target,hydro,random,6,191,2.1783949225998622,2.169295332362961,16.782102291937917,3.1463785404339433
target,hydro,random,6,192,2.1783949225998622,2.169295332362961,16.890540750231594,3.1624117908068
target,hydro,random,6,193,2.1783949225998622,2.169295332362961,16.997180125210434,3.1771533736027777
target,hydro,random,6,194,2.1783949225998622,2.169295332362961,17.10524179181084,3.1932920408435166
target,hydro,random,6,195,2.1783949225998622,2.169295332362961,17.211457250174135,3.208191248588264
target,hydro,random,6,196,2.1783949225998622,2.169295332362961,17.31756145786494,3.2230803738348186
target,hydro,random,6,197,2.1783949225998622,2.169295332362961,17.425871333107352,3.239056456834078
target,hydro,random,6,198,2.1783949225998622,2.169295332362961,17.533581166993827,3.25388258183375
target,hydro,random,6,199,2.1783949225998622,2.169295332362961,17.646413874812424,3.270506539847702
target,hydro,random,6,200,2.1783949225998622,2.169295332362961,17.796496083028615,3.285273915156722
target,hydro,sobol,6,1,3.0848915556084493,2.169295332362961,0.09840229200199246,0.015937374904751778
target,hydro,sobol,6,2,3.0848915556084493,2.169295332362961,0.1459307922050357,0.029645750299096107
target,hydro,sobol,6,3,3.0848915556084493,2.169295332362961,0.19782745884731412,0.044592250138521194
target,hydro,sobol,6,4,3.0848915556084493,2.169295332362961,0.26536712516099215,0.06983258435502648
target,hydro,sobol,6,5,3.0848915556084493,2.169295332362961,0.32209799997508526,0.08613841747865081
target,hydro,sobol,6,6,3.0848915556084493,2.169295332362961,0.37870591692626476,0.10096704261377454
target,hydro,sobol,6,7,3.0848915556084493,2.169295332362961,0.4370823339559138,0.11658987542614341
target,hydro,sobol,6,8,3.0848915556084493,2.169295332362961,0.49479574989527464,0.1330852503888309
target,hydro,sobol,6,9,3.0848915556084493,2.169295332362961,0.5527783748693764,0.14904095837846398
target,hydro,sobol,6,10,3.0848915556084493,2.169295332362961,0.6076690838672221,0.16399179119616747
target,hydro,sobol,6,11,3.0848915556084493,2.169295332362961,0.6645819172263145,0.17936016619205475
target,hydro,sobol,6,12,3.0848915556084493,2.169295332362961,0.7237736671231687,0.1955378740094602
target,hydro,sobol,6,13,3.0848915556084493,2.169295332362961,0.785806542262435,0.21220441488549113
target,hydro,sobol,6,14,3.0848915556084493,2.169295332362961,0.8475545421242714,0.22739149909466505
target,hydro,sobol,6,15,3.0848915556084493,2.169295332362961,0.9044992499984801,0.24284799909219146
target,hydro,sobol,6,16,3.0848915556084493,2.169295332362961,0.9651339170522988,0.2587987491860986
target,hydro,sobol,6,17,3.0848915556084493,2.169295332362961,1.0256218751892447,0.2748558740131557
target,hydro,sobol,6,18,3.0848915556084493,2.169295332362961,1.0850895000621676,0.2900219992734492
target,hydro,sobol,6,19,3.0848915556084493,2.169295332362961,1.1416691672056913,0.30474141519516706
target,hydro,sobol,6,20,3.0848915556084493,2.169295332362961,1.1999021670781076,0.3192476648837328
target,hydro,sobol,6,21,3.0848915556084493,2.169295332362961,1.259741417132318,0.33563020592555404
target,hydro,sobol,6,22,3.0848915556084493,2.169295332362961,1.3220349592156708,0.35098687186837196
target,hydro,sobol,6,23,3.0848915556084493,2.169295332362961,1.3803269588388503,0.3651567888446152
target,hydro,sobol,6,24,2.513574699054317,2.169295332362961,1.4384604999795556,0.38061662297695875
target,hydro,sobol,6,25,2.513574699054317,2.169295332362961,1.496522500179708,0.39606683189049363
target,hydro,sobol,6,26,2.513574699054317,2.169295332362961,1.551694500260055,0.4101240816526115
target,hydro,sobol,6,27,2.513574699054317,2.169295332362961,1.606871500145644,0.4240284566767514
target,hydro,sobol,6,28,2.513574699054317,2.169295332362961,1.6652507092803717,0.43981599900871515
target,hydro,sobol,6,29,2.513574699054317,2.169295332362961,1.721857209224254,0.4547294988296926
target,hydro,sobol,6,30,2.513574699054317,2.169295332362961,1.7823623339645565,0.4688373738899827
target,hydro,sobol,6,31,2.513574699054317,2.169295332362961,1.8434310420416296,0.48372233286499977
target,hydro,sobol,6,32,2.513574699054317,2.169295332362961,1.9089814592152834,0.4997414988465607
target,hydro,sobol,6,33,2.513574699054317,2.169295332362961,1.9739264999516308,0.5157054159790277
target,hydro,sobol,6,34,2.513574699054317,2.169295332362961,2.0341557092033327,0.5304695409722626
target,hydro,sobol,6,35,2.513574699054317,2.169295332362961,2.0948085840791464,0.5451910411939025
target,hydro,sobol,6,36,2.513574699054317,2.169295332362961,2.1564185842871666,0.5609701252542436
target,hydro,sobol,6,37,2.513574699054317,2.169295332362961,2.220310208853334,0.5767745831981301
target,hydro,sobol,6,38,2.513574699054317,2.169295332362961,2.279457916971296,0.5909662921912968
target,hydro,sobol,6,39,2.513574699054317,2.169295332362961,2.339547833893448,0.6048987512476742
target,hydro,sobol,6,40,2.513574699054317,2.169295332362961,2.4048072919249535,0.6199098764918745
target,hydro,sobol,6,41,2.513574699054317,2.169295332362961,2.4702382921241224,0.6351250438019633
target,hydro,sobol,6,42,2.513574699054317,2.169295332362961,2.530528958886862,0.649124585557729
target,hydro,sobol,6,43,2.513574699054317,2.169295332362961,2.5914159999229014,0.6632277932949364
target,hydro,sobol,6,44,2.513574699054317,2.169295332362961,2.654050209093839,0.6781010851264
target,hydro,sobol,6,45,2.513574699054317,2.169295332362961,2.7168723340146244,0.6931514600291848
target,hydro,sobol,6,46,2.513574699054317,2.169295332362961,2.779645083937794,0.7073402521200478
target,hydro,sobol,6,47,2.513574699054317,2.169295332362961,2.842967125121504,0.7213307931087911
target,hydro,sobol,6,48,2.513574699054317,2.169295332362961,2.908401541877538,0.7364327101968229
target,hydro,sobol,6,49,2.513574699054317,2.169295332362961,2.975836541969329,0.7516480851918459
target,hydro,sobol,6,50,2.513574699054317,2.169295332362961,3.044166250154376,0.7669407930225134
target,hydro,sobol,6,51,2.513574699054317,2.169295332362961,3.111158875282854,0.7816448346711695
target,hydro,sobol,6,52,2.2719076382488574,2.169295332362961,3.1789017501287162,0.7977146673947573
target,hydro,sobol,6,53,2.2719076382488574,2.169295332362961,3.2438064171001315,0.8131958344019949
target,hydro,sobol,6,54,2.2719076382488574,2.169295332362961,3.312394166830927,0.8277387511916459
target,hydro,sobol,6,55,2.2719076382488574,2.169295332362961,3.378616792149842,0.8426212924532592
target,hydro,sobol,6,56,2.2719076382488574,2.169295332362961,3.4460637918673456,0.8577563758008182
target,hydro,sobol,6,57,2.2719076382488574,2.169295332362961,3.514372874982655,0.8730480428785086
target,hydro,sobol,6,58,2.2719076382488574,2.169295332362961,3.5816452922299504,0.8872154178097844
target,hydro,sobol,6,59,2.2719076382488574,2.169295332362961,3.646295125130564,0.9013701681979001
target,hydro,sobol,6,60,2.2719076382488574,2.169295332362961,3.711901292204857,0.916212001349777
target,hydro,sobol,6,61,2.2719076382488574,2.169295332362961,3.777478458825499,0.9311770843341947
target,hydro,sobol,6,62,2.2719076382488574,2.169295332362961,3.845572833903134,0.9459682935848832
target,hydro,sobol,6,63,2.2719076382488574,2.169295332362961,3.9112106668762863,0.9604873359203339
target,hydro,sobol,6,64,2.2719076382488574,2.169295332362961,3.9795831250958145,0.9762354609556496
target,hydro,sobol,6,65,2.2719076382488574,2.169295332362961,4.047875749878585,0.9913768358528614
target,hydro,sobol,6,66,2.2719076382488574,2.169295332362961,4.119576416909695,1.0062474608421326
target,hydro,sobol,6,67,2.2719076382488574,2.169295332362961,4.186469584237784,1.0203565857373178
target,hydro,sobol,6,68,2.2719076382488574,2.169295332362961,4.253260666970164,1.0352075016126037
target,hydro,sobol,6,69,2.2719076382488574,2.169295332362961,4.324751041829586,1.0509867100045085
target,hydro,sobol,6,70,2.2719076382488574,2.169295332362961,4.393346291966736,1.0660335021093488
target,hydro,sobol,6,71,2.2719076382488574,2.169295332362961,4.46475954214111,1.0807988769374788
target,hydro,sobol,6,72,2.2719076382488574,2.169295332362961,4.535081500187516,1.096602126955986
target,hydro,sobol,6,73,2.2719076382488574,2.169295332362961,4.605297124944627,1.1115488358773291
target,hydro,sobol,6,74,2.2719076382488574,2.169295332362961,4.677749583963305,1.1268485020846128
target,hydro,sobol,6,75,2.2719076382488574,2.169295332362961,4.75009591691196,1.1418254179880023
target,hydro,sobol,6,76,2.2719076382488574,2.169295332362961,4.824054125230759,1.1567975846119225
target,hydro,sobol,6,77,2.2719076382488574,2.169295332362961,4.898791917134076,1.171759626828134
target,hydro,sobol,6,78,2.2719076382488574,2.169295332362961,4.968984334263951,1.1860086270608008
target,hydro,sobol,6,79,2.2719076382488574,2.169295332362961,5.042315834201872,1.200759335886687
target,hydro,sobol,6,80,2.2719076382488574,2.169295332362961,5.115717375185341,1.2160399197600782
target,hydro,sobol,6,81,2.2719076382488574,2.169295332362961,5.191170291975141,1.2319725868292153
target,hydro,sobol,6,82,2.2719076382488574,2.169295332362961,5.265327666886151,1.2463287529535592
target,hydro,sobol,6,83,2.2719076382488574,2.169295332362961,5.3433337500318885,1.261112544219941
target,hydro,sobol,6,84,2.2719076382488574,2.169295332362961,5.420166917145252,1.2774283769540489
target,hydro,sobol,6,85,2.2719076382488574,2.169295332362961,5.496664042118937,1.2931986688636243
target,hydro,sobol,6,86,2.2719076382488574,2.169295332362961,5.575141625013202,1.3080621687695384
target,hydro,sobol,6,87,2.2719076382488574,2.169295332362961,5.6497218338772655,1.3228935860097408
target,hydro,sobol,6,88,2.2719076382488574,2.169295332362961,5.726578459143639,1.3386910860426724
target,hydro,sobol,6,89,2.2719076382488574,2.169295332362961,5.8036390002816916,1.3547074189409614
target,hydro,sobol,6,90,2.2719076382488574,2.169295332362961,5.877944250125438,1.3694120850414038
target,hydro,sobol,6,91,2.2719076382488574,2.169295332362961,5.953863000031561,1.3836897513829172
target,hydro,sobol,6,92,2.2719076382488574,2.169295332362961,6.0308925420977175,1.398679293692112
target,hydro,sobol,6,93,2.2719076382488574,2.169295332362961,6.157789499964565,1.4142177938483655
target,hydro,sobol,6,94,2.2719076382488574,2.169295332362961,6.236100375186652,1.4286616686731577
target,hydro,sobol,6,95,2.2719076382488574,2.169295332362961,6.31471991725266,1.4433770854957402
target,hydro,sobol,6,96,2.2719076382488574,2.169295332362961,6.399109917227179,1.4593247943557799
target,hydro,sobol,6,97,2.2719076382488574,2.169295332362961,6.481461375020444,1.4748085443861783
target,hydro,sobol,6,98,2.2719076382488574,2.169295332362961,6.561365833971649,1.4889225023798645
target,hydro,sobol,6,99,2.2719076382488574,2.169295332362961,6.643061709124595,1.5029415432363749
target,hydro,sobol,6,100,2.2719076382488574,2.169295332362961,6.725337834097445,1.5184230851009488
target,hydro,sobol,6,101,2.2719076382488574,2.169295332362961,6.810597584117204,1.53482954390347
target,hydro,sobol,6,102,2.2719076382488574,2.169295332362961,6.8927609589882195,1.5498747937381268
target,hydro,sobol,6,103,2.2719076382488574,2.169295332362961,6.975419375114143,1.564882876817137
target,hydro,sobol,6,104,2.2719076382488574,2.169295332362961,7.068161000031978,1.5808272105641663
target,hydro,sobol,6,105,2.2719076382488574,2.169295332362961,7.154630166944116,1.5971752107143402
target,hydro,sobol,6,106,2.2719076382488574,2.169295332362961,7.240232000127435,1.6120963776484132
target,hydro,sobol,6,107,2.2719076382488574,2.169295332362961,7.324214625172317,1.6272157947532833
target,hydro,sobol,6,108,2.2719076382488574,2.169295332362961,7.407668292056769,1.643415835686028
target,hydro,sobol,6,109,2.2719076382488574,2.169295332362961,7.492424792144448,1.659678002819419
target,hydro,sobol,6,110,2.2719076382488574,2.169295332362961,7.5751761249266565,1.6747691282071173
target,hydro,sobol,6,111,2.2719076382488574,2.169295332362961,7.657371959183365,1.6896733371540904
target,hydro,sobol,6,112,2.2719076382488574,2.169295332362961,7.742198250256479,1.705732962116599
target,hydro,sobol,6,113,2.2719076382488574,2.169295332362961,7.826205417048186,1.7216408788226545
target,hydro,sobol,6,114,2.2719076382488574,2.169295332362961,7.908808874897659,1.736327045597136
target,hydro,sobol,6,115,2.2719076382488574,2.169295332362961,7.993899208959192,1.7519147116690874
target,hydro,sobol,6,116,2.2719076382488574,2.169295332362961,8.080185584258288,1.7681100447662175
target,hydro,sobol,6,117,2.2719076382488574,2.169295332362961,8.164824416860938,1.7840640037320554
target,hydro,sobol,6,118,2.2719076382488574,2.169295332362961,8.250050667207688,1.7991709625348449
target,hydro,sobol,6,119,2.2719076382488574,2.169295332362961,8.335259791929275,1.8139636707492173
target,hydro,sobol,6,120,2.2719076382488574,2.169295332362961,8.421154499985278,1.8295594211667776
target,hydro,sobol,6,121,2.2719076382488574,2.169295332362961,8.509747125208378,1.8457950460724533
target,hydro,sobol,6,122,2.2719076382488574,2.169295332362961,8.59309883415699,1.8599035050719976
target,hydro,sobol,6,123,2.2719076382488574,2.169295332362961,8.680561959277838,1.8744372972287238
target,hydro,sobol,6,124,2.2719076382488574,2.169295332362961,8.76979795889929,1.8902288805693388
target,hydro,sobol,6,125,2.2719076382488574,2.169295332362961,8.862681291997433,1.9052598383277655
target,hydro,sobol,6,126,2.2719076382488574,2.169295332362961,8.950349375139922,1.919656879734248
target,hydro,sobol,6,127,2.2719076382488574,2.169295332362961,9.039659916888922,1.9348860047757626
target,hydro,sobol,6,128,2.2719076382488574,2.169295332362961,9.131980624981225,1.9505698797293007
target,hydro,sobol,6,129,2.2719076382488574,2.169295332362961,9.224868333898485,1.9672110467217863
target,hydro,sobol,6,130,2.2719076382488574,2.169295332362961,9.371347709093243,1.9821492969058454
target,hydro,sobol,6,131,2.2719076382488574,2.169295332362961,9.462936624884605,1.9973755050450563
target,hydro,sobol,6,132,2.2719076382488574,2.169295332362961,9.55197283392772,2.013249171897769
target,hydro,sobol,6,133,2.2719076382488574,2.169295332362961,9.641505209263414,2.029403130058199
target,hydro,sobol,6,134,2.2719076382488574,2.169295332362961,9.730080416891724,2.0443196720443666
target,hydro,sobol,6,135,2.2719076382488574,2.169295332362961,9.819470125250518,2.0592577131465077
target,hydro,sobol,6,136,2.2719076382488574,2.169295332362961,9.909949542023242,2.0756225460208952
target,hydro,sobol,6,137,2.2719076382488574,2.169295332362961,10.001272084191442,2.0919679631479084
target,hydro,sobol,6,138,2.2719076382488574,2.169295332362961,10.09398129209876,2.106852130033076
target,hydro,sobol,6,139,2.2719076382488574,2.169295332362961,10.18820183398202,2.1219730880111456
target,hydro,sobol,6,140,2.2719076382488574,2.169295332362961,10.27851750003174,2.138025378808379
target,hydro,sobol,6,141,2.2719076382488574,2.169295332362961,10.370583875104785,2.154017296154052
target,hydro,sobol,6,142,2.2719076382488574,2.169295332362961,10.460728833917528,2.1691380040720105
target,hydro,sobol,6,143,2.2719076382488574,2.169295332362961,10.5504310419783,2.1836401289328933
target,hydro,sobol,6,144,2.2719076382488574,2.169295332362961,10.646597292274237,2.1992708793841302
target,hydro,sobol,6,145,2.2719076382488574,2.169295332362961,10.737482124939561,2.2148832962848246
target,hydro,sobol,6,146,2.2719076382488574,2.169295332362961,10.830850291997194,2.2302440884523094
target,hydro,sobol,6,147,2.2719076382488574,2.169295332362961,10.922947292216122,2.245304171461612
target,hydro,sobol,6,148,2.2719076382488574,2.169295332362961,11.015964624937624,2.260142338462174
target,hydro,sobol,6,149,2.2719076382488574,2.169295332362961,11.111340458970517,2.276291338261217
target,hydro,sobol,6,150,2.2719076382488574,2.169295332362961,11.20936125004664,2.2910810885950923
target,hydro,sobol,6,151,2.2719076382488574,2.169295332362961,11.300931834150106,2.3050110884942114
target,hydro,sobol,6,152,2.2719076382488574,2.169295332362961,11.45129229221493,2.321038213558495
target,hydro,sobol,6,153,2.2719076382488574,2.169295332362961,11.544796499889344,2.3363282554782927
target,hydro,sobol,6,154,2.2719076382488574,2.169295332362961,11.642308959271759,2.3511893805116415
target,hydro,sobol,6,155,2.2719076382488574,2.169295332362961,11.737776041962206,2.3656076304614544
target,hydro,sobol,6,156,2.2719076382488574,2.169295332362961,11.831026500090957,2.380622422322631
target,hydro,sobol,6,157,2.2719076382488574,2.169295332362961,11.924967708997428,2.395771922543645
target,hydro,sobol,6,158,2.2719076382488574,2.169295332362961,12.020849499851465,2.410505880601704
target,hydro,sobol,6,159,2.2719076382488574,2.169295332362961,12.114835666958243,2.424614255782217
target,hydro,sobol,6,160,2.2719076382488574,2.169295332362961,12.213278292212635,2.440415588673204
target,hydro,sobol,6,161,2.2719076382488574,2.169295332362961,12.315545334015042,2.4559630057774484
target,hydro,sobol,6,162,2.2719076382488574,2.169295332362961,12.416561916936189,2.4709328399039805
target,hydro,sobol,6,163,2.2719076382488574,2.169295332362961,12.520932958927006,2.486157714854926
target,hydro,sobol,6,164,2.2719076382488574,2.169295332362961,12.621802833862603,2.5018701730296016
target,hydro,sobol,6,165,2.2719076382488574,2.169295332362961,12.725514375139028,2.5181210478767753
target,hydro,sobol,6,166,2.2719076382488574,2.169295332362961,12.827214499935508,2.5333830481395125
target,hydro,sobol,6,167,2.2719076382488574,2.169295332362961,12.950359459035099,2.5484257144853473
target,hydro,sobol,6,168,2.2719076382488574,2.169295332362961,13.063442917075008,2.5634429226629436
target,hydro,sobol,6,169,2.2719076382488574,2.169295332362961,13.176302084233612,2.5804472975432873
target,hydro,sobol,6,170,2.2719076382488574,2.169295332362961,13.28970737522468,2.5967197148129344
target,hydro,sobol,6,171,2.2719076382488574,2.169295332362961,13.405607417225838,2.6128690070472658
target,hydro,sobol,6,172,2.2719076382488574,2.169295332362961,13.520134459249675,2.630430298857391
target,hydro,sobol,6,173,2.2719076382488574,2.169295332362961,13.630657916888595,2.6476801331155
target,hydro,sobol,6,174,2.2719076382488574,2.169295332362961,13.748483375180513,2.6636572163552046
target,hydro,sobol,6,175,2.2719076382488574,2.169295332362961,13.86550479196012,2.6808590912260115
target,hydro,sobol,6,176,2.2719076382488574,2.169295332362961,14.050855417270213,2.6988153834827244
target,hydro,sobol,6,177,2.2719076382488574,2.169295332362961,14.170319417025894,2.71725205052644
target,hydro,sobol,6,178,2.2719076382488574,2.169295332362961,14.28324408410117,2.733407092280686
target,hydro,sobol,6,179,2.2719076382488574,2.169295332362961,14.398974209092557,2.749574342276901
target,hydro,sobol,6,180,2.2719076382488574,2.169295332362961,14.514202875085175,2.766832675319165
target,hydro,sobol,6,181,2.2719076382488574,2.169295332362961,14.62747570918873,2.784228800330311
target,hydro,sobol,6,182,2.2719076382488574,2.169295332362961,14.73993654223159,2.800294050015509
target,hydro,sobol,6,183,2.2719076382488574,2.169295332362961,14.855438709259033,2.8164182589389384
target,hydro,sobol,6,184,2.2719076382488574,2.169295332362961,14.971293750219047,2.83389275893569
target,hydro,sobol,6,185,2.2719076382488574,2.169295332362961,15.090595624875277,2.8513067178428173
target,hydro,sobol,6,186,2.2719076382488574,2.169295332362961,15.20559420902282,2.868133509531617
target,hydro,sobol,6,187,2.2719076382488574,2.169295332362961,15.322415750008076,2.8845367184840143
target,hydro,sobol,6,188,2.2719076382488574,2.169295332362961,15.438934292178601,2.9019956765696406
target,hydro,sobol,6,189,2.2719076382488574,2.169295332362961,15.555936959106475,2.9188538435846567
target,hydro,sobol,6,190,2.2719076382488574,2.169295332362961,15.671984542161226,2.9350490937940776
target,hydro,sobol,6,191,2.2719076382488574,2.169295332362961,15.789041417185217,2.951533884741366
target,hydro,sobol,6,192,2.2719076382488574,2.169295332362961,15.904925500042737,2.9686978845857084
target,hydro,sobol,6,193,2.2719076382488574,2.169295332362961,16.074456417001784,2.9846114264801145
target,hydro,sobol,6,194,2.2719076382488574,2.169295332362961,16.18539462517947,3.0001555094495416
target,hydro,sobol,6,195,2.2719076382488574,2.169295332362961,16.301615458913147,3.0153253013268113
target,hydro,sobol,6,196,2.2719076382488574,2.169295332362961,16.415026917122304,3.031429301481694
target,hydro,sobol,6,197,2.2719076382488574,2.169295332362961,16.530725709162652,3.047490051481873
target,hydro,sobol,6,198,2.2719076382488574,2.169295332362961,16.646250791847706,3.062802135478705
target,hydro,sobol,6,199,2.2719076382488574,2.169295332362961,16.7646252498962,3.0790850105695426
target,hydro,sobol,6,200,2.2719076382488574,2.169295332362961,16.933554250281304,3.0956455105915666
target,hydro,bo,6,1,3.0848915556084493,2.169295332362961,0.09664904186502099,0.016515583731234074
target,hydro,bo,6,2,3.0848915556084493,2.169295332362961,0.15398983377963305,0.03191725071519613
target,hydro,bo,6,3,3.0848915556084493,2.169295332362961,0.21098450012505054,0.04706312529742718
target,hydro,bo,6,4,3.0848915556084493,2.169295332362961,0.2691031671129167,0.0630943332798779
target,hydro,bo,6,5,2.925197618632728,2.169295332362961,0.3606431670486927,0.07950100023299456
target,hydro,bo,6,6,2.0659955546313915,2.169295332362961,0.46001929184421897,0.09596895799040794
target,hydro,sobol,7,1,2.252317950717041,2.169295332362961,0.09505316661670804,0.01606925018131733
target,hydro,sobol,7,2,2.252317950717041,2.169295332362961,0.15275491680949926,0.031761834397912025
target,hydro,sobol,7,3,2.252317950717041,2.169295332362961,0.20585899986326694,0.04709704266861081
target,hydro,sobol,7,4,2.252317950717041,2.169295332362961,0.26104195788502693,0.06364875100553036
target,hydro,sobol,7,5,2.252317950717041,2.169295332362961,0.31651841662824154,0.08039350109174848
target,hydro,sobol,7,6,2.252317950717041,2.169295332362961,0.3712292918935418,0.09556383406743407
target,hydro,sobol,7,7,2.252317950717041,2.169295332362961,0.42699883272871375,0.11077641835436225
target,hydro,sobol,7,8,2.252317950717041,2.169295332362961,0.48392466688528657,0.12675641803070903
target,hydro,sobol,7,9,2.252317950717041,2.169295332362961,0.5412269169464707,0.14307879330590367
target,hydro,sobol,7,10,2.252317950717041,2.169295332362961,0.5987624577246606,0.15822025248780847
target,hydro,sobol,7,11,2.252317950717041,2.169295332362961,0.6544420416466892,0.17358991876244545
target,hydro,sobol,7,12,2.252317950717041,2.169295332362961,0.7160136667080224,0.19000079343095422
target,hydro,sobol,7,13,2.252317950717041,2.169295332362961,0.7794777080416679,0.20682716881856322
target,hydro,sobol,7,14,2.252317950717041,2.169295332362961,0.8381417919881642,0.22223504399880767
target,hydro,sobol,7,15,2.252317950717041,2.169295332362961,0.8971123327501118,0.23779162717983127
target,hydro,sobol,7,16,2.252317950717041,2.169295332362961,0.9602705417200923,0.25476958649232984
target,hydro,sobol,7,17,2.252317950717041,2.169295332362961,1.0223924997262657,0.27123104548081756
target,hydro,sobol,7,18,2.252317950717041,2.169295332362961,1.0851924577727914,0.2871422953903675
target,hydro,sobol,7,19,2.252317950717041,2.169295332362961,1.1478542918339372,0.3024655035696924
target,hydro,sobol,7,20,2.252317950717041,2.169295332362961,1.2129104579798877,0.31958054564893246
target,hydro,sobol,7,21,2.252317950717041,2.169295332362961,1.278064166661352,0.33593496261164546
target,hydro,sobol,7,22,2.252317950717041,2.169295332362961,1.3442228748463094,0.3518600035458803
target,hydro,sobol,7,23,2.252317950717041,2.169295332362961,1.407375041861087,0.3665001285262406
target,hydro,sobol,7,24,2.252317950717041,2.169295332362961,1.4737585419788957,0.383326462469995
target,hydro,sobol,7,25,2.252317950717041,2.169295332362961,1.5384919168427587,0.3999086292460561
target,hydro,sobol,7,26,2.252317950717041,2.169295332362961,1.6027369578368962,0.415677129290998
target,hydro,sobol,7,27,2.252317950717041,2.169295332362961,1.6638736249879003,0.43038567109033465
target,hydro,sobol,7,28,2.252317950717041,2.169295332362961,1.7287365826778114,0.4456528378650546
target,hydro,sobol,7,29,2.252317950717041,2.169295332362961,1.7943078326061368,0.46242746291682124
target,hydro,sobol,7,30,2.252317950717041,2.169295332362961,1.8633427079766989,0.4791231299750507
target,hydro,sobol,7,31,2.252317950717041,2.169295332362961,1.932137374766171,0.4956819638609886
target,hydro,sobol,7,32,2.252317950717041,2.169295332362961,1.9998257500119507,0.5121961296536028
target,hydro,sobol,7,33,2.252317950717041,2.169295332362961,2.0703516667708755,0.5293507543392479
target,hydro,sobol,7,34,2.252317950717041,2.169295332362961,2.1360992919653654,0.5452864626422524
target,hydro,sobol,7,35,2.252317950717041,2.169295332362961,2.2037230827845633,0.5610816716216505
target,hydro,sobol,7,36,2.252317950717041,2.169295332362961,2.2714150827378035,0.578362921718508
target,hydro,sobol,7,37,2.252317950717041,2.169295332362961,2.340248208027333,0.5956361717544496
target,hydro,sobol,7,38,2.252317950717041,2.169295332362961,2.4073792500421405,0.6115745045244694
target,hydro,sobol,7,39,2.252317950717041,2.169295332362961,2.476897332817316,0.6274169217795134
target,hydro,sobol,7,40,2.252317950717041,2.169295332362961,2.5574260419234633,0.6443396718241274
target,hydro,sobol,7,41,2.252317950717041,2.169295332362961,2.627705582883209,0.661698879674077
target,hydro,sobol,7,42,2.252317950717041,2.169295332362961,2.7008652919903398,0.6780801718123257
target,hydro,sobol,7,43,2.252317950717041,2.169295332362961,2.7739916248247027,0.6944851721636951
target,hydro,sobol,7,44,2.252317950717041,2.169295332362961,2.8463955828920007,0.7117392970249057
target,hydro,sobol,7,45,2.252317950717041,2.169295332362961,2.9174786247313023,0.7287843381054699
target,hydro,sobol,7,46,2.252317950717041,2.169295332362961,2.988761499989778,0.7450926303863525
target,hydro,sobol,7,47,2.252317950717041,2.169295332362961,3.059355374891311,0.7618939224630594
target,hydro,sobol,7,48,2.252317950717041,2.169295332362961,3.130515499971807,0.7792445067316294
target,hydro,sobol,7,49,2.252317950717041,2.169295332362961,3.203833166975528,0.796282131690532
target,hydro,sobol,7,50,2.252317950717041,2.169295332362961,3.2789827077649534,0.8125468818470836
target,hydro,sobol,7,51,2.252317950717041,2.169295332362961,3.3649046667851508,0.829216965008527
target,hydro,sobol,7,52,2.252317950717041,2.169295332362961,3.4476011670194566,0.846709880977869
target,hydro,sobol,7,53,2.252317950717041,2.169295332362961,3.5261571668088436,0.8647351730614901
target,hydro,sobol,7,54,2.252317950717041,2.169295332362961,3.6780382497236133,0.8809009650722146
target,hydro,sobol,7,55,2.252317950717041,2.169295332362961,3.7577817076817155,0.8975091739557683
target,hydro,sobol,7,56,2.252317950717041,2.169295332362961,3.8373724576085806,0.9147077146917582
target,hydro,sobol,7,57,2.252317950717041,2.169295332362961,3.915577166713774,0.9319797144271433
target,hydro,sobol,7,58,2.252317950717041,2.169295332362961,3.9908234579488635,0.9489265065640211
target,hydro,sobol,7,59,2.252317950717041,2.169295332362961,4.069447583053261,0.9652841738425195
target,hydro,sobol,7,60,2.252317950717041,2.169295332362961,4.146157999988645,0.9824773818254471
target,hydro,sobol,7,61,2.252317950717041,2.169295332362961,4.2237804578617215,0.9998852568678558
target,hydro,sobol,7,62,2.252317950717041,2.169295332362961,4.300650582648814,1.0163718396797776
target,hydro,sobol,7,63,2.252317950717041,2.169295332362961,4.377039957791567,1.0324231307022274
target,hydro,sobol,7,64,2.252317950717041,2.169295332362961,4.454957874957472,1.0500457137823105
target,hydro,sobol,7,65,2.252317950717041,2.169295332362961,4.532945207785815,1.0673043807037175
target,hydro,sobol,7,66,2.252317950717041,2.169295332362961,4.611087707802653,1.0833400473929942
target,hydro,sobol,7,67,2.252317950717041,2.169295332362961,4.692045874893665,1.099386380519718
target,hydro,sobol,7,68,2.252317950717041,2.169295332362961,4.77082712482661,1.1169457966461778
target,hydro,sobol,7,69,2.252317950717041,2.169295332362961,4.8539208746515214,1.1347947544418275
target,hydro,sobol,7,70,2.252317950717041,2.169295332362961,4.933788083028048,1.151363046374172
target,hydro,sobol,7,71,2.252317950717041,2.169295332362961,5.01517945760861,1.168078338727355
target,hydro,sobol,7,72,2.252317950717041,2.169295332362961,5.097115166950971,1.1858095889911056
target,hydro,sobol,7,73,2.252317950717041,2.169295332362961,5.1803337498568,1.2032612138427794
target,hydro,sobol,7,74,2.252317950717041,2.169295332362961,5.261474541854113,1.2196935890242457
target,hydro,sobol,7,75,2.252317950717041,2.169295332362961,5.345246999990195,1.2367490893229842
target,hydro,sobol,7,76,2.252317950717041,2.169295332362961,5.4280951670371,1.2542898394167423
target,hydro,sobol,7,77,2.252317950717041,2.169295332362961,5.512970541603863,1.2718373811803758
target,hydro,sobol,7,78,2.252317950717041,2.169295332362961,5.60012620780617,1.288531756028533
target,hydro,sobol,7,79,2.252317950717041,2.169295332362961,5.684417000040412,1.3054213807918131
target,hydro,sobol,7,80,2.252317950717041,2.169295332362961,5.769244874827564,1.3228185893967748
target,hydro,sobol,7,81,2.252317950717041,2.169295332362961,5.8540474167093635,1.3400560482405126
target,hydro,sobol,7,82,2.252317950717041,2.169295332362961,5.93827599985525,1.3570746313780546
target,hydro,sobol,7,83,2.252317950717041,2.169295332362961,6.0245060827583075,1.37344892276451
target,hydro,sobol,7,84,2.252317950717041,2.169295332362961,6.107705541886389,1.3907891726121306
target,hydro,sobol,7,85,2.252317950717041,2.169295332362961,6.192714124917984,1.4082975476048887
target,hydro,sobol,7,86,2.252317950717041,2.169295332362961,6.278311082627624,1.4247560477815568
target,hydro,sobol,7,87,2.252317950717041,2.169295332362961,6.362673666793853,1.4406095477752388
target,hydro,sobol,7,88,2.252317950717041,2.169295332362961,6.449535499792546,1.4578890898264945
target,hydro,sobol,7,89,2.252317950717041,2.169295332362961,6.536559457890689,1.475572214461863
target,hydro,sobol,7,90,2.252317950717041,2.169295332362961,6.625785958021879,1.4919429225847125
target,hydro,sobol,7,91,2.252317950717041,2.169295332362961,6.710669707972556,1.5081406305544078
target,hydro,sobol,7,92,2.252317950717041,2.169295332362961,6.797317416872829,1.525689672678709
target,hydro,sobol,7,93,2.252317950717041,2.169295332362961,6.884180749766529,1.5430431724525988
target,hydro,sobol,7,94,2.252317950717041,2.169295332362961,6.972568708006293,1.5591938807629049
target,hydro,sobol,7,95,2.252317950717041,2.169295332362961,7.058057291898876,1.574700839817524
target,hydro,sobol,7,96,2.252317950717041,2.169295332362961,7.147022082936019,1.5921062976121902
target,hydro,sobol,7,97,2.252317950717041,2.169295332362961,7.239520499948412,1.6092772553674877
target,hydro,sobol,7,98,2.252317950717041,2.169295332362961,7.328685666900128,1.6256680893711746
target,hydro,sobol,7,99,2.252317950717041,2.169295332362961,7.417996916919947,1.64218554738909
target,hydro,sobol,7,100,2.252317950717041,2.169295332362961,7.507133582606912,1.6592351719737053
target,hydro,sobol,7,101,2.252317950717041,2.169295332362961,7.599494082853198,1.6770902560092509
target,hydro,sobol,7,102,2.252317950717041,2.169295332362961,7.688228792045265,1.6929704220965505
target,hydro,sobol,7,103,2.252317950717041,2.169295332362961,7.779544041957706,1.7091497131623328
target,hydro,sobol,7,104,2.252317950717041,2.169295332362961,7.879493082873523,1.728563629090786
target,hydro,sobol,7,105,2.252317950717041,2.169295332362961,7.972611666657031,1.74573392001912
target,hydro,sobol,7,106,2.252317950717041,2.169295332362961,8.067991957999766,1.762811420019716
target,hydro,sobol,7,107,2.252317950717041,2.169295332362961,8.162552666850388,1.7797215869650245
target,hydro,sobol,7,108,2.252317950717041,2.169295332362961,8.26019399985671,1.7978927115909755
target,hydro,sobol,7,109,2.252317950717041,2.169295332362961,8.358035999815911,1.8165792943909764
target,hydro,sobol,7,110,2.252317950717041,2.169295332362961,8.459156582597643,1.8343901284970343
target,hydro,sobol,7,111,2.252317950717041,2.169295332362961,8.557089957874268,1.8515433785505593
target,hydro,sobol,7,112,2.252317950717041,2.169295332362961,8.655674791894853,1.8700605034828186
target,hydro,sobol,7,113,2.252317950717041,2.169295332362961,8.820420749951154,1.8882222534157336
target,hydro,sobol,7,114,2.252317950717041,2.169295332362961,8.924783417023718,1.9062325875274837
target,hydro,sobol,7,115,2.252317950717041,2.169295332362961,9.035849750041962,1.9255617535673082
target,hydro,sobol,7,116,2.252317950717041,2.169295332362961,9.136744124814868,1.9488504193723202
target,hydro,sobol,7,117,2.252317950717041,2.169295332362961,9.247670666780323,1.9699368365108967
target,hydro,sobol,7,118,2.252317950717041,2.169295332362961,9.36077016685158,1.9896267531439662
target,hydro,sobol,7,119,2.252317950717041,2.169295332362961,9.476683042012155,2.008721920195967
target,hydro,sobol,7,120,2.252317950717041,2.169295332362961,9.589359124656767,2.028372711967677
target,hydro,sobol,7,121,2.252317950717041,2.169295332362961,9.703262999653816,2.049173920415342
target,hydro,sobol,7,122,2.252317950717041,2.169295332362961,9.812709207646549,2.0683812112547457
target,hydro,sobol,7,123,2.252317950717041,2.169295332362961,9.923858291935176,2.0870515033602715
target,hydro,sobol,7,124,2.252317950717041,2.169295332362961,10.02966779191047,2.1061769612133503
target,hydro,sobol,7,125,2.252317950717041,2.169295332362961,10.132756957784295,2.1245770445093513
target,hydro,sobol,7,126,2.252317950717041,2.169295332362961,10.234293207991868,2.1419417527504265
target,hydro,sobol,7,127,2.252317950717041,2.169295332362961,10.337805499788374,2.159530210774392
target,hydro,sobol,7,128,2.252317950717041,2.169295332362961,10.441664166748524,2.178046668879688
target,hydro,sobol,7,129,2.252317950717041,2.169295332362961,10.546187916770577,2.1965398769825697
target,hydro,sobol,7,130,2.252317950717041,2.169295332362961,10.650559207890183,2.2136164610274136
target,hydro,sobol,7,131,2.252317950717041,2.169295332362961,10.755543791688979,2.2310625864192843
target,hydro,sobol,7,132,2.252317950717041,2.169295332362961,10.86301941704005,2.249407919123769
target,hydro,sobol,7,133,2.252317950717041,2.169295332362961,10.969094750005752,2.2678173361346126
target,hydro,sobol,7,134,2.252317950717041,2.169295332362961,11.074495416600257,2.285382419358939
target,hydro,sobol,7,135,2.252317950717041,2.169295332362961,11.181627708021551,2.303056544624269
target,hydro,sobol,7,136,2.252317950717041,2.169295332362961,11.301897292025387,2.3221969194710255
target,hydro,sobol,7,137,2.252317950717041,2.169295332362961,11.407250582706183,2.339997085276991
target,hydro,sobol,7,138,2.252317950717041,2.169295332362961,11.507921291980892,2.356743502430618
target,hydro,sobol,7,139,2.252317950717041,2.169295332362961,11.611742166802287,2.37345887767151
target,hydro,sobol,7,140,2.252317950717041,2.169295332362961,11.716695124749094,2.3911332115530968
target,hydro,sobol,7,141,2.252317950717041,2.169295332362961,11.82023995788768,2.408978711348027
target,hydro,sobol,7,142,2.252317950717041,2.169295332362961,11.923336667008698,2.4248853782191873
target,hydro,sobol,7,143,2.252317950717041,2.169295332362961,12.08708899980411,2.44128004508093
target,hydro,sobol,7,144,2.252317950717041,2.169295332362961,12.190758832730353,2.458103585988283
target,hydro,sobol,7,145,2.252317950717041,2.169295332362961,12.293306457810104,2.4750168779864907
target,hydro,sobol,7,146,2.252317950717041,2.169295332362961,12.405716999899596,2.4907067120075226
target,hydro,sobol,7,147,2.252317950717041,2.169295332362961,12.517069749999791,2.5072342958301306
target,hydro,sobol,7,148,2.252317950717041,2.169295332362961,12.629907291848212,2.525124128907919
target,hydro,sobol,7,149,2.252317950717041,2.169295332362961,12.7550088330172,2.54320204583928
target,hydro,sobol,7,150,2.252317950717041,2.169295332362961,12.860779416747391,2.5598975461907685
target,hydro,sobol,7,151,2.252317950717041,2.169295332362961,12.978411457967013,2.576713713351637
target,hydro,sobol,7,152,2.252317950717041,2.169295332362961,13.084642124827951,2.593881838489324
target,hydro,sobol,7,153,2.252317950717041,2.169295332362961,13.19038345804438,2.6112979212775826
target,hydro,sobol,7,154,2.252317950717041,2.169295332362961,13.298642499838024,2.627532421145588
target,hydro,sobol,7,155,2.252317950717041,2.169295332362961,13.40732229175046,2.644192337524146
target,hydro,sobol,7,156,2.252317950717041,2.169295332362961,13.515186582691967,2.661454545799643
target,hydro,sobol,7,157,2.252317950717041,2.169295332362961,13.62204995797947,2.6786020039580762
target,hydro,sobol,7,158,2.252317950717041,2.169295332362961,13.728748582769185,2.694830753840506
target,hydro,sobol,7,159,2.252317950717041,2.169295332362961,13.834601874928921,2.711094087921083
target,hydro,sobol,7,160,2.252317950717041,2.169295332362961,13.946314749773592,2.728400129824877
target,hydro,sobol,7,161,2.252317950717041,2.169295332362961,14.054724749643356,2.7455267957411706
target,hydro,sobol,7,162,2.252317950717041,2.169295332362961,14.163968207780272,2.761854046024382
target,hydro,sobol,7,163,2.252317950717041,2.169295332362961,14.27586262486875,2.7780811707489192
target,hydro,sobol,7,164,2.252317950717041,2.169295332362961,14.447416499722749,2.7954823789186776
target,hydro,sobol,7,165,2.252317950717041,2.169295332362961,14.557290500029922,2.8121411288157105
target,hydro,sobol,7,166,2.252317950717041,2.169295332362961,14.664920291863382,2.828507836908102
target,hydro,sobol,7,167,2.252317950717041,2.169295332362961,14.774101082701236,2.844615420792252
target,hydro,sobol,7,168,2.252317950717041,2.169295332362961,14.884103832766414,2.8623273381963372
target,hydro,sobol,7,169,2.252317950717041,2.169295332362961,14.995878541842103,2.8798915459774435
target,hydro,sobol,7,170,2.252317950717041,2.169295332362961,15.107627499848604,2.8962014205753803
target,hydro,sobol,7,171,2.252317950717041,2.169295332362961,15.224445750005543,2.9129542117007077
target,hydro,sobol,7,172,2.252317950717041,2.169295332362961,15.347693542018533,2.93172642076388
target,hydro,sobol,7,173,2.252317950717041,2.169295332362961,15.468189541716129,2.9504499617032707
target,hydro,sobol,7,174,2.252317950717041,2.169295332362961,15.589682249817997,2.967263420112431
target,hydro,sobol,7,175,2.252317950717041,2.169295332362961,15.70642854180187,2.983383920043707
target,hydro,sobol,7,176,2.252317950717041,2.169295332362961,15.824153332971036,3.0009231292642653
target,hydro,sobol,7,177,2.252317950717041,2.169295332362961,15.948817207943648,3.0201401715166867
target,hydro,sobol,7,178,2.252317950717041,2.169295332362961,16.064069457817823,3.036488462705165
target,hydro,sobol,7,179,2.252317950717041,2.169295332362961,16.17992033297196,3.0525584216229618
target,hydro,sobol,7,180,2.252317950717041,2.169295332362961,16.29658845765516,3.070217005442828
target,hydro,sobol,7,181,2.252317950717041,2.169295332362961,16.414519582875073,3.087251005228609
target,hydro,sobol,7,182,2.252317950717041,2.169295332362961,16.607832457870245,3.103379755280912
target,hydro,sobol,7,183,2.252317950717041,2.169295332362961,16.72691116668284,3.1205447553656995
target,hydro,sobol,7,184,2.252317950717041,2.169295332362961,16.842133124824613,3.136341172270477
target,hydro,sobol,7,185,2.252317950717041,2.169295332362961,16.96227595768869,3.1531835892237723
target,hydro,sobol,7,186,2.252317950717041,2.169295332362961,17.092623292002827,3.1722642984241247
target,hydro,sobol,7,187,2.252317950717041,2.169295332362961,17.219398291781545,3.189969465136528
target,hydro,sobol,7,188,2.252317950717041,2.169295332362961,17.350106499623507,3.2090375483967364
target,hydro,sobol,7,189,2.252317950717041,2.169295332362961,17.474021791946143,3.227775340434164
target,hydro,sobol,7,190,2.252317950717041,2.169295332362961,17.589531207922846,3.243800215423107
target,hydro,sobol,7,191,2.252317950717041,2.169295332362961,17.709572291933,3.258711881469935
target,hydro,sobol,7,192,2.252317950717041,2.169295332362961,17.832060374785215,3.2761907153762877
target,hydro,sobol,7,193,2.252317950717041,2.169295332362961,17.950564624741673,3.29386942461133
target,hydro,sobol,7,194,2.252317950717041,2.169295332362961,18.072617541998625,3.3107807165943086
target,hydro,sobol,7,195,2.252317950717041,2.169295332362961,18.250107457861304,3.327192966360599
target,hydro,sobol,7,196,2.252317950717041,2.169295332362961,18.36810304177925,3.343790757469833
target,hydro,sobol,7,197,2.252317950717041,2.169295332362961,18.488047749735415,3.3613545494154096
target,hydro,sobol,7,198,2.252317950717041,2.169295332362961,18.607118249870837,3.3778938413597643
target,hydro,sobol,7,199,2.252317950717041,2.169295332362961,18.728743666782975,3.3946295087225735
target,hydro,sobol,7,200,2.252317950717041,2.169295332362961,18.894357499666512,3.4122276338748634
target,hydro,bo,7,1,2.252317950717041,2.169295332362961,0.11347474996000528,0.018537457566708326
target,hydro,bo,7,2,2.252317950717041,2.169295332362961,0.17872445890679955,0.03620958235114813
target,hydro,bo,7,3,2.252317950717041,2.169295332362961,0.2421521251089871,0.05350095732137561
target,hydro,bo,7,4,2.252317950717041,2.169295332362961,0.30989224975928664,0.07117712311446667
target,hydro,bo,7,5,2.2254127422851426,2.169295332362961,0.42614970868453383,0.08843054017052054
target,hydro,bo,7,6,2.2254127422851426,2.169295332362961,0.5327132917009294,0.10442637326195836
target,hydro,bo,7,7,2.0659955546313915,2.169295332362961,0.665821666829288,0.12139245634898543
target,hydro,random,7,1,3.6815730331554652,2.169295332362961,0.1087909578345716,0.018493415787816048
target,hydro,random,7,2,3.6815730331554652,2.169295332362961,0.17348712496459484,0.03660462377592921
target,hydro,random,7,3,3.3123402881929294,2.169295332362961,0.24596562515944242,0.05462545668706298
target,hydro,random,7,4,3.3123402881929294,2.169295332362961,0.32047145813703537,0.07273108186200261
target,hydro,random,7,5,3.3123402881929294,2.169295332362961,0.39197929110378027,0.09017670666798949
target,hydro,random,7,6,3.3123402881929294,2.169295332362961,0.4598614159040153,0.10828508203849196
target,hydro,random,7,7,3.3123402881929294,2.169295332362961,0.5247177081182599,0.12555229011923075
target,hydro,random,7,8,3.3123402881929294,2.169295332362961,0.5867330827750266,0.14196758205071092
target,hydro,random,7,9,3.3123402881929294,2.169295332362961,0.6481198747642338,0.15939853992313147
target,hydro,random,7,10,3.3123402881929294,2.169295332362961,0.7134807081893086,0.17705320566892624
target,hydro,random,7,11,3.3123402881929294,2.169295332362961,0.7766444999724627,0.19476641388610005
target,hydro,random,7,12,3.3123402881929294,2.169295332362961,0.8376159579493105,0.21196458069607615
target,hydro,random,7,13,3.3123402881929294,2.169295332362961,0.9004171658307314,0.22891999781131744
target,hydro,random,7,14,3.3123402881929294,2.169295332362961,0.9633765001781285,0.24501974740996957
target,hydro,random,7,15,3.3123402881929294,2.169295332362961,1.0264219581149518,0.26266237208619714
target,hydro,random,7,16,3.3123402881929294,2.169295332362961,1.0891744578257203,0.2800130392424762
target,hydro,random,7,17,3.3123402881929294,2.169295332362961,1.1506867911666632,0.2971219145692885
target,hydro,random,7,18,3.3123402881929294,2.169295332362961,1.2112480411306024,0.31317220674827695
target,hydro,random,7,19,3.3123402881929294,2.169295332362961,1.273280416149646,0.3304599979892373
target,hydro,random,7,20,3.3123402881929294,2.169295332362961,1.3338453751057386,0.3469189149327576
target,hydro,random,7,21,3.3123402881929294,2.169295332362961,1.3961936249397695,0.3633156237192452
target,hydro,random,7,22,3.3123402881929294,2.169295332362961,1.459027832839638,0.3795586237683892
target,hydro,random,7,23,3.3123402881929294,2.169295332362961,1.521244625095278,0.3944546654820442
target,hydro,random,7,24,3.3123402881929294,2.169295332362961,1.5824569161050022,0.40979566518217325
target,hydro,random,7,25,3.3123402881929294,2.169295332362961,1.6427064999006689,0.424900415353477
target,hydro,random,7,26,3.3123402881929294,2.169295332362961,1.7035583751276135,0.4399086656048894
target,hydro,random,7,27,3.3123402881929294,2.169295332362961,1.765806790906936,0.4558683750219643
target,hydro,random,7,28,3.3123402881929294,2.169295332362961,1.8271910827606916,0.4709632499143481
target,hydro,random,7,29,3.3123402881929294,2.169295332362961,1.8894624160602689,0.48623045813292265
target,hydro,random,7,30,3.3123402881929294,2.169295332362961,1.9529936658218503,0.5025909580290318
target,hydro,random,7,31,3.3123402881929294,2.169295332362961,2.0165418330579996,0.5154415410943329
target,hydro,random,7,32,3.3123402881929294,2.169295332362961,2.0829076659865677,0.531686541158706
target,hydro,random,7,33,3.3123402881929294,2.169295332362961,2.1467559160664678,0.546877499204129
target,hydro,random,7,34,3.3123402881929294,2.169295332362961,2.21258108317852,0.5631634159944952
target,hydro,random,7,35,3.3123402881929294,2.169295332362961,2.2801856249570847,0.5794541239738464
target,hydro,random,7,36,2.747811523367349,2.169295332362961,2.344608750194311,0.5949254152365029
target,hydro,random,7,37,2.747811523367349,2.169295332362961,2.409842582885176,0.6105563323944807
target,hydro,random,7,38,2.747811523367349,2.169295332362961,2.475024708081037,0.6265559573657811
target,hydro,random,7,39,2.747811523367349,2.169295332362961,2.541728749871254,0.6417332072742283
target,hydro,random,7,40,2.747811523367349,2.169295332362961,2.6127438750118017,0.6579569992609322
target,hydro,random,7,41,2.747811523367349,2.169295332362961,2.6772374999709427,0.6729440414346755
target,hydro,random,7,42,2.747811523367349,2.169295332362961,2.745180291123688,0.6892998334951699
target,hydro,random,7,43,2.747811523367349,2.169295332362961,2.8118027499876916,0.7055623745545745
target,hydro,random,7,44,2.747811523367349,2.169295332362961,2.8797931661829352,0.720612374600023
target,hydro,random,7,45,2.747811523367349,2.169295332362961,2.9531100001186132,0.7373186247423291
target,hydro,random,7,46,2.747811523367349,2.169295332362961,3.0221306248568,0.7524487916380167
target,hydro,random,7,47,2.747811523367349,2.169295332362961,3.0927633750252426,0.7689602072350681
target,hydro,random,7,48,2.747811523367349,2.169295332362961,3.1623595831915736,0.78502595750615
target,hydro,random,7,49,2.747811523367349,2.169295332362961,3.2342707910574973,0.8021356244571507
target,hydro,random,7,50,2.747811523367349,2.169295332362961,3.3049367079511285,0.8186334995552897
target,hydro,random,7,51,2.747811523367349,2.169295332362961,3.376056666020304,0.8337007495574653
target,hydro,random,7,52,2.747811523367349,2.169295332362961,3.4485021247528493,0.8498867494054139
target,hydro,random,7,53,2.747811523367349,2.169295332362961,3.5209547909907997,0.8659695410169661
target,hydro,random,7,54,2.747811523367349,2.169295332362961,3.5976313748396933,0.8830241239629686
target,hydro,random,7,55,2.747811523367349,2.169295332362961,3.6711523751728237,0.9008412910625339
target,hydro,random,7,56,2.747811523367349,2.169295332362961,3.746415374800563,0.9180993330664933
target,hydro,random,7,57,2.747811523367349,2.169295332362961,3.8190947910770774,0.9343011658638716
target,hydro,random,7,58,2.747811523367349,2.169295332362961,3.889109790790826,0.9503012066707015
target,hydro,random,7,59,2.747811523367349,2.169295332362961,3.9597373749129474,0.9666202897205949
target,hydro,random,7,60,2.747811523367349,2.169295332362961,4.031030083075166,0.9817661647684872
target,hydro,random,7,61,2.747811523367349,2.169295332362961,4.1064371657557786,0.9965999978594482
target,hydro,random,7,62,2.747811523367349,2.169295332362961,4.18406695779413,1.013675247784704
target,hydro,random,7,63,2.747811523367349,2.169295332362961,4.255163040943444,1.029823913704604
target,hydro,random,7,64,2.747811523367349,2.169295332362961,4.327380083035678,1.046377413906157
target,hydro,random,7,65,2.747811523367349,2.169295332362961,4.399222915992141,1.0616494142450392
target,hydro,random,7,66,2.747811523367349,2.169295332362961,4.471593791153282,1.0775222894735634
target,hydro,random,7,67,2.747811523367349,2.169295332362961,4.544515875168145,1.0927336644381285
target,hydro,random,7,68,2.747811523367349,2.169295332362961,4.619132374878973,1.10896933125332
target,hydro,random,7,69,2.6676883992692013,2.169295332362961,4.697720124851912,1.1261691651307046
target,hydro,random,7,70,2.652732719980675,2.169295332362961,4.775435583200306,1.1435740822926164
target,hydro,random,7,71,2.652732719980675,2.169295332362961,4.850478791166097,1.1596262902021408
target,hydro,random,7,72,2.652732719980675,2.169295332362961,4.92582295788452,1.1756219151429832
target,hydro,random,7,73,2.652732719980675,2.169295332362961,5.010293332859874,1.1906839571893215
target,hydro,random,7,74,2.652732719980675,2.169295332362961,5.109960457775742,1.2118318742141128
target,hydro,random,7,75,2.652732719980675,2.169295332362961,5.19669449981302,1.2287473743781447
target,hydro,random,7,76,2.652732719980675,2.169295332362961,5.2832349999807775,1.2443814994767308
target,hydro,random,7,77,2.652732719980675,2.169295332362961,5.374622582923621,1.2650931244716048
target,hydro,random,7,78,2.652732719980675,2.169295332362961,5.454765415750444,1.2801682916469872
target,hydro,random,7,79,2.652732719980675,2.169295332362961,5.545566916000098,1.2970046256668866
target,hydro,random,7,80,2.652732719980675,2.169295332362961,5.641385916154832,1.3157390845008194
target,hydro,random,7,81,2.652732719980675,2.169295332362961,5.738237000070512,1.3348382515832782
target,hydro,random,7,82,2.652732719980675,2.169295332362961,5.835586958099157,1.3523878357373178
target,hydro,random,7,83,2.652732719980675,2.169295332362961,6.019861916080117,1.3709123777225614
target,hydro,random,7,84,2.652732719980675,2.169295332362961,6.134005125146359,1.3962640026584268
target,hydro,random,7,85,2.652732719980675,2.169295332362961,6.265940166078508,1.4176644193939865
target,hydro,random,7,86,2.652732719980675,2.169295332362961,6.451661415863782,1.461164836306125
target,hydro,random,7,87,2.652732719980675,2.169295332362961,6.9816465000621974,1.4744137115776539
target,hydro,random,7,88,2.652732719980675,2.169295332362961,7.236906208097935,1.5027466285973787
target,hydro,random,7,89,2.1521504582731623,2.169295332362961,7.364037749823183,1.5250600865110755
target,solar,random,3,1,275.57473305326596,183.83143789933789,0.12570954207330942,0.016963790636509657
target,solar,random,3,2,186.45342219576597,183.83143789933789,0.1970005421899259,0.035215582232922316
target,solar,random,3,3,186.45342219576597,183.83143789933789,0.26438820781186223,0.051955290138721466
target,solar,random,3,4,186.45342219576597,183.83143789933789,0.3282843749038875,0.06716012302786112
target,solar,random,3,5,175.09818261672692,183.83143789933789,0.39594708289951086,0.0827350402250886
target,solar,sobol,3,1,198.45479761376566,183.83143789933789,0.12159212492406368,0.016127124894410372
target,solar,sobol,3,2,198.45479761376566,183.83143789933789,0.18633416714146733,0.032059832476079464
target,solar,sobol,3,3,176.4353468192891,183.83143789933789,0.249205166939646,0.04774295771494508
target,solar,bo,3,1,198.45479761376566,183.83143789933789,0.10826374962925911,0.016334582585841417
target,solar,bo,3,2,198.45479761376566,183.83143789933789,0.1719322088174522,0.03189724963158369
target,solar,bo,3,3,176.4353468192891,183.83143789933789,0.2343079587444663,0.0475230417214334
target,solar,sobol,4,1,180.00165734869987,183.83143789933789,0.10488966712728143,0.016749917063862085
target,solar,bo,4,1,180.00165734869987,183.83143789933789,0.1117522087879479,0.016459249891340733
target,solar,random,4,1,332.89652385566166,183.83143789933789,0.10652224998921156,0.01713995775207877
target,solar,random,4,2,175.534471092378,183.83143789933789,0.16585391573607922,0.030986290890723467
target,solar,bo,5,1,212.18076179043393,183.83143789933789,0.10366575000807643,0.015184332616627216
target,solar,bo,5,2,212.18076179043393,183.83143789933789,0.16444779187440872,0.02994983270764351
target,solar,bo,5,3,212.18076179043393,183.83143789933789,0.22359524993225932,0.04429762437939644
target,solar,bo,5,4,176.71567679731896,183.83143789933789,0.2835659999400377,0.05901195760816336
target,solar,random,5,1,218.1574796505553,183.83143789933789,0.10104866605252028,0.014909833669662476
target,solar,random,5,2,218.1574796505553,183.83143789933789,0.1594310412183404,0.029379875399172306
target,solar,random,5,3,218.1574796505553,183.83143789933789,0.2174990833736956,0.044443500228226185
target,solar,random,5,4,218.1574796505553,183.83143789933789,0.2795932083390653,0.05972608318552375
target,solar,random,5,5,212.0081415519125,183.83143789933789,0.3275377913378179,0.07260729232802987
target,solar,random,5,6,212.0081415519125,183.83143789933789,0.3869042079895735,0.08793083298951387
target,solar,random,5,7,212.0081415519125,183.83143789933789,0.44600670831277966,0.10218083299696445
target,solar,random,5,8,212.0081415519125,183.83143789933789,0.505284458398819,0.11658508284017444
target,solar,random,5,9,212.0081415519125,183.83143789933789,0.5665815002284944,0.130473748780787
target,solar,random,5,10,212.0081415519125,183.83143789933789,0.6262592910788953,0.14525062404572964
target,solar,random,5,11,176.71562050793068,183.83143789933789,0.6853945832699537,0.15919066593050957
target,solar,sobol,5,1,212.18076179043393,183.83143789933789,0.09843300003558397,0.015143583063036203
target,solar,sobol,5,2,212.18076179043393,183.83143789933789,0.1548826671205461,0.029799832962453365
target,solar,sobol,5,3,212.18076179043393,183.83143789933789,0.21315974975004792,0.0440710405819118
target,solar,sobol,5,4,176.71567679731896,183.83143789933789,0.2714357078075409,0.059040832333266735
target,solar,random,6,1,197.820166392996,183.83143789933789,0.09772770805284381,0.014160499908030033
target,solar,random,6,2,188.15564991554254,183.83143789933789,0.15889558289200068,0.02882575010880828
target,solar,random,6,3,176.5593466847721,183.83143789933789,0.21712141716852784,0.04408037522807717
target,solar,sobol,6,1,317.08980326569065,183.83143789933789,0.09825166733935475,0.015122083947062492
target,solar,sobol,6,2,180.38855162774908,183.83143789933789,0.15563441719859838,0.029619333799928427
target,solar,bo,6,1,317.08980326569065,183.83143789933789,0.0993597088381648,0.015074916649609804
target,solar,bo,6,2,180.38855162774908,183.83143789933789,0.1581980837509036,0.02915704157203436
target,solar,sobol,7,1,338.86854349850506,183.83143789933789,0.0984769999049604,0.014876333065330982
target,solar,sobol,7,2,198.61816601622627,183.83143789933789,0.16016833297908306,0.02986720809713006
target,solar,sobol,7,3,198.61816601622627,183.83143789933789,0.21784766670316458,0.04427074920386076
target,solar,sobol,7,4,176.8924972331747,183.83143789933789,0.2759039169177413,0.05945008201524615
target,solar,bo,7,1,338.86854349850506,183.83143789933789,0.0985229997895658,0.015337333083152771
target,solar,bo,7,2,198.61816601622627,183.83143789933789,0.15223483368754387,0.0284620001912117
target,solar,bo,7,3,198.61816601622627,183.83143789933789,0.20794658409431577,0.04184495797380805
target,solar,bo,7,4,176.8924972331747,183.83143789933789,0.2646402916871011,0.05537154199555516
target,solar,random,7,1,282.1233955170845,183.83143789933789,0.09529070882126689,0.01363770803436637
target,solar,random,7,2,176.34383678929535,183.83143789933789,0.15114379208534956,0.027566708158701658
target,copper,random,3,1,0.1960724758596784,0.2057744777270775,0.08632933301851153,0.009001582860946655
target,copper,sobol,3,1,0.5514373050779507,0.2057744777270775,0.08640191610902548,0.009903708007186651
target,copper,sobol,3,2,0.3571840415920821,0.2057744777270775,0.1393872913904488,0.0206407499499619
target,copper,sobol,3,3,0.3571840415920821,0.2057744777270775,0.18557216599583626,0.02585608372464776
target,copper,sobol,3,4,0.20416668932215265,0.2057744777270775,0.23506862530484796,0.034445126075297594
target,copper,bo,3,1,0.5514373050779507,0.2057744777270775,0.09084412502124906,0.009984832722693682
target,copper,bo,3,2,0.3571840415920821,0.2057744777270775,0.14274304173886776,0.020297791808843613
target,copper,bo,3,3,0.3571840415920821,0.2057744777270775,0.1916529587469995,0.02565775066614151
target,copper,bo,3,4,0.20416668932215265,0.2057744777270775,0.24552374985069036,0.03423891682177782
target,copper,sobol,4,1,0.19598354409531066,0.2057744777270775,0.08664754126220942,0.008828625082969666
target,copper,bo,4,1,0.19598354409531066,0.2057744777270775,0.09305587504059076,0.008803959004580975
target,copper,random,4,1,0.23989702567457583,0.2057744777270775,0.09091025032103062,0.008840333204716444
target,copper,random,4,2,0.23989702567457583,0.2057744777270775,0.14372200006619096,0.02121179224923253
target,copper,random,4,3,0.23989702567457583,0.2057744777270775,0.1913882503286004,0.02642175043001771
target,copper,random,4,4,0.23989702567457583,0.2057744777270775,0.24276437517255545,0.03203554218634963
target,copper,random,4,5,0.23989702567457583,0.2057744777270775,0.29293041629716754,0.04169483436271548
target,copper,random,4,6,0.23989702567457583,0.2057744777270775,0.3396472502499819,0.046894417610019445
target,copper,random,4,7,0.23989702567457583,0.2057744777270775,0.39137912495061755,0.05725566763430834
target,copper,random,4,8,0.19830957458889473,0.2057744777270775,0.44035683292895555,0.06562970951199532
target,copper,bo,5,1,0.42193481458054327,0.2057744777270775,0.08937791595235467,0.009346416685730219
target,copper,bo,5,2,0.42193481458054327,0.2057744777270775,0.1384025001898408,0.01717562461271882
target,copper,bo,5,3,0.42193481458054327,0.2057744777270775,0.1858267500065267,0.022468415554612875
target,copper,bo,5,4,0.2448107705054331,0.2057744777270775,0.236779916100204,0.030457123182713985
target,copper,bo,5,5,0.19597913769610728,0.2057744777270775,0.3430135832168162,0.0392778730019927
target,copper,random,5,1,0.6312099058657323,0.2057744777270775,0.089092958252877,0.00932491710409522
target,copper,random,5,2,0.6312099058657323,0.2057744777270775,0.134763291105628,0.014623000286519527
target,copper,random,5,3,0.20572891139796573,0.2057744777270775,0.1838594162836671,0.023218625225126743
target,copper,sobol,5,1,0.42193481458054327,0.2057744777270775,0.0867147077806294,0.009390333667397499
target,copper,sobol,5,2,0.42193481458054327,0.2057744777270775,0.13526520784944296,0.01717212563380599
target,copper,sobol,5,3,0.42193481458054327,0.2057744777270775,0.18591791670769453,0.022884750738739967
target,copper,sobol,5,4,0.2448107705054331,0.2057744777270775,0.23926183301955462,0.03127804258838296
target,copper,sobol,5,5,0.1969853492470523,0.2057744777270775,0.30780541663989425,0.040038167499005795
target,copper,random,6,1,0.49188250620207885,0.2057744777270775,0.09329195786267519,0.010523416567593813
target,copper,random,6,2,0.49188250620207885,0.2057744777270775,0.14071425003930926,0.015476458240300417
target,copper,random,6,3,0.36861882735692186,0.2057744777270775,0.19136650022119284,0.025280792266130447
target,copper,random,6,4,0.36861882735692186,0.2057744777270775,0.24027333315461874,0.03069737507030368
target,copper,random,6,5,0.36861882735692186,0.2057744777270775,0.28573287511244416,0.03589612524956465
target,copper,random,6,6,0.36861882735692186,0.2057744777270775,0.3352235001511872,0.04429695848375559
target,copper,random,6,7,0.19971166313321398,0.2057744777270775,0.38557970803231,0.05301691638305783
target,copper,sobol,6,1,0.19646264559703372,0.2057744777270775,0.08715595817193389,0.00867945933714509
target,copper,bo,6,1,0.19646264559703372,0.2057744777270775,0.08922295877709985,0.008860124740749598
target,copper,sobol,7,1,0.6288080403267428,0.2057744777270775,0.09301841584965587,0.009507750160992146
target,copper,sobol,7,2,0.6288080403267428,0.2057744777270775,0.13785970816388726,0.014790500048547983
target,copper,sobol,7,3,0.6288080403267428,0.2057744777270775,0.18858712492510676,0.02388616744428873
target,copper,sobol,7,4,0.22572901818157134,0.2057744777270775,0.24774275021627545,0.03938750037923455
target,copper,sobol,7,5,0.22572901818157134,0.2057744777270775,0.299382041208446,0.04834012547507882
target,copper,sobol,7,6,0.22572901818157134,0.2057744777270775,0.3555573751218617,0.05892637558281422
target,copper,sobol,7,7,0.22572901818157134,0.2057744777270775,0.4078077501617372,0.06440308364108205
target,copper,sobol,7,8,0.22572901818157134,0.2057744777270775,0.46159716602414846,0.07569833379238844
target,copper,sobol,7,9,0.22572901818157134,0.2057744777270775,0.5127743752673268,0.08472875086590648
target,copper,sobol,7,10,0.22572901818157134,0.2057744777270775,0.559972916264087,0.08987820846959949
target,copper,sobol,7,11,0.22572901818157134,0.2057744777270775,0.6121532912366092,0.09921141620725393
target,copper,sobol,7,12,0.19598145919108328,0.2057744777270775,0.6678907498717308,0.10808541625738144
target,copper,bo,7,1,0.6288080403267428,0.2057744777270775,0.08866279199719429,0.009363791905343533
target,copper,bo,7,2,0.6288080403267428,0.2057744777270775,0.1368280416354537,0.014512249734252691
target,copper,bo,7,3,0.6288080403267428,0.2057744777270775,0.18767250003293157,0.023809708654880524
target,copper,bo,7,4,0.22572901818157134,0.2057744777270775,0.24586299993097782,0.03884429205209017
target,copper,bo,7,5,0.22572901818157134,0.2057744777270775,0.38505666702985764,0.04916383279487491
target,copper,bo,7,6,0.22572901818157134,0.2057744777270775,0.5173702077008784,0.057113874703645706
target,copper,bo,7,7,0.1965047198163146,0.2057744777270775,0.6456437916494906,0.06555949943140149
target,copper,random,7,1,1.0472359688285595,0.2057744777270775,0.08605737471953034,0.007294957991689444
target,copper,random,7,2,0.1959822510548131,0.2057744777270775,0.13688191678375006,0.015402374789118767
target,hymod,random,3,1,2.837156412857588,1.1382771629499375,0.10294304229319096,0.019705832935869694
target,hymod,random,3,2,2.837156412857588,1.1382771629499375,0.16700083389878273,0.03876154078170657
target,hymod,random,3,3,2.2350181764296564,1.1382771629499375,0.22933500027284026,0.05793812358751893
target,hymod,random,3,4,2.2350181764296564,1.1382771629499375,0.28766733407974243,0.07496224856004119
target,hymod,random,3,5,2.2350181764296564,1.1382771629499375,0.34553654212504625,0.0918470392934978
target,hymod,random,3,6,2.2350181764296564,1.1382771629499375,0.40477716689929366,0.10863566445186734
target,hymod,random,3,7,2.2350181764296564,1.1382771629499375,0.4646557089872658,0.12569674849510193
target,hymod,random,3,8,2.2350181764296564,1.1382771629499375,0.5266656670719385,0.14383674832060933
target,hymod,random,3,9,1.8356655327333948,1.1382771629499375,0.5877533750608563,0.16058687306940556
target,hymod,random,3,10,1.8356655327333948,1.1382771629499375,0.6488698339089751,0.17773224832490087
target,hymod,random,3,11,1.8356655327333948,1.1382771629499375,0.7117519592866302,0.19444804033264518
target,hymod,random,3,12,1.8356655327333948,1.1382771629499375,0.7765654590912163,0.21130262315273285
target,hymod,random,3,13,1.7595198951951916,1.1382771629499375,0.852335459087044,0.22867824789136648
target,hymod,random,3,14,1.7595198951951916,1.1382771629499375,0.9170418749563396,0.2472787480801344
target,hymod,random,3,15,1.7595198951951916,1.1382771629499375,0.9823177922517061,0.2650989154353738
target,hymod,random,3,16,1.7595198951951916,1.1382771629499375,1.0497815841808915,0.28380362363532186
target,hymod,random,3,17,1.7595198951951916,1.1382771629499375,1.116101125255227,0.30233399849385023
target,hymod,random,3,18,1.7595198951951916,1.1382771629499375,1.1814855001866817,0.31901183165609837
target,hymod,random,3,19,1.7595198951951916,1.1382771629499375,1.2510487092658877,0.3375466647557914
target,hymod,random,3,20,1.7595198951951916,1.1382771629499375,1.3240601252764463,0.3570725810714066
target,hymod,random,3,21,1.7595198951951916,1.1382771629499375,1.3976613339036703,0.37635483127087355
target,hymod,random,3,22,1.7595198951951916,1.1382771629499375,1.4683171669021249,0.39529699832201004
target,hymod,random,3,23,1.7595198951951916,1.1382771629499375,1.5432813339866698,0.4145723315887153
target,hymod,random,3,24,1.7595198951951916,1.1382771629499375,1.6141580841504037,0.43271883158013225
target,hymod,random,3,25,1.5361863165430998,1.1382771629499375,1.6875979593023658,0.45113470684736967
target,hymod,random,3,26,1.5361863165430998,1.1382771629499375,1.762573417276144,0.4689695402048528
target,hymod,random,3,27,1.5361863165430998,1.1382771629499375,1.8372247498482466,0.48825054056942463
target,hymod,random,3,28,1.5361863165430998,1.1382771629499375,1.912178291939199,0.5079234577715397
target,hymod,random,3,29,1.5361863165430998,1.1382771629499375,1.9873123341239989,0.525909582618624
target,hymod,random,3,30,1.5361863165430998,1.1382771629499375,2.06252858415246,0.5455882917158306
target,hymod,random,3,31,1.5361863165430998,1.1382771629499375,2.137119125109166,0.5637365421280265
target,hymod,random,3,32,1.5361863165430998,1.1382771629499375,2.2112100841477513,0.5818492081016302
target,hymod,random,3,33,1.5361863165430998,1.1382771629499375,2.281642584130168,0.5988790830597281
target,hymod,random,3,34,1.5361863165430998,1.1382771629499375,2.3528977502137423,0.6168776662088931
target,hymod,random,3,35,1.5361863165430998,1.1382771629499375,2.427396667189896,0.6345107504166663
target,hymod,random,3,36,1.5361863165430998,1.1382771629499375,2.5029894169420004,0.6523128338158131
target,hymod,random,3,37,1.5361863165430998,1.1382771629499375,2.5772187090478837,0.670478249900043
target,hymod,random,3,38,1.5174391059856243,1.1382771629499375,2.651300916913897,0.6885818750597537
target,hymod,random,3,39,1.5174391059856243,1.1382771629499375,2.724062459077686,0.7051963331177831
target,hymod,random,3,40,1.5174391059856243,1.1382771629499375,2.7970103342086077,0.7222412498667836
target,hymod,random,3,41,1.5174391059856243,1.1382771629499375,2.87101774988696,0.7398510407656431
target,hymod,random,3,42,1.5174391059856243,1.1382771629499375,2.9458627090789378,0.7577297906391323
target,hymod,random,3,43,1.5174391059856243,1.1382771629499375,3.0220212088897824,0.7756912903860211
target,hymod,random,3,44,1.5174391059856243,1.1382771629499375,3.100421667098999,0.7926589571870863
target,hymod,random,3,45,1.5174391059856243,1.1382771629499375,3.1756086670793593,0.8103869152255356
target,hymod,random,3,46,1.4767438538185156,1.1382771629499375,3.2520337500609457,0.8282965403050184
target,hymod,random,3,47,1.4767438538185156,1.1382771629499375,3.328076709061861,0.8448734572157264
target,hymod,random,3,48,1.4767438538185156,1.1382771629499375,3.4056267091073096,0.8620433323085308
target,hymod,random,3,49,1.4767438538185156,1.1382771629499375,3.4818722498603165,0.8786023729480803
target,hymod,random,3,50,1.4767438538185156,1.1382771629499375,3.5603308752179146,0.8961322479881346
target,hymod,random,3,51,1.4767438538185156,1.1382771629499375,3.639469959307462,0.9143879977054894
target,hymod,random,3,52,1.4767438538185156,1.1382771629499375,3.719509500078857,0.932543165050447
target,hymod,random,3,53,1.4767438538185156,1.1382771629499375,3.803196541965008,0.9507104153744876
target,hymod,random,3,54,1.4767438538185156,1.1382771629499375,3.8894855841062963,0.9698302494361997
target,hymod,random,3,55,1.4767438538185156,1.1382771629499375,3.9759478750638664,0.9892161246389151
target,hymod,random,3,56,1.4767438538185156,1.1382771629499375,4.060364292003214,1.0070477495901287
target,hymod,random,3,57,1.4767438538185156,1.1382771629499375,4.145669334102422,1.0248983749188483
target,hymod,random,3,58,1.4767438538185156,1.1382771629499375,4.236895416863263,1.0422677085734904
target,hymod,random,3,59,1.4767438538185156,1.1382771629499375,4.334012208972126,1.0610472913831472
target,hymod,random,3,60,1.4767438538185156,1.1382771629499375,4.4248340842314065,1.08018095837906
target,hymod,random,3,61,1.4767438538185156,1.1382771629499375,4.516012541949749,1.098074291832745
target,hymod,random,3,62,1.423232259285698,1.1382771629499375,4.611904541961849,1.1161363339051604
target,hymod,random,3,63,1.423232259285698,1.1382771629499375,4.705312124919146,1.1345985839143395
target,hymod,random,3,64,1.423232259285698,1.1382771629499375,4.791267292108387,1.1526634180918336
target,hymod,random,3,65,1.423232259285698,1.1382771629499375,4.87914620898664,1.170958125963807
target,hymod,random,3,66,1.423232259285698,1.1382771629499375,4.967358292080462,1.1889788350090384
target,hymod,random,3,67,1.423232259285698,1.1382771629499375,5.051678291987628,1.2057965849526227
target,hymod,random,3,68,1.423232259285698,1.1382771629499375,5.137687750160694,1.222833835054189
target,hymod,random,3,69,1.423232259285698,1.1382771629499375,5.222658375278115,1.2394390441477299
target,hymod,random,3,70,1.423232259285698,1.1382771629499375,5.308019124902785,1.2561000031419098
target,hymod,random,3,71,1.423232259285698,1.1382771629499375,5.394429416861385,1.272993294056505
target,hymod,random,3,72,1.423232259285698,1.1382771629499375,5.48144004214555,1.290037668775767
target,hymod,random,3,73,1.423232259285698,1.1382771629499375,5.5716672502458096,1.3070686268620193
target,hymod,random,3,74,1.423232259285698,1.1382771629499375,5.659142999909818,1.3246573768556118
target,hymod,random,3,75,1.423232259285698,1.1382771629499375,5.748566208872944,1.342094044201076
target,hymod,random,3,76,1.423232259285698,1.1382771629499375,5.837651459034532,1.3600360858254135
target,hymod,random,3,77,1.423232259285698,1.1382771629499375,5.928993584122509,1.377102836035192
target,hymod,random,3,78,1.423232259285698,1.1382771629499375,6.0264725419692695,1.3942162529565394
target,hymod,random,3,79,1.423232259285698,1.1382771629499375,6.125233375001699,1.4109850856475532
target,hymod,random,3,80,1.423232259285698,1.1382771629499375,6.215289417188615,1.4281450435519218
target,hymod,random,3,81,1.423232259285698,1.1382771629499375,6.305320542305708,1.4446440432220697
target,hymod,random,3,82,1.423232259285698,1.1382771629499375,6.399131125304848,1.462347793392837
target,hymod,random,3,83,1.423232259285698,1.1382771629499375,6.4911259999498725,1.4795449180528522
target,hymod,random,3,84,1.423232259285698,1.1382771629499375,6.5827576671727,1.4961463352665305
target,hymod,random,3,85,1.423232259285698,1.1382771629499375,6.688918292056769,1.5133831682614982
target,hymod,random,3,86,1.423232259285698,1.1382771629499375,6.7836377918720245,1.5303854602389038
target,hymod,random,3,87,1.423232259285698,1.1382771629499375,6.876531292218715,1.547275918070227
target,hymod,random,3,88,1.423232259285698,1.1382771629499375,6.9689793339930475,1.5640488350763917
target,hymod,random,3,89,1.423232259285698,1.1382771629499375,7.063783584162593,1.5816694181412458
target,hymod,random,3,90,1.423232259285698,1.1382771629499375,7.157792167272419,1.598724835086614
target,hymod,random,3,91,1.423232259285698,1.1382771629499375,7.262339584063739,1.6166991260834038
target,hymod,random,3,92,1.423232259285698,1.1382771629499375,7.359435374848545,1.6333898343145847
target,hymod,random,3,93,1.423232259285698,1.1382771629499375,7.453954374883324,1.650401001330465
target,hymod,random,3,94,1.423232259285698,1.1382771629499375,7.549653542228043,1.6674909172579646
target,hymod,random,3,95,1.423232259285698,1.1382771629499375,7.646282250061631,1.685188126284629
target,hymod,random,3,96,1.423232259285698,1.1382771629499375,7.743859542068094,1.702275543473661
target,hymod,random,3,97,1.423232259285698,1.1382771629499375,7.840981875080615,1.7189055844210088
target,hymod,random,3,98,1.423232259285698,1.1382771629499375,7.943045542109758,1.7359374593943357
target,hymod,random,3,99,1.423232259285698,1.1382771629499375,8.040472459048033,1.7527605844661593
target,hymod,random,3,100,1.423232259285698,1.1382771629499375,8.143951834179461,1.77091466775164
target,hymod,random,3,101,1.423232259285698,1.1382771629499375,8.246037125121802,1.788059792947024
target,hymod,random,3,102,1.423232259285698,1.1382771629499375,8.414034875109792,1.806986918207258
target,hymod,random,3,103,1.423232259285698,1.1382771629499375,8.51380570884794,1.8239165432751179
target,hymod,random,3,104,1.423232259285698,1.1382771629499375,8.614993249997497,1.8409528760239482
target,hymod,random,3,105,1.423232259285698,1.1382771629499375,8.718772500287741,1.858373335096985
target,hymod,random,3,106,1.423232259285698,1.1382771629499375,8.820684291888028,1.8762873350642622
target,hymod,random,3,107,1.423232259285698,1.1382771629499375,8.925558791961521,1.8930320851504803
target,hymod,random,3,108,1.423232259285698,1.1382771629499375,9.03016204200685,1.9111463762819767
target,hymod,random,3,109,1.423232259285698,1.1382771629499375,9.135301916860044,1.9288096684031188
target,hymod,random,3,110,1.423232259285698,1.1382771629499375,9.2366734999232,1.9456077092327178
target,hymod,random,3,111,1.423232259285698,1.1382771629499375,9.338048291858286,1.962582167237997
target,hymod,random,3,112,1.423232259285698,1.1382771629499375,9.441553084179759,1.9808715423569083
target,hymod,random,3,113,1.423232259285698,1.1382771629499375,9.544095834251493,1.9976377082057297
target,hymod,random,3,114,1.423232259285698,1.1382771629499375,9.65309466701001,2.013943249359727
target,hymod,random,3,115,1.423232259285698,1.1382771629499375,9.770316750276834,2.0326652489602566
target,hymod,random,3,116,1.423232259285698,1.1382771629499375,9.875019417144358,2.0491055832244456
target,hymod,random,3,117,1.423232259285698,1.1382771629499375,9.980843708850443,2.0658802492544055
target,hymod,random,3,118,1.423232259285698,1.1382771629499375,10.08423462510109,2.081838207319379
target,hymod,random,3,119,1.423232259285698,1.1382771629499375,10.183050542138517,2.098600207362324
target,hymod,random,3,120,1.423232259285698,1.1382771629499375,10.283449499867857,2.1158988322131336
target,hymod,random,3,121,1.423232259285698,1.1382771629499375,10.388053459115326,2.1330052074044943
target,hymod,random,3,122,1.423232259285698,1.1382771629499375,10.492021624930203,2.1517518325708807
target,hymod,random,3,123,1.423232259285698,1.1382771629499375,10.59940441697836,2.168365915771574
target,hymod,random,3,124,1.423232259285698,1.1382771629499375,10.712661541998386,2.1874447907321155
target,hymod,random,3,125,1.423232259285698,1.1382771629499375,10.827096667140722,2.2066875817254186
target,hymod,random,3,126,1.423232259285698,1.1382771629499375,10.950452709104866,2.2271774988621473
target,hymod,random,3,127,1.423232259285698,1.1382771629499375,11.064684917218983,2.244228456635028
target,hymod,random,3,128,1.423232259285698,1.1382771629499375,11.178900458849967,2.2620751233771443
target,hymod,random,3,129,1.423232259285698,1.1382771629499375,11.294295709114522,2.280944373458624
target,hymod,random,3,130,1.423232259285698,1.1382771629499375,11.402787417173386,2.2977492068894207
target,hymod,random,3,131,1.423232259285698,1.1382771629499375,11.515084208920598,2.315516748931259
target,hymod,random,3,132,1.423232259285698,1.1382771629499375,11.62837808392942,2.3324132072739303
target,hymod,random,3,133,1.423232259285698,1.1382771629499375,11.811079167295247,2.3507905821315944
target,hymod,random,3,134,1.423232259285698,1.1382771629499375,11.930522250011563,2.368400374427438
target,hymod,random,3,135,1.423232259285698,1.1382771629499375,12.049427917227149,2.3865334992296994
target,hymod,random,3,136,1.423232259285698,1.1382771629499375,12.167983875144273,2.4028463740833104
target,hymod,random,3,137,1.423232259285698,1.1382771629499375,12.291426999960095,2.4218133739195764
target,hymod,random,3,138,1.423232259285698,1.1382771629499375,12.412530167028308,2.4401300409808755
target,hymod,random,3,139,1.423232259285698,1.1382771629499375,12.540672750212252,2.459380582906306
target,hymod,random,3,140,1.423232259285698,1.1382771629499375,12.667918125167489,2.4787482912652194
target,hymod,random,3,141,1.423232259285698,1.1382771629499375,12.791942833922803,2.496547249145806
target,hymod,random,3,142,1.423232259285698,1.1382771629499375,12.920870834030211,2.5149219152517617
target,hymod,random,3,143,1.423232259285698,1.1382771629499375,13.053940291982144,2.5352957900613546
target,hymod,random,3,144,1.423232259285698,1.1382771629499375,13.18515449995175,2.555131747853011
target,hymod,random,3,145,1.423232259285698,1.1382771629499375,13.32189395930618,2.575657289940864
target,hymod,random,3,146,1.423232259285698,1.1382771629499375,13.456221625208855,2.5956018320284784
target,hymod,random,3,147,1.423232259285698,1.1382771629499375,13.59174045920372,2.6163559569977224
target,hymod,random,3,148,1.423232259285698,1.1382771629499375,13.718829874880612,2.63549279095605
target,hymod,random,3,149,1.423232259285698,1.1382771629499375,13.849110417068005,2.6548373750410974
target,hymod,random,3,150,1.423232259285698,1.1382771629499375,13.978031584061682,2.674387041013688
target,hymod,random,3,151,1.423232259285698,1.1382771629499375,14.112835667096078,2.693732707761228
target,hymod,random,3,152,1.423232259285698,1.1382771629499375,14.249685334041715,2.713168582879007
target,hymod,random,3,153,1.423232259285698,1.1382771629499375,14.381275958847255,2.7324854996986687
target,hymod,random,3,154,1.423232259285698,1.1382771629499375,14.582755249924958,2.7529391669668257
target,hymod,random,3,155,1.423232259285698,1.1382771629499375,14.709388417191803,2.771008334122598
target,hymod,random,3,156,1.423232259285698,1.1382771629499375,14.836219416931272,2.789423626381904
target,hymod,random,3,157,1.423232259285698,1.1382771629499375,14.965249167289585,2.8073557103052735
target,hymod,random,3,158,1.423232259285698,1.1382771629499375,15.10152520891279,2.8269074601121247
target,hymod,random,3,159,1.423232259285698,1.1382771629499375,15.253625417128205,2.8483997927978635
target,hymod,random,3,160,1.423232259285698,1.1382771629499375,15.395771666895598,2.8697577929124236
target,hymod,random,3,161,1.423232259285698,1.1382771629499375,15.537759209051728,2.890649000648409
target,hymod,random,3,162,1.423232259285698,1.1382771629499375,15.676307375077158,2.9110352084971964
target,hymod,random,3,163,1.423232259285698,1.1382771629499375,15.807624708861113,2.9288027505390346
target,hymod,random,3,164,1.423232259285698,1.1382771629499375,15.985253166873008,2.9479110003449023
target,hymod,random,3,165,1.423232259285698,1.1382771629499375,16.16606600023806,2.981310000177473
target,hymod,random,3,166,1.423232259285698,1.1382771629499375,16.307459624949843,3.0018498338758945
target,hymod,random,3,167,1.423232259285698,1.1382771629499375,16.44828850030899,3.022600917611271
target,hymod,random,3,168,1.423232259285698,1.1382771629499375,16.590160292107612,3.042137583717704
target,hymod,random,3,169,1.423232259285698,1.1382771629499375,16.733791458886117,3.062910709064454
target,hymod,random,3,170,1.423232259285698,1.1382771629499375,16.877246709074825,3.082570542115718
target,hymod,random,3,171,1.423232259285698,1.1382771629499375,17.021364792250097,3.103402833919972
target,hymod,random,3,172,1.423232259285698,1.1382771629499375,17.166969750076532,3.124412917997688
target,hymod,random,3,173,1.423232259285698,1.1382771629499375,17.310192708857358,3.1437285020947456
target,hymod,random,3,174,1.423232259285698,1.1382771629499375,17.73413212504238,3.167916792910546
target,hymod,random,3,175,1.423232259285698,1.1382771629499375,18.033863209187984,3.203927876893431
target,hymod,random,3,176,1.423232259285698,1.1382771629499375,18.282998292241246,3.2446291679516435
target,hymod,random,3,177,1.423232259285698,1.1382771629499375,18.431522666942328,3.2635916681028903
target,hymod,random,3,178,1.423232259285698,1.1382771629499375,18.579275167081505,3.281903835013509
target,hymod,random,3,179,1.423232259285698,1.1382771629499375,18.791730083990842,3.3154885009862483
target,hymod,random,3,180,1.423232259285698,1.1382771629499375,18.99468041723594,3.342355167027563
target,hymod,random,3,181,1.423232259285698,1.1382771629499375,19.185922083910555,3.3684597089886665
target,hymod,random,3,182,1.423232259285698,1.1382771629499375,19.373267333954573,3.394556751009077
target,hymod,random,3,183,1.423232259285698,1.1382771629499375,19.544638959225267,3.4184344597160816
target,hymod,random,3,184,1.423232259285698,1.1382771629499375,19.71792925009504,3.4411262925714254
target,hymod,random,3,185,1.423232259285698,1.1382771629499375,19.88981437496841,3.464255792554468
target,hymod,random,3,186,1.423232259285698,1.1382771629499375,20.057180874980986,3.4876756672747433
target,hymod,random,3,187,1.423232259285698,1.1382771629499375,20.237406125292182,3.511133042164147
target,hymod,random,3,188,1.423232259285698,1.1382771629499375,20.409290625248104,3.53392729209736
target,hymod,random,3,189,1.423232259285698,1.1382771629499375,20.57790791708976,3.556000624783337
target,hymod,random,3,190,1.423232259285698,1.1382771629499375,20.791116500273347,3.5791869168169796
target,hymod,random,3,191,1.423232259285698,1.1382771629499375,21.15409616706893,3.6113126249983907
target,hymod,random,3,192,1.423232259285698,1.1382771629499375,21.39609399996698,3.6439139591529965
target,hymod,random,3,193,1.423232259285698,1.1382771629499375,21.609447124879807,3.672251459211111
target,hymod,random,3,194,1.423232259285698,1.1382771629499375,21.81852133385837,3.6967975422739983
target,hymod,random,3,195,1.423232259285698,1.1382771629499375,22.0132510419935,3.72344733402133
target,hymod,random,3,196,1.423232259285698,1.1382771629499375,22.20539000025019,3.7478450420312583
target,hymod,random,3,197,1.423232259285698,1.1382771629499375,22.3821459999308,3.7703279168345034
target,hymod,random,3,198,1.423232259285698,1.1382771629499375,22.558110000099987,3.7920045824721456
target,hymod,random,3,199,1.423232259285698,1.1382771629499375,22.733437417075038,3.815277499612421
target,hymod,random,3,200,1.423232259285698,1.1382771629499375,22.9643614590168,3.838453166652471
target,hymod,sobol,3,1,1.7935020770508046,1.1382771629499375,0.11890920903533697,0.02316208276897669
target,hymod,sobol,3,2,1.7935020770508046,1.1382771629499375,0.19149858364835382,0.04406220791861415
target,hymod,sobol,3,3,1.7935020770508046,1.1382771629499375,0.2601157920435071,0.06383262388408184
target,hymod,sobol,3,4,1.7935020770508046,1.1382771629499375,0.3359525837004185,0.08559379074722528
target,hymod,sobol,3,5,1.7935020770508046,1.1382771629499375,0.414531041868031,0.10812333272770047
target,hymod,sobol,3,6,1.7935020770508046,1.1382771629499375,0.4914137087762356,0.1299256249330938
target,hymod,sobol,3,7,1.7935020770508046,1.1382771629499375,0.5605776668526232,0.14984775008633733
target,hymod,sobol,3,8,1.6950154142039955,1.1382771629499375,0.6317063337191939,0.171146874781698
target,hymod,sobol,3,9,1.4895935320445006,1.1382771629499375,0.705242000054568,0.19205224979668856
target,hymod,sobol,3,10,1.4895935320445006,1.1382771629499375,0.7777272500097752,0.21274850005283952
target,hymod,sobol,3,11,1.4895935320445006,1.1382771629499375,0.8488923748955131,0.2323545841500163
target,hymod,sobol,3,12,1.4895935320445006,1.1382771629499375,0.9236170840449631,0.25324608432129025
target,hymod,sobol,3,13,1.4895935320445006,1.1382771629499375,0.9972984590567648,0.27410041727125645
target,hymod,sobol,3,14,1.4895935320445006,1.1382771629499375,1.0718379588797688,0.29412125051021576
target,hymod,sobol,3,15,1.4895935320445006,1.1382771629499375,1.1443849168717861,0.31386000057682395
target,hymod,sobol,3,16,1.4895935320445006,1.1382771629499375,1.217684291768819,0.33481391752138734
target,hymod,sobol,3,17,1.4895935320445006,1.1382771629499375,1.2934973747469485,0.35597508354112506
target,hymod,sobol,3,18,1.4895935320445006,1.1382771629499375,1.370629624929279,0.3756794994696975
target,hymod,sobol,3,19,1.4895935320445006,1.1382771629499375,1.4490149589255452,0.39778116531670094
target,hymod,sobol,3,20,1.4895935320445006,1.1382771629499375,1.5333258747123182,0.42085374938324094
target,hymod,sobol,3,21,1.4895935320445006,1.1382771629499375,1.619211500044912,0.4444048744626343
target,hymod,sobol,3,22,1.4895935320445006,1.1382771629499375,1.7018037498928607,0.466021541506052
target,hymod,sobol,3,23,1.4895935320445006,1.1382771629499375,1.7862593340687454,0.488601291552186
target,hymod,sobol,3,24,1.4895935320445006,1.1382771629499375,1.8645637496374547,0.5104088746011257
target,hymod,sobol,3,25,1.4895935320445006,1.1382771629499375,1.9408453749492764,0.5310943746007979
target,hymod,sobol,3,26,1.4895935320445006,1.1382771629499375,2.015839833766222,0.5504794577136636
target,hymod,sobol,3,27,1.3003874125223467,1.1382771629499375,2.0898626246489584,0.5695934165269136
target,hymod,sobol,3,28,1.3003874125223467,1.1382771629499375,2.1908477088436484,0.5978911244310439
target,hymod,sobol,3,29,1.3003874125223467,1.1382771629499375,2.2786479997448623,0.6201840415596962
target,hymod,sobol,3,30,1.3003874125223467,1.1382771629499375,2.359224416781217,0.6402896665968001
target,hymod,sobol,3,31,1.3003874125223467,1.1382771629499375,2.4385856250301003,0.6599389584735036
target,hymod,sobol,3,32,1.3003874125223467,1.1382771629499375,2.5268309167586267,0.6805855832062662
target,hymod,sobol,3,33,1.3003874125223467,1.1382771629499375,2.6545624998398125,0.7085724584758282
target,hymod,sobol,3,34,1.3003874125223467,1.1382771629499375,2.7567118336446583,0.7333905836567283
target,hymod,sobol,3,35,1.3003874125223467,1.1382771629499375,2.855142416898161,0.7573712505400181
target,hymod,sobol,3,36,1.3003874125223467,1.1382771629499375,2.9547632089816034,0.7827018331736326
target,hymod,sobol,3,37,1.3003874125223467,1.1382771629499375,3.0652687498368323,0.8081187913194299
target,hymod,sobol,3,38,1.3003874125223467,1.1382771629499375,3.17975883372128,0.8334744162857533
target,hymod,sobol,3,39,1.3003874125223467,1.1382771629499375,3.3004727088846266,0.8633722085505724
target,hymod,sobol,3,40,1.3003874125223467,1.1382771629499375,3.4186919168569148,0.8927027494646609
target,hymod,sobol,3,41,1.3003874125223467,1.1382771629499375,3.536393417045474,0.9227294158190489
target,hymod,sobol,3,42,1.3003874125223467,1.1382771629499375,3.6408431669697165,0.9471677904948592
target,hymod,sobol,3,43,1.3003874125223467,1.1382771629499375,3.745767458807677,0.9716579578816891
target,hymod,sobol,3,44,1.3003874125223467,1.1382771629499375,3.856470291968435,0.9989843326620758
target,hymod,sobol,3,45,1.3003874125223467,1.1382771629499375,3.9676837497390807,1.025227790698409
target,hymod,sobol,3,46,1.3003874125223467,1.1382771629499375,4.0736742918379605,1.0496963313780725
target,hymod,sobol,3,47,1.3003874125223467,1.1382771629499375,4.1688422919251025,1.0713274981826544
target,hymod,sobol,3,48,1.3003874125223467,1.1382771629499375,4.271212500054389,1.0948670809157193
target,hymod,sobol,3,49,1.3003874125223467,1.1382771629499375,4.377246374730021,1.1187716228887439
target,hymod,sobol,3,50,1.3003874125223467,1.1382771629499375,4.476345958653837,1.1407206230796874
target,hymod,sobol,3,51,1.3003874125223467,1.1382771629499375,4.575354041997343,1.1624633730389178
target,hymod,sobol,3,52,1.3003874125223467,1.1382771629499375,4.6761399996466935,1.1856139558367431
target,hymod,sobol,3,53,1.3003874125223467,1.1382771629499375,4.787636124994606,1.2086907466873527
target,hymod,sobol,3,54,1.3003874125223467,1.1382771629499375,4.900839000009,1.2319429544731975
target,hymod,sobol,3,55,1.3003874125223467,1.1382771629499375,5.005494041834027,1.2551686624065042
target,hymod,sobol,3,56,1.3003874125223467,1.1382771629499375,5.109150833915919,1.276982453186065
target,hymod,sobol,3,57,1.3003874125223467,1.1382771629499375,5.21468370873481,1.3013450358994305
target,hymod,sobol,3,58,1.3003874125223467,1.1382771629499375,5.313509666826576,1.3221551608294249
target,hymod,sobol,3,59,1.3003874125223467,1.1382771629499375,5.4100989587605,1.3424624521285295
target,hymod,sobol,3,60,1.3003874125223467,1.1382771629499375,5.511257749982178,1.3632405349053442
target,hymod,sobol,3,61,1.3003874125223467,1.1382771629499375,5.60614512488246,1.3839946193620563
target,hymod,sobol,3,62,1.3003874125223467,1.1382771629499375,5.702731708995998,1.403589578345418
target,hymod,sobol,3,63,1.3003874125223467,1.1382771629499375,5.799705416895449,1.4232870363630354
target,hymod,sobol,3,64,1.3003874125223467,1.1382771629499375,5.894629708956927,1.4439592864364386
target,hymod,sobol,3,65,1.3003874125223467,1.1382771629499375,5.996185749769211,1.4639702863059938
target,hymod,sobol,3,66,1.3003874125223467,1.1382771629499375,6.095568750053644,1.4840969531796873
target,hymod,sobol,3,67,1.3003874125223467,1.1382771629499375,6.198295333888382,1.5040330784395337
target,hymod,sobol,3,68,1.3003874125223467,1.1382771629499375,6.2967127920128405,1.5248912456445396
target,hymod,sobol,3,69,1.3003874125223467,1.1382771629499375,6.396128125023097,1.5460677868686616
target,hymod,sobol,3,70,1.3003874125223467,1.1382771629499375,6.495276459027082,1.5659079537726939
target,hymod,sobol,3,71,1.3003874125223467,1.1382771629499375,6.594361874740571,1.5859119957312942
target,hymod,sobol,3,72,1.3003874125223467,1.1382771629499375,6.697479333728552,1.6070522875525057
target,hymod,sobol,3,73,1.3003874125223467,1.1382771629499375,6.802827124949545,1.6280952035449445
target,hymod,sobol,3,74,1.3003874125223467,1.1382771629499375,6.905610749963671,1.647799162659794
target,hymod,sobol,3,75,1.3003874125223467,1.1382771629499375,7.009667791891843,1.6683171214535832
target,hymod,sobol,3,76,1.3003874125223467,1.1382771629499375,7.116842208895832,1.689861829392612
target,hymod,sobol,3,77,1.3003874125223467,1.1382771629499375,7.221050249878317,1.710882912389934
target,hymod,sobol,3,78,1.3003874125223467,1.1382771629499375,7.323130916804075,1.7303933296352625
target,hymod,sobol,3,79,1.3003874125223467,1.1382771629499375,7.4287697919644415,1.7507871217094362
target,hymod,sobol,3,80,1.3003874125223467,1.1382771629499375,7.5311933336779475,1.7716513718478382
target,hymod,sobol,3,81,1.3003874125223467,1.1382771629499375,7.633341999724507,1.7925205798819661
target,hymod,sobol,3,82,1.3003874125223467,1.1382771629499375,7.737691958900541,1.8123574969358742
target,hymod,sobol,3,83,1.3003874125223467,1.1382771629499375,7.912483499851078,1.8550205379724503
target,hymod,sobol,3,84,1.3003874125223467,1.1382771629499375,8.073482583742589,1.8976912470534444
target,hymod,sobol,3,85,1.3003874125223467,1.1382771629499375,8.241554041858763,1.9296275391243398
target,hymod,sobol,3,86,1.3003874125223467,1.1382771629499375,8.430072749964893,1.969549081288278
target,hymod,sobol,3,87,1.3003874125223467,1.1382771629499375,8.634024417027831,2.005526665132493
target,hymod,sobol,3,88,1.3003874125223467,1.1382771629499375,8.824389333836734,2.0457271649502218
target,hymod,sobol,3,89,1.3003874125223467,1.1382771629499375,8.971401833929121,2.0741012901999056
target,hymod,sobol,3,90,1.3003874125223467,1.1382771629499375,9.104237958788872,2.0984287904575467
target,hymod,sobol,3,91,1.3003874125223467,1.1382771629499375,9.313753083813936,2.123488915618509
target,hymod,sobol,3,92,1.3003874125223467,1.1382771629499375,9.442438167054206,2.1471389988437295
target,hymod,sobol,3,93,1.3003874125223467,1.1382771629499375,9.566086458973587,2.1707359571009874
target,hymod,sobol,3,94,1.3003874125223467,1.1382771629499375,9.68548483401537,2.1924178740009665
target,hymod,sobol,3,95,1.3003874125223467,1.1382771629499375,9.810524874832481,2.2147043738514185
target,hymod,sobol,3,96,1.3003874125223467,1.1382771629499375,9.935849166940898,2.238323331810534
target,hymod,sobol,3,97,1.3003874125223467,1.1382771629499375,10.06085787480697,2.2616553315892816
target,hymod,sobol,3,98,1.3003874125223467,1.1382771629499375,10.197865208610892,2.283643539994955
target,hymod,sobol,3,99,1.3003874125223467,1.1382771629499375,10.332280708942562,2.305771830957383
target,hymod,sobol,3,100,1.3003874125223467,1.1382771629499375,10.477924916893244,2.3334344560280442
target,hymod,sobol,3,101,1.3003874125223467,1.1382771629499375,10.652597916778177,2.378848997876048
target,hymod,sobol,3,102,1.3003874125223467,1.1382771629499375,10.798559916671365,2.403144122567028
target,hymod,sobol,3,103,1.3003874125223467,1.1382771629499375,10.941019374877214,2.4284463729709387
target,hymod,sobol,3,104,1.3003874125223467,1.1382771629499375,11.074980999808758,2.450917163863778
target,hymod,sobol,3,105,1.3003874125223467,1.1382771629499375,11.24477112479508,2.4839862058870494
target,hymod,sobol,3,106,1.3003874125223467,1.1382771629499375,11.38238124968484,2.506772122811526
target,hymod,sobol,3,107,1.3003874125223467,1.1382771629499375,11.51237624976784,2.5283743306063116
target,hymod,sobol,3,108,1.3003874125223467,1.1382771629499375,11.642220874782652,2.5515657057985663
target,hymod,sobol,3,109,1.3003874125223467,1.1382771629499375,11.772301458753645,2.57507241377607
target,hymod,sobol,3,110,1.3003874125223467,1.1382771629499375,11.908004750031978,2.595296329818666
target,hymod,sobol,3,111,1.3003874125223467,1.1382771629499375,12.034161708783358,2.6156521206721663
target,hymod,sobol,3,112,1.3003874125223467,1.1382771629499375,12.166349499952048,2.635967870708555
target,hymod,sobol,3,113,1.3003874125223467,1.1382771629499375,12.30465987464413,2.6657627876847982
target,hymod,sobol,3,114,1.3003874125223467,1.1382771629499375,12.414603458717465,2.6835831627249718
target,hymod,sobol,3,115,1.3003874125223467,1.1382771629499375,12.536669666878879,2.700097746681422
target,hymod,sobol,3,116,1.3003874125223467,1.1382771629499375,12.69890766683966,2.7255209125578403
target,hymod,sobol,3,117,1.3003874125223467,1.1382771629499375,12.87539679184556,2.760993704199791
target,hymod,sobol,3,118,1.3003874125223467,1.1382771629499375,13.165066834073514,2.7989088711328804
target,hymod,sobol,3,119,1.3003874125223467,1.1382771629499375,13.394183374941349,2.8284747041761875
target,hymod,sobol,3,120,1.3003874125223467,1.1382771629499375,13.601484041661024,2.8614097461104393
target,hymod,sobol,3,121,1.3003874125223467,1.1382771629499375,13.786429999861866,2.892800537403673
target,hymod,sobol,3,122,1.3003874125223467,1.1382771629499375,13.96321062464267,2.921388579066843
target,hymod,sobol,3,123,1.3003874125223467,1.1382771629499375,14.118686958681792,2.9459632872603834
target,hymod,sobol,3,124,1.3003874125223467,1.1382771629499375,14.27296991692856,2.9710499956272542
target,hymod,sobol,3,125,1.3003874125223467,1.1382771629499375,14.42342633381486,2.995010662358254
target,hymod,sobol,3,126,1.3003874125223467,1.1382771629499375,14.571960124652833,3.0202643293887377
target,hymod,sobol,3,127,1.3003874125223467,1.1382771629499375,14.713755500037223,3.041706537362188
target,hymod,sobol,3,128,1.3003874125223467,1.1382771629499375,14.856553209014237,3.0646642451174557
target,hymod,sobol,3,129,1.3003874125223467,1.1382771629499375,15.004233666695654,3.088888786267489
target,hymod,sobol,3,130,1.3003874125223467,1.1382771629499375,15.219625083729625,3.110767493955791
target,hymod,sobol,3,131,1.3003874125223467,1.1382771629499375,15.364198791794479,3.13224132778123
target,hymod,sobol,3,132,1.3003874125223467,1.1382771629499375,15.505855416879058,3.1543823275715113
target,hymod,sobol,3,133,1.3003874125223467,1.1382771629499375,15.640733666718006,3.1774225775152445
target,hymod,sobol,3,134,1.3003874125223467,1.1382771629499375,15.766137917060405,3.1963475355878472
target,hymod,sobol,3,135,1.3003874125223467,1.1382771629499375,15.899077584035695,3.2159832436591387
target,hymod,sobol,3,136,1.3003874125223467,1.1382771629499375,16.045282458886504,3.239130035508424
target,hymod,sobol,3,137,1.3003874125223467,1.1382771629499375,16.180877374950796,3.262184868566692
target,hymod,sobol,3,138,1.3003874125223467,1.1382771629499375,16.322361583821476,3.283534993417561
target,hymod,sobol,3,139,1.3003874125223467,1.1382771629499375,16.46718154195696,3.3054796187207103
target,hymod,sobol,3,140,1.3003874125223467,1.1382771629499375,16.59818712482229,3.325732202734798
target,hymod,sobol,3,141,1.3003874125223467,1.1382771629499375,16.733418916817755,3.3465219526551664
target,hymod,sobol,3,142,1.3003874125223467,1.1382771629499375,16.872584208846092,3.366294577717781
target,hymod,sobol,3,143,1.3003874125223467,1.1382771629499375,17.009293833747506,3.3862810363061726
target,hymod,sobol,3,144,1.3003874125223467,1.1382771629499375,17.14156666677445,3.4065331611782312
target,hymod,sobol,3,145,1.3003874125223467,1.1382771629499375,17.27874741703272,3.427245827857405
target,hymod,sobol,3,146,1.3003874125223467,1.1382771629499375,17.41335166664794,3.4465964110568166
target,hymod,sobol,3,147,1.3003874125223467,1.1382771629499375,17.549864208791405,3.4664493268355727
target,hymod,sobol,3,148,1.3003874125223467,1.1382771629499375,17.683350749779493,3.487253117840737
target,hymod,sobol,3,149,1.3003874125223467,1.1382771629499375,17.842957249842584,3.5080868676304817
target,hymod,sobol,3,150,1.3003874125223467,1.1382771629499375,17.988318666815758,3.529491951223463
target,hymod,sobol,3,151,1.3003874125223467,1.1382771629499375,18.207163041923195,3.547553993295878
target,hymod,sobol,3,152,1.3003874125223467,1.1382771629499375,18.36453212471679,3.5706341601908207
target,hymod,sobol,3,153,1.3003874125223467,1.1382771629499375,18.579244208987802,3.6049884101375937
target,hymod,sobol,3,154,1.3003874125223467,1.1382771629499375,18.813591833692044,3.6443189927376807
target,hymod,sobol,3,155,1.3003874125223467,1.1382771629499375,19.033900917042047,3.6751272017136216
target,hymod,sobol,3,156,1.3003874125223467,1.1382771629499375,19.243578791618347,3.7037386605516076
target,hymod,sobol,3,157,1.3003874125223467,1.1382771629499375,19.446663042064756,3.7339066192507744
target,hymod,sobol,3,158,1.3003874125223467,1.1382771629499375,19.584344249684364,3.7520178691484034
target,hymod,sobol,3,159,1.3003874125223467,1.1382771629499375,19.75977741694078,3.7767590773291886
target,hymod,sobol,3,160,1.3003874125223467,1.1382771629499375,19.936242667026818,3.803061452228576
target,hymod,sobol,3,161,1.3003874125223467,1.1382771629499375,20.11842841701582,3.830014993902296
target,hymod,sobol,3,162,1.3003874125223467,1.1382771629499375,20.28304412495345,3.8515630359761417
target,hymod,sobol,3,163,1.3003874125223467,1.1382771629499375,20.449538459070027,3.8736357018351555
target,hymod,sobol,3,164,1.3003874125223467,1.1382771629499375,20.609108541626483,3.8971984521485865
target,hymod,sobol,3,165,1.3003874125223467,1.1382771629499375,20.770638291724026,3.919059368316084
target,hymod,sobol,3,166,1.3003874125223467,1.1382771629499375,21.007486291695386,3.9407534934580326
target,hymod,sobol,3,167,1.3003874125223467,1.1382771629499375,21.170252124778926,3.9630582435056567
target,hymod,sobol,3,168,1.3003874125223467,1.1382771629499375,21.327594333793968,3.986356910318136
target,hymod,sobol,3,169,1.3003874125223467,1.1382771629499375,21.478283499833196,4.008719619363546
target,hymod,sobol,3,170,1.3003874125223467,1.1382771629499375,21.6211148747243,4.028049952350557
target,hymod,sobol,3,171,1.3003874125223467,1.1382771629499375,21.762701584026217,4.047264493070543
target,hymod,sobol,3,172,1.3003874125223467,1.1382771629499375,21.91069887485355,4.067818035371602
target,hymod,sobol,3,173,1.3003874125223467,1.1382771629499375,22.060103749856353,4.08861766057089
target,hymod,sobol,3,174,1.3003874125223467,1.1382771629499375,22.20518649974838,4.107941327616572
target,hymod,sobol,3,175,1.3003874125223467,1.1382771629499375,22.354920083656907,4.128159410785884
target,hymod,sobol,3,176,1.3003874125223467,1.1382771629499375,22.51025562500581,4.14901549462229
target,hymod,sobol,3,177,1.3003874125223467,1.1382771629499375,22.68252466665581,4.173426994588226
target,hymod,sobol,3,178,1.3003874125223467,1.1382771629499375,22.837999583687633,4.193176577333361
target,hymod,sobol,3,179,1.3003874125223467,1.1382771629499375,22.991151249967515,4.214362452272326
target,hymod,sobol,3,180,1.3003874125223467,1.1382771629499375,23.15383233362809,4.237462452147156
target,hymod,sobol,3,181,1.3003874125223467,1.1382771629499375,23.312723958864808,4.260751577094197
target,hymod,sobol,3,182,1.3003874125223467,1.1382771629499375,23.45950433379039,4.280170409940183
target,hymod,sobol,3,183,1.3003874125223467,1.1382771629499375,23.7245648750104,4.306247827131301
target,hymod,sobol,3,184,1.3003874125223467,1.1382771629499375,23.92497224966064,4.335617118049413
target,hymod,sobol,3,185,1.3003874125223467,1.1382771629499375,24.146789874881506,4.369023410137743
target,hymod,sobol,3,186,1.3003874125223467,1.1382771629499375,24.381993291899562,4.403415034990758
target,hymod,sobol,3,187,1.3003874125223467,1.1382771629499375,24.59622879186645,4.4293102426454425
target,hymod,sobol,3,188,1.3003874125223467,1.1382771629499375,24.794528666883707,4.4545311173424125
target,hymod,sobol,3,189,1.3003874125223467,1.1382771629499375,24.98506083386019,4.478009783197194
target,hymod,sobol,3,190,1.3003874125223467,1.1382771629499375,25.172989083919674,4.5025356989353895
target,hymod,sobol,3,191,1.3003874125223467,1.1382771629499375,25.365856499876827,4.526618574280292
target,hymod,sobol,3,192,1.3003874125223467,1.1382771629499375,25.560949999839067,4.552904908079654
target,hymod,sobol,3,193,1.3003874125223467,1.1382771629499375,25.755036083981395,4.5790295749902725
target,hymod,sobol,3,194,1.3003874125223467,1.1382771629499375,25.96028779167682,4.608013782650232
target,hymod,sobol,3,195,1.3003874125223467,1.1382771629499375,26.216746208723634,4.6304320325143635
target,hymod,sobol,3,196,1.3003874125223467,1.1382771629499375,26.42051654169336,4.65841815713793
target,hymod,sobol,3,197,1.3003874125223467,1.1382771629499375,26.600631874985993,4.681716490071267
target,hymod,sobol,3,198,1.3003874125223467,1.1382771629499375,26.784467374905944,4.702560031786561
target,hymod,sobol,3,199,1.3003874125223467,1.1382771629499375,26.96563058393076,4.726417698897421
target,hymod,sobol,3,200,1.3003874125223467,1.1382771629499375,27.178869375027716,4.747733116149902
target,hymod,bo,3,1,1.7935020770508046,1.1382771629499375,0.1226852498948574,0.020789416041225195
target,hymod,bo,3,2,1.7935020770508046,1.1382771629499375,0.19454866694286466,0.041034165769815445
target,hymod,bo,3,3,1.7935020770508046,1.1382771629499375,0.2684849170036614,0.06178187485784292
target,hymod,bo,3,4,1.7935020770508046,1.1382771629499375,0.34344716696068645,0.0833899169228971
target,hymod,bo,3,5,1.7935020770508046,1.1382771629499375,0.4183585001155734,0.10431524971500039
target,hymod,bo,3,6,1.7935020770508046,1.1382771629499375,0.4970208751037717,0.12535083293914795
target,hymod,bo,3,7,1.7935020770508046,1.1382771629499375,0.5737439999356866,0.1458086660131812
target,hymod,bo,3,8,1.6950154142039955,1.1382771629499375,0.6536319581791759,0.16792674968019128
target,hymod,bo,3,9,1.4715211614183037,1.1382771629499375,1.0187161252833903,0.19312895881012082
target,hymod,bo,3,10,1.4715211614183037,1.1382771629499375,1.2402934581041336,0.21129966666921973
target,hymod,bo,3,11,1.4715211614183037,1.1382771629499375,1.433900374919176,0.22789025073871017
target,hymod,bo,3,12,1.4715211614183037,1.1382771629499375,1.7000919170677662,0.24653004249557853
target,hymod,bo,3,13,1.4715211614183037,1.1382771629499375,1.9548677080310881,0.2648813761770725
target,hymod,bo,3,14,1.4715211614183037,1.1382771629499375,2.5429547079838812,0.3305157511495054
target,hymod,bo,3,15,1.4715211614183037,1.1382771629499375,3.22364908317104,0.37175433384254575
target,hymod,bo,3,16,1.3717216159680183,1.1382771629499375,3.5897670001722872,0.39836900075897574
target,hymod,bo,3,17,1.3717216159680183,1.1382771629499375,3.8744059172458947,0.4200332099571824
target,hymod,bo,3,18,1.3717216159680183,1.1382771629499375,4.246837167069316,0.4472422101534903
target,hymod,bo,3,19,1.3717216159680183,1.1382771629499375,4.576516250148416,0.4735287930816412
target,hymod,bo,3,20,1.3717216159680183,1.1382771629499375,5.106820875313133,0.5329216681420803
target,hymod,bo,3,21,1.3717216159680183,1.1382771629499375,5.475954917259514,0.5577990431338549
target,hymod,bo,3,22,1.3717216159680183,1.1382771629499375,5.838110625278205,0.5825115852057934
target,hymod,bo,3,23,1.3533917557488377,1.1382771629499375,6.268860457930714,0.6046557519584894
target,hymod,bo,3,24,1.3533917557488377,1.1382771629499375,6.5872791251167655,0.6281914599239826
target,hymod,bo,3,25,1.3533917557488377,1.1382771629499375,6.923153958283365,0.6511769187636673
target,hymod,bo,3,26,1.3533917557488377,1.1382771629499375,7.325033250264823,0.6987335016019642
target,hymod,bo,3,27,1.3533917557488377,1.1382771629499375,7.880671000108123,0.7324045011773705
target,hymod,bo,3,28,1.3533917557488377,1.1382771629499375,8.408724250271916,0.7625972093082964
target,hymod,bo,3,29,1.3533917557488377,1.1382771629499375,8.739702499937266,0.780647458974272
target,hymod,bo,3,30,1.3533917557488377,1.1382771629499375,8.956005500163883,0.7976177502423525
target,hymod,bo,3,31,1.3533917557488377,1.1382771629499375,9.262917917221785,0.8193042911589146
target,hymod,bo,3,32,1.3533917557488377,1.1382771629499375,9.77384537504986,0.8513434990309179
target,hymod,bo,3,33,1.3533917557488377,1.1382771629499375,10.171207125298679,0.8778239572420716
target,hymod,bo,3,34,1.3533917557488377,1.1382771629499375,10.532221250236034,0.9029107484966516
target,hymod,bo,3,35,1.3533917557488377,1.1382771629499375,10.857601458206773,0.9301896234974265
target,hymod,bo,3,36,1.3533917557488377,1.1382771629499375,11.344935833010823,0.9645793731324375
target,hymod,bo,3,37,1.3533917557488377,1.1382771629499375,11.839172500185668,0.9998316639102995
target,hymod,bo,3,38,1.3336318063315191,1.1382771629499375,12.188196333125234,1.0210305810905993
target,hymod,bo,3,39,1.3336318063315191,1.1382771629499375,12.689891542308033,1.0467109982855618
target,hymod,bo,3,40,1.3336318063315191,1.1382771629499375,13.15369850024581,1.074014164507389
target,hymod,bo,3,41,1.3336318063315191,1.1382771629499375,13.650297208223492,1.0996349146589637
target,hymod,bo,3,42,1.3336318063315191,1.1382771629499375,13.959610749967396,1.1164079145528376
target,hymod,bo,3,43,1.3336318063315191,1.1382771629499375,14.294732625130564,1.133386664558202
target,hymod,bo,3,44,1.3336318063315191,1.1382771629499375,14.636139207985252,1.157404622528702
target,hymod,bo,3,45,1.3336318063315191,1.1382771629499375,15.0794149171561,1.1941522886045277
target,hymod,bo,3,46,1.244465727115235,1.1382771629499375,15.553065916988999,1.2170458296313882
target,hymod,bo,3,47,1.244465727115235,1.1382771629499375,15.953094208147377,1.2410492887720466
target,hymod,bo,3,48,1.244465727115235,1.1382771629499375,16.31555875018239,1.2673017890192568
target,hymod,bo,3,49,1.244465727115235,1.1382771629499375,16.685729417018592,1.2905841218307614
target,hymod,bo,3,50,1.244465727115235,1.1382771629499375,16.987026917282492,1.3091741637326777
target,hymod,bo,3,51,1.244465727115235,1.1382771629499375,17.353730417322367,1.329236913472414
target,hymod,bo,3,52,1.244465727115235,1.1382771629499375,17.659260500222445,1.350452413316816
target,hymod,bo,3,53,1.244465727115235,1.1382771629499375,17.891459417063743,1.3687753290869296
target,hymod,bo,3,54,1.244465727115235,1.1382771629499375,18.138898333068937,1.3877211213111877
target,hymod,bo,3,55,1.244465727115235,1.1382771629499375,18.44346670806408,1.4067572876811028
target,hymod,bo,3,56,1.244465727115235,1.1382771629499375,18.714779667090625,1.4242535377852619
target,hymod,bo,3,57,1.244465727115235,1.1382771629499375,18.963401874992996,1.4412641627714038
target,hymod,bo,3,58,1.244465727115235,1.1382771629499375,19.226709708105773,1.4582707877270877
target,hymod,bo,3,59,1.244465727115235,1.1382771629499375,19.50539387529716,1.4759183707647026
target,hymod,bo,3,60,1.244465727115235,1.1382771629499375,19.807040167041123,1.49348474573344
target,hymod,bo,3,61,1.244465727115235,1.1382771629499375,20.04516400024295,1.5102127864956856
target,hymod,bo,3,62,1.244465727115235,1.1382771629499375,20.312418417073786,1.5278181205503643
target,hymod,bo,3,63,1.244465727115235,1.1382771629499375,20.536032000090927,1.5456247455440462
target,hymod,bo,3,64,1.244465727115235,1.1382771629499375,20.78073637513444,1.563204578589648
target,hymod,bo,3,65,1.244465727115235,1.1382771629499375,21.01475066691637,1.5798825789242983
target,hymod,bo,3,66,1.244465727115235,1.1382771629499375,21.25678150029853,1.5966890789568424
target,hymod,bo,3,67,1.244465727115235,1.1382771629499375,21.494254417251796,1.6139568709768355
target,hymod,bo,3,68,1.244465727115235,1.1382771629499375,21.798246250022203,1.631023955065757
target,hymod,bo,3,69,1.244465727115235,1.1382771629499375,22.027834333013743,1.64726895513013
target,hymod,bo,3,70,1.244465727115235,1.1382771629499375,22.28795858286321,1.6634952882304788
target,hymod,bo,3,71,1.244465727115235,1.1382771629499375,22.547169083263725,1.6803305791690946
target,hymod,bo,3,72,1.244465727115235,1.1382771629499375,22.792338666971773,1.6979503291659057
target,hymod,bo,3,73,1.244465727115235,1.1382771629499375,23.021801041904837,1.7135064122267067
target,hymod,bo,3,74,1.244465727115235,1.1382771629499375,23.264782708138227,1.729174162261188
target,hymod,bo,3,75,1.244465727115235,1.1382771629499375,23.511885083280504,1.7455523293465376
target,hymod,bo,3,76,1.244465727115235,1.1382771629499375,23.756212417036295,1.7623065374791622
target,hymod,bo,3,77,1.244465727115235,1.1382771629499375,24.040061375126243,1.783394995611161
target,hymod,bo,3,78,1.244465727115235,1.1382771629499375,24.293223957996815,1.8008206207305193
target,hymod,bo,3,79,1.244465727115235,1.1382771629499375,24.541387374978513,1.8163729533553123
target,hymod,bo,3,80,1.244465727115235,1.1382771629499375,24.79142970824614,1.832529244478792
target,hymod,bo,3,81,1.244465727115235,1.1382771629499375,25.068782791960984,1.8484367444179952
target,hymod,bo,3,82,1.244465727115235,1.1382771629499375,25.403923000209033,1.8670742860995233
target,hymod,bo,3,83,1.244465727115235,1.1382771629499375,25.651281374972314,1.8829582440666854
target,hymod,bo,3,84,1.244465727115235,1.1382771629499375,25.95910454215482,1.8998674522154033
target,hymod,bo,3,85,1.244465727115235,1.1382771629499375,26.178672708105296,1.9161732019856572
target,hymod,bo,3,86,1.244465727115235,1.1382771629499375,26.39792291726917,1.9316231603734195
target,hymod,bo,3,87,1.244465727115235,1.1382771629499375,26.700534500181675,1.9481657445430756
target,hymod,bo,3,88,1.244465727115235,1.1382771629499375,26.957508333027363,1.9637615368701518
target,hymod,bo,3,89,1.244465727115235,1.1382771629499375,27.386717833112925,1.9790775370784104
target,hymod,bo,3,90,1.244465727115235,1.1382771629499375,27.704535082913935,1.9945910372771323
target,hymod,bo,3,91,1.244465727115235,1.1382771629499375,27.92915066704154,2.0103823291137815
target,hymod,bo,3,92,1.244465727115235,1.1382771629499375,28.19236158300191,2.028663036879152
target,hymod,bo,3,93,1.244465727115235,1.1382771629499375,28.52944158297032,2.0453912457451224
target,hymod,bo,3,94,1.244465727115235,1.1382771629499375,28.73249587509781,2.060841870494187
target,hymod,bo,3,95,1.244465727115235,1.1382771629499375,29.060508833266795,2.076446703635156
target,hymod,bo,3,96,1.244465727115235,1.1382771629499375,29.335047000087798,2.092190162744373
target,hymod,bo,3,97,1.244465727115235,1.1382771629499375,29.59251229232177,2.107684370595962
target,hymod,bo,3,98,1.244465727115235,1.1382771629499375,29.891526833176613,2.122765370644629
target,hymod,bo,3,99,1.244465727115235,1.1382771629499375,30.184210458304733,2.138108120765537
target,hymod,bo,3,100,1.244465727115235,1.1382771629499375,30.425775167066604,2.154670912772417
target,hymod,bo,3,101,1.244465727115235,1.1382771629499375,30.795245625078678,2.1712738289497793
target,hymod,bo,3,102,1.2141029086673627,1.1382771629499375,31.127637958154082,2.187598411925137
target,hymod,bo,3,103,1.2141029086673627,1.1382771629499375,31.448683166876435,2.203293329104781
target,hymod,bo,3,104,1.2141029086673627,1.1382771629499375,31.77771112509072,2.2200518711470068
target,hymod,bo,3,105,1.2141029086673627,1.1382771629499375,32.13276920793578,2.235762328840792
target,hymod,bo,3,106,1.182585457489654,1.1382771629499375,32.57070312509313,2.2533619538880885
target,hymod,bo,3,107,1.182585457489654,1.1382771629499375,32.94077454227954,2.2708213697187603
target,hymod,bo,3,108,1.182585457489654,1.1382771629499375,33.32664550002664,2.286978369578719
target,hymod,bo,3,109,1.182585457489654,1.1382771629499375,33.80351850017905,2.3039682027883828
target,hymod,bo,3,110,1.182585457489654,1.1382771629499375,34.14908212516457,2.321811702568084
target,hymod,bo,3,111,1.182585457489654,1.1382771629499375,34.49837908288464,2.338439868297428
target,hymod,bo,3,112,1.182585457489654,1.1382771629499375,34.91078258305788,2.355256368406117
target,hymod,bo,3,113,1.182585457489654,1.1382771629499375,35.31436729198322,2.3723433683626354
target,hymod,bo,3,114,1.182585457489654,1.1382771629499375,35.795938916970044,2.38916891021654
target,hymod,bo,3,115,1.182585457489654,1.1382771629499375,36.27386633306742,2.4054613690823317
target,hymod,bo,3,116,1.182585457489654,1.1382771629499375,36.70034354226664,2.4204304101876915
target,hymod,bo,3,117,1.182585457489654,1.1382771629499375,37.129048250149935,2.4357591602019966
target,hymod,bo,3,118,1.182585457489654,1.1382771629499375,37.62962912488729,2.452390451915562
target,hymod,bo,3,119,1.182585457489654,1.1382771629499375,38.113525667227805,2.4683304098434746
target,hymod,bo,3,120,1.182585457489654,1.1382771629499375,38.62202033307403,2.4839429929852486
target,hymod,bo,3,121,1.182585457489654,1.1382771629499375,39.10858800029382,2.5003737010993063
target,hymod,bo,3,122,1.182585457489654,1.1382771629499375,39.59757470805198,2.5180424507707357
target,hymod,bo,3,123,1.182585457489654,1.1382771629499375,39.98189720790833,2.535978533793241
target,hymod,bo,3,124,1.182585457489654,1.1382771629499375,40.38601387524977,2.5535027836449444
target,hymod,bo,3,125,1.182585457489654,1.1382771629499375,40.83509250031784,2.5699701993726194
target,hymod,bo,3,126,1.182585457489654,1.1382771629499375,41.22890100022778,2.586376657243818
target,hymod,bo,3,127,1.182585457489654,1.1382771629499375,41.63430504221469,2.6046075322665274
target,hymod,bo,3,128,1.182585457489654,1.1382771629499375,42.13440254190937,2.622075907420367
target,hymod,bo,3,129,1.182585457489654,1.1382771629499375,42.648483416996896,2.6398547822609544
target,hymod,bo,3,130,1.182585457489654,1.1382771629499375,43.11150641692802,2.6569402404129505
target,hymod,bo,3,131,1.182585457489654,1.1382771629499375,43.51910733291879,2.671715823467821
target,hymod,bo,3,132,1.182585457489654,1.1382771629499375,43.9089954579249,2.6866661151871085
target,hymod,bo,3,133,1.182585457489654,1.1382771629499375,44.62530100019649,2.7111962819471955
target,hymod,bo,3,134,1.182585457489654,1.1382771629499375,45.32622420787811,2.7308599068783224
target,hymod,bo,3,135,1.182585457489654,1.1382771629499375,45.76886054221541,2.749908240046352
target,hymod,bo,3,136,1.182585457489654,1.1382771629499375,46.30160608328879,2.767593407072127
target,hymod,bo,3,137,1.182585457489654,1.1382771629499375,46.884679625276476,2.7856791992671788
target,hymod,bo,3,138,1.182585457489654,1.1382771629499375,47.29754158295691,2.803363657556474
target,hymod,bo,3,139,1.182585457489654,1.1382771629499375,47.81209437502548,2.819911115337163
target,hymod,bo,3,140,1.182585457489654,1.1382771629499375,48.300729082897305,2.8362577403895557
target,hymod,bo,3,141,1.182585457489654,1.1382771629499375,48.89633016707376,2.8547417405061424
target,hymod,bo,3,142,1.182585457489654,1.1382771629499375,49.84259900031611,2.8731048237532377
target,hymod,bo,3,143,1.182585457489654,1.1382771629499375,50.26797429192811,2.890485031530261
target,hymod,bo,3,144,1.182585457489654,1.1382771629499375,50.684624624904245,2.907892531249672
target,hymod,bo,3,145,1.182585457489654,1.1382771629499375,51.082987792324275,2.925298364367336
target,hymod,bo,3,146,1.182585457489654,1.1382771629499375,51.56389270815998,2.943440031260252
target,hymod,bo,3,147,1.182585457489654,1.1382771629499375,52.07056412519887,2.9613018641248345
target,hymod,bo,3,148,1.182585457489654,1.1382771629499375,52.71071137487888,2.9777760300785303
target,hymod,bo,3,149,1.182585457489654,1.1382771629499375,53.12095983326435,2.9953651130199432
target,hymod,bo,3,150,1.182585457489654,1.1382771629499375,53.758788167033345,3.0132420286536217
target,hymod,bo,3,151,1.182585457489654,1.1382771629499375,54.28053104225546,3.0292875287123024
target,hymod,bo,3,152,1.182585457489654,1.1382771629499375,54.66748350020498,3.0469821537844837
target,hymod,bo,3,153,1.182585457489654,1.1382771629499375,55.19217654224485,3.0657547786831856
target,hymod,bo,3,154,1.182585457489654,1.1382771629499375,55.76321545802057,3.0868811113759875
target,hymod,bo,3,155,1.1581846431570884,1.1382771629499375,56.49565791711211,3.10872711148113
target,hymod,bo,3,156,1.1581846431570884,1.1382771629499375,57.169720666948706,3.1417920696549118
target,hymod,bo,3,157,1.1581846431570884,1.1382771629499375,58.05571400001645,3.162181319668889
target,hymod,bo,3,158,1.136279936576662,1.1382771629499375,58.94709779229015,3.1849909867160022
target,hymod,sobol,4,1,2.020458364058534,1.1382771629499375,0.11469037504866719,0.020754083059728146
target,hymod,sobol,4,2,2.020458364058534,1.1382771629499375,0.1895074169151485,0.04260191600769758
target,hymod,sobol,4,3,2.020458364058534,1.1382771629499375,0.2632930842228234,0.06458829063922167
target,hymod,sobol,4,4,2.020458364058534,1.1382771629499375,0.3311682092025876,0.08434233255684376
target,hymod,sobol,4,5,2.020458364058534,1.1382771629499375,0.4057396249845624,0.11059249937534332
target,hymod,sobol,4,6,2.020458364058534,1.1382771629499375,0.47556270891800523,0.13026441633701324
target,hymod,sobol,4,7,2.020458364058534,1.1382771629499375,0.5497412919066846,0.15082016633823514
target,hymod,sobol,4,8,1.9831632009167643,1.1382771629499375,0.6229824172332883,0.17153058294206858
target,hymod,sobol,4,9,1.7109741164469094,1.1382771629499375,0.6972861671820283,0.19281574990600348
target,hymod,sobol,4,10,1.7109741164469094,1.1382771629499375,0.7678184998221695,0.21080820821225643
target,hymod,sobol,4,11,1.7109741164469094,1.1382771629499375,0.83889912487939,0.22904020780697465
target,hymod,sobol,4,12,1.7109741164469094,1.1382771629499375,0.9072892498224974,0.24862537439912558
target,hymod,sobol,4,13,1.7109741164469094,1.1382771629499375,0.9753562090918422,0.2683949153870344
target,hymod,sobol,4,14,1.7109741164469094,1.1382771629499375,1.0401049172505736,0.2860378734767437
target,hymod,sobol,4,15,1.7109741164469094,1.1382771629499375,1.1062613748945296,0.3038041233085096
target,hymod,sobol,4,16,1.7109741164469094,1.1382771629499375,1.1717775841243565,0.32258158223703504
target,hymod,sobol,4,17,1.7109741164469094,1.1382771629499375,1.2387102502398193,0.3414684166200459
target,hymod,sobol,4,18,1.7109741164469094,1.1382771629499375,1.3047954170033336,0.3591929585672915
target,hymod,sobol,4,19,1.7109741164469094,1.1382771629499375,1.3731540841981769,0.3769080424681306
target,hymod,sobol,4,20,1.7109741164469094,1.1382771629499375,1.441765459254384,0.39594437647610903
target,hymod,sobol,4,21,1.7109741164469094,1.1382771629499375,1.5152045842260122,0.4150447933934629
target,hymod,sobol,4,22,1.7109741164469094,1.1382771629499375,1.5800614999607205,0.4316124184988439
target,hymod,sobol,4,23,1.7109741164469094,1.1382771629499375,1.644281709101051,0.4479275024496019
target,hymod,sobol,4,24,1.7109741164469094,1.1382771629499375,1.7114955838769674,0.46552658546715975
target,hymod,sobol,4,25,1.7109741164469094,1.1382771629499375,1.7774708750657737,0.4829771276563406
target,hymod,sobol,4,26,1.5248284832935894,1.1382771629499375,1.8435606672428548,0.4995170859619975
target,hymod,sobol,4,27,1.5248284832935894,1.1382771629499375,1.9106085421517491,0.5160125028342009
target,hymod,sobol,4,28,1.5248284832935894,1.1382771629499375,1.9795952918939292,0.5336184608750045
target,hymod,sobol,4,29,1.5248284832935894,1.1382771629499375,2.047956459224224,0.5512265027500689
target,hymod,sobol,4,30,1.5248284832935894,1.1382771629499375,2.115441749803722,0.5676845856942236
target,hymod,sobol,4,31,1.5248284832935894,1.1382771629499375,2.1887545422650874,0.5843875450082123
target,hymod,sobol,4,32,1.5248284832935894,1.1382771629499375,2.2580254171043634,0.6017142543569207
target,hymod,sobol,4,33,1.5248284832935894,1.1382771629499375,2.3282155841588974,0.6196250463835895
target,hymod,sobol,4,34,1.5248284832935894,1.1382771629499375,2.397163125220686,0.6360058384016156
target,hymod,sobol,4,35,1.5248284832935894,1.1382771629499375,2.467275334056467,0.6525279632769525
target,hymod,sobol,4,36,1.4758635417282042,1.1382771629499375,2.5403362922370434,0.6699572554789484
target,hymod,sobol,4,37,1.4758635417282042,1.1382771629499375,2.6124515840783715,0.6874708803370595
target,hymod,sobol,4,38,1.4758635417282042,1.1382771629499375,2.6847361670807004,0.7036519632674754
target,hymod,sobol,4,39,1.4758635417282042,1.1382771629499375,2.7598503748886287,0.720574046485126
target,hymod,sobol,4,40,1.4758635417282042,1.1382771629499375,2.8340061251074076,0.7381580462679267
target,hymod,sobol,4,41,1.4758635417282042,1.1382771629499375,2.910762334242463,0.7557225883938372
target,hymod,sobol,4,42,1.4758635417282042,1.1382771629499375,2.9897040422074497,0.7723758807405829
target,hymod,sobol,4,43,1.4758635417282042,1.1382771629499375,3.0650566248223186,0.7887555058114231
target,hymod,sobol,4,44,1.4758635417282042,1.1382771629499375,3.1403917921707034,0.8066071728244424
target,hymod,sobol,4,45,1.4758635417282042,1.1382771629499375,3.2149789999239147,0.8242745059542358
target,hymod,sobol,4,46,1.4758635417282042,1.1382771629499375,3.288577083963901,0.8407694231718779
target,hymod,sobol,4,47,1.4758635417282042,1.1382771629499375,3.3634937088936567,0.8574363398365676
target,hymod,sobol,4,48,1.2943705306550526,1.1382771629499375,3.4385372921824455,0.8749761320650578
target,hymod,sobol,4,49,1.2943705306550526,1.1382771629499375,3.5108678340911865,0.8916119649074972
target,hymod,sobol,4,50,1.2943705306550526,1.1382771629499375,3.583706042263657,0.9074940900318325
target,hymod,sobol,4,51,1.2943705306550526,1.1382771629499375,3.6562256668694317,0.9225342152640224
target,hymod,sobol,4,52,1.2943705306550526,1.1382771629499375,3.7307484592311084,0.9388945898972452
target,hymod,sobol,4,53,1.2943705306550526,1.1382771629499375,3.808866959065199,0.956634215079248
target,hymod,sobol,4,54,1.2943705306550526,1.1382771629499375,3.886636749841273,0.9731248402968049
target,hymod,sobol,4,55,1.2943705306550526,1.1382771629499375,3.964062000159174,0.989191132131964
target,hymod,sobol,4,56,1.2943705306550526,1.1382771629499375,4.044246334116906,1.0071745915338397
target,hymod,sobol,4,57,1.2943705306550526,1.1382771629499375,4.123962209094316,1.0249590915627778
target,hymod,sobol,4,58,1.2943705306550526,1.1382771629499375,4.203025416936725,1.0415243417955935
target,hymod,sobol,4,59,1.2943705306550526,1.1382771629499375,4.281824000179768,1.0573890917003155
target,hymod,sobol,4,60,1.2943705306550526,1.1382771629499375,4.359394291881472,1.0740076340734959
target,hymod,sobol,4,61,1.2943705306550526,1.1382771629499375,4.4356023338623345,1.0903759668581188
target,hymod,sobol,4,62,1.2943705306550526,1.1382771629499375,4.513378833886236,1.1061877170577645
target,hymod,sobol,4,63,1.2943705306550526,1.1382771629499375,4.590419124811888,1.1216779667884111
target,hymod,sobol,4,64,1.2943705306550526,1.1382771629499375,4.6680866670794785,1.1381168416701257
target,hymod,sobol,4,65,1.2943705306550526,1.1382771629499375,4.747387167066336,1.1545192585326731
target,hymod,sobol,4,66,1.2943705306550526,1.1382771629499375,4.8276774999685585,1.1705035506747663
target,hymod,sobol,4,67,1.2943705306550526,1.1382771629499375,4.907278291881084,1.1860447176732123
target,hymod,sobol,4,68,1.2943705306550526,1.1382771629499375,4.990528875030577,1.2026074677705765
target,hymod,sobol,4,69,1.2943705306550526,1.1382771629499375,5.069465416949242,1.2191345929168165
target,hymod,sobol,4,70,1.2943705306550526,1.1382771629499375,5.150607209187001,1.2349499259144068
target,hymod,sobol,4,71,1.2943705306550526,1.1382771629499375,5.233111000154167,1.2509284680709243
target,hymod,sobol,4,72,1.2943705306550526,1.1382771629499375,5.31677266722545,1.2676234683021903
target,hymod,sobol,4,73,1.2943705306550526,1.1382771629499375,5.400976583827287,1.2851937604136765
target,hymod,sobol,4,74,1.2943705306550526,1.1382771629499375,5.481492166873068,1.30050055263564
target,hymod,sobol,4,75,1.2943705306550526,1.1382771629499375,5.56203354196623,1.3159405523911119
target,hymod,sobol,4,76,1.2943705306550526,1.1382771629499375,5.645214334130287,1.3324420521967113
target,hymod,sobol,4,77,1.2943705306550526,1.1382771629499375,5.729255834128708,1.3495035101659596
target,hymod,sobol,4,78,1.2943705306550526,1.1382771629499375,5.811805999837816,1.3650153018534184
target,hymod,sobol,4,79,1.2943705306550526,1.1382771629499375,5.8952003750018775,1.380393176805228
target,hymod,sobol,4,80,1.2943705306550526,1.1382771629499375,5.980492709204555,1.3966358434408903
target,hymod,sobol,4,81,1.2943705306550526,1.1382771629499375,6.116366291884333,1.4130628854036331
target,hymod,sobol,4,82,1.2943705306550526,1.1382771629499375,6.201815292239189,1.428694760426879
target,hymod,sobol,4,83,1.2943705306550526,1.1382771629499375,6.289311375003308,1.4440827183425426
target,hymod,sobol,4,84,1.2943705306550526,1.1382771629499375,6.3786834590137005,1.4609224679879844
target,hymod,sobol,4,85,1.2943705306550526,1.1382771629499375,6.464975791983306,1.4769405517727137
target,hymod,sobol,4,86,1.2943705306550526,1.1382771629499375,6.550695249810815,1.4921495518647134
target,hymod,sobol,4,87,1.2943705306550526,1.1382771629499375,6.635819042101502,1.5076641347259283
target,hymod,sobol,4,88,1.2943705306550526,1.1382771629499375,6.724443749990314,1.5240319268777966
target,hymod,sobol,4,89,1.2943705306550526,1.1382771629499375,6.811359249986708,1.5404215110465884
target,hymod,sobol,4,90,1.2943705306550526,1.1382771629499375,6.89976004185155,1.5557656772434711
target,hymod,sobol,4,91,1.2943705306550526,1.1382771629499375,6.986626834142953,1.5710901361890137
target,hymod,sobol,4,92,1.2943705306550526,1.1382771629499375,7.075362334027886,1.587660260964185
target,hymod,sobol,4,93,1.2943705306550526,1.1382771629499375,7.163465708959848,1.6039798026904464
target,hymod,sobol,4,94,1.2943705306550526,1.1382771629499375,7.250009874813259,1.6192752616479993
target,hymod,sobol,4,95,1.2943705306550526,1.1382771629499375,7.3420993341133,1.635072136297822
target,hymod,sobol,4,96,1.2943705306550526,1.1382771629499375,7.434459208976477,1.6517541776411235
target,hymod,sobol,4,97,1.2943705306550526,1.1382771629499375,7.525598791893572,1.6683296775445342
target,hymod,sobol,4,98,1.2943705306550526,1.1382771629499375,7.6198187922127545,1.6846731775440276
target,hymod,sobol,4,99,1.2943705306550526,1.1382771629499375,7.718120917212218,1.7016515946015716
target,hymod,sobol,4,100,1.2943705306550526,1.1382771629499375,7.816186166834086,1.7194830528460443
target,hymod,sobol,4,101,1.2943705306550526,1.1382771629499375,7.9155743340961635,1.7353049698285758
target,hymod,sobol,4,102,1.2943705306550526,1.1382771629499375,8.015127500053495,1.7518717609345913
target,hymod,sobol,4,103,1.2943705306550526,1.1382771629499375,8.115018667187542,1.7683899267576635
target,hymod,sobol,4,104,1.2943705306550526,1.1382771629499375,8.218099041841924,1.7859286768361926
target,hymod,sobol,4,105,1.2943705306550526,1.1382771629499375,8.323749749921262,1.8037906768731773
target,hymod,sobol,4,106,1.2943705306550526,1.1382771629499375,8.42258454207331,1.8199119688943028
target,hymod,sobol,4,107,1.2943705306550526,1.1382771629499375,8.519080459140241,1.8358931769616902
target,hymod,sobol,4,108,1.2943705306550526,1.1382771629499375,8.617340583819896,1.8528456771746278
target,hymod,sobol,4,109,1.2943705306550526,1.1382771629499375,8.717761209234595,1.8697399273514748
target,hymod,sobol,4,110,1.2943705306550526,1.1382771629499375,8.812043916899711,1.8849955103360116
target,hymod,sobol,4,111,1.2943705306550526,1.1382771629499375,8.90976804215461,1.8997118435800076
target,hymod,sobol,4,112,1.2943705306550526,1.1382771629499375,9.006004124879837,1.9161325101740658
target,hymod,sobol,4,113,1.2943705306550526,1.1382771629499375,9.10291966702789,1.9329176349565387
target,hymod,sobol,4,114,1.2943705306550526,1.1382771629499375,9.198554125148803,1.9481910509057343
target,hymod,sobol,4,115,1.2943705306550526,1.1382771629499375,9.293993959203362,1.963709675706923
target,hymod,sobol,4,116,1.2943705306550526,1.1382771629499375,9.390459124930203,1.980346217751503
target,hymod,sobol,4,117,1.2943705306550526,1.1382771629499375,9.487452167086303,1.9970004679635167
target,hymod,sobol,4,118,1.2943705306550526,1.1382771629499375,9.583909375127405,2.0124488011933863
target,hymod,sobol,4,119,1.2943705306550526,1.1382771629499375,9.681232875213027,2.027971301227808
target,hymod,sobol,4,120,1.2943705306550526,1.1382771629499375,9.780334459152073,2.044716926291585
target,hymod,sobol,4,121,1.2943705306550526,1.1382771629499375,9.879729833919555,2.0611300515010953
target,hymod,sobol,4,122,1.2943705306550526,1.1382771629499375,9.981882249936461,2.0771172591485083
target,hymod,sobol,4,123,1.2943705306550526,1.1382771629499375,10.136767874937505,2.0925053008832037
target,hymod,sobol,4,124,1.2943705306550526,1.1382771629499375,10.239700458943844,2.10843805084005
target,hymod,sobol,4,125,1.2943705306550526,1.1382771629499375,10.34077150002122,2.1246979259885848
target,hymod,sobol,4,126,1.2943705306550526,1.1382771629499375,10.446279250085354,2.1404925510287285
target,hymod,sobol,4,127,1.2943705306550526,1.1382771629499375,10.548568083904684,2.1559970509260893
target,hymod,sobol,4,128,1.2943705306550526,1.1382771629499375,10.652943292167038,2.1727673010900617
target,hymod,sobol,4,129,1.2943705306550526,1.1382771629499375,10.757776459213346,2.1894371756352484
target,hymod,sobol,4,130,1.2943705306550526,1.1382771629499375,10.860981334000826,2.2046362166292965
target,hymod,sobol,4,131,1.2943705306550526,1.1382771629499375,10.964671917259693,2.2199976756237447
target,hymod,sobol,4,132,1.2943705306550526,1.1382771629499375,11.070919542107731,2.236317925620824
target,hymod,sobol,4,133,1.2943705306550526,1.1382771629499375,11.174423084128648,2.252542759757489
target,hymod,sobol,4,134,1.2943705306550526,1.1382771629499375,11.277763667050749,2.2680045100860298
target,hymod,sobol,4,135,1.2943705306550526,1.1382771629499375,11.383052833843976,2.2833664268255234
target,hymod,sobol,4,136,1.2943705306550526,1.1382771629499375,11.487453124951571,2.2997104269452393
target,hymod,sobol,4,137,1.2943705306550526,1.1382771629499375,11.59386391704902,2.316293969284743
target,hymod,sobol,4,138,1.2943705306550526,1.1382771629499375,11.700517542194575,2.3316373862326145
target,hymod,sobol,4,139,1.2943705306550526,1.1382771629499375,11.808343334123492,2.3478805529884994
target,hymod,sobol,4,140,1.2943705306550526,1.1382771629499375,11.91515983408317,2.364117052871734
target,hymod,sobol,4,141,1.2943705306550526,1.1382771629499375,12.022842584177852,2.3803646778687835
target,hymod,sobol,4,142,1.2943705306550526,1.1382771629499375,12.133606334216893,2.396420052740723
target,hymod,sobol,4,143,1.2943705306550526,1.1382771629499375,12.243755334056914,2.412235427647829
target,hymod,sobol,4,144,1.2943705306550526,1.1382771629499375,12.353463749866933,2.428732968401164
target,hymod,sobol,4,145,1.2943705306550526,1.1382771629499375,12.463510792236775,2.44500217679888
target,hymod,sobol,4,146,1.2943705306550526,1.1382771629499375,12.574180250056088,2.460775885730982
target,hymod,sobol,4,147,1.2943705306550526,1.1382771629499375,12.68555450020358,2.476366885472089
target,hymod,sobol,4,148,1.2943705306550526,1.1382771629499375,12.799493709113449,2.493537510279566
target,hymod,sobol,4,149,1.2943705306550526,1.1382771629499375,12.910120875108987,2.509631760418415
target,hymod,sobol,4,150,1.2943705306550526,1.1382771629499375,13.018459083978087,2.5250841774977744
target,hymod,sobol,4,151,1.2943705306550526,1.1382771629499375,13.184319584164768,2.540655135642737
target,hymod,sobol,4,152,1.2943705306550526,1.1382771629499375,13.294688833877444,2.5572068854235113
target,hymod,sobol,4,153,1.2943705306550526,1.1382771629499375,13.406971958931535,2.573801094200462
target,hymod,sobol,4,154,1.2943705306550526,1.1382771629499375,13.51964820921421,2.5893200100399554
target,hymod,sobol,4,155,1.2943705306550526,1.1382771629499375,13.6322798342444,2.604948218911886
target,hymod,sobol,4,156,1.2943705306550526,1.1382771629499375,13.746321124956012,2.6217043856158853
target,hymod,sobol,4,157,1.2943705306550526,1.1382771629499375,13.861463333945721,2.6383045106194913
target,hymod,sobol,4,158,1.2943705306550526,1.1382771629499375,13.974617416970432,2.653796427883208
target,hymod,sobol,4,159,1.2943705306550526,1.1382771629499375,14.09030675003305,2.669442553073168
target,hymod,sobol,4,160,1.2943705306550526,1.1382771629499375,14.204781292006373,2.685959885828197
target,hymod,sobol,4,161,1.2943705306550526,1.1382771629499375,14.323723916895688,2.7030074684880674
target,hymod,sobol,4,162,1.2943705306550526,1.1382771629499375,14.43768741702661,2.718416426796466
target,hymod,sobol,4,163,1.2943705306550526,1.1382771629499375,14.553412834182382,2.733988010790199
target,hymod,sobol,4,164,1.2943705306550526,1.1382771629499375,14.671283542178571,2.7508573858067393
target,hymod,sobol,4,165,1.2943705306550526,1.1382771629499375,14.785635666921735,2.7672702609561384
target,hymod,sobol,4,166,1.2943705306550526,1.1382771629499375,14.899240083992481,2.7822380107827485
target,hymod,sobol,4,167,1.2943705306550526,1.1382771629499375,15.014191375114024,2.797602969687432
target,hymod,sobol,4,168,1.2943705306550526,1.1382771629499375,15.13136420911178,2.813976052682847
target,hymod,sobol,4,169,1.2943705306550526,1.1382771629499375,15.247857084032148,2.8304553446359932
target,hymod,sobol,4,170,1.2943705306550526,1.1382771629499375,15.36469633411616,2.8459208025597036
target,hymod,sobol,4,171,1.2943705306550526,1.1382771629499375,15.483327583875507,2.8618309684097767
target,hymod,sobol,4,172,1.2943705306550526,1.1382771629499375,15.60071050003171,2.87830501049757
target,hymod,sobol,4,173,1.2943705306550526,1.1382771629499375,15.722994667012244,2.894570843782276
target,hymod,sobol,4,174,1.2943705306550526,1.1382771629499375,15.839743041899055,2.9098181356675923
target,hymod,sobol,4,175,1.2943705306550526,1.1382771629499375,15.957761417143047,2.925479427911341
target,hymod,sobol,4,176,1.2943705306550526,1.1382771629499375,16.130823249928653,2.9419548031874
target,hymod,sobol,4,177,1.2943705306550526,1.1382771629499375,16.251550749875605,2.9581947620026767
target,hymod,sobol,4,178,1.2943705306550526,1.1382771629499375,16.372693583834916,2.973961679264903
target,hymod,sobol,4,179,1.2943705306550526,1.1382771629499375,16.49982508411631,2.9899220122024417
target,hymod,sobol,4,180,1.2943705306550526,1.1382771629499375,16.631891209166497,3.00797959510237
target,hymod,sobol,4,181,1.2943705306550526,1.1382771629499375,16.757007542066276,3.024561386089772
target,hymod,sobol,4,182,1.2943705306550526,1.1382771629499375,16.87911183387041,3.040218803100288
target,hymod,sobol,4,183,1.2943705306550526,1.1382771629499375,16.999520500190556,3.0555368033237755
target,hymod,sobol,4,184,1.2943705306550526,1.1382771629499375,17.12083770893514,3.07192938728258
target,hymod,sobol,4,185,1.2943705306550526,1.1382771629499375,17.24379654182121,3.088615970220417
target,hymod,sobol,4,186,1.2943705306550526,1.1382771629499375,17.37024720897898,3.1041349698789418
target,hymod,sobol,4,187,1.2943705306550526,1.1382771629499375,17.49231750005856,3.119634303729981
target,hymod,sobol,4,188,1.2943705306550526,1.1382771629499375,17.614574042148888,3.135876928921789
target,hymod,sobol,4,189,1.2943705306550526,1.1382771629499375,17.738745000213385,3.1523073869757354
target,hymod,sobol,4,190,1.2943705306550526,1.1382771629499375,17.862812833860517,3.1676571792922914
target,hymod,sobol,4,191,1.2943705306550526,1.1382771629499375,18.049474167171866,3.1828227206133306
target,hymod,sobol,4,192,1.2943705306550526,1.1382771629499375,18.176558083854616,3.1992719285190105
target,hymod,sobol,4,193,1.2943705306550526,1.1382771629499375,18.301427708938718,3.2161256363615394
target,hymod,sobol,4,194,1.2943705306550526,1.1382771629499375,18.424677667208016,3.231159678660333
target,hymod,sobol,4,195,1.2943705306550526,1.1382771629499375,18.551288167014718,3.2464906363748014
target,hymod,sobol,4,196,1.2943705306550526,1.1382771629499375,18.6798211671412,3.263132761232555
target,hymod,sobol,4,197,1.2943705306550526,1.1382771629499375,18.81648520892486,3.2806750535964966
target,hymod,sobol,4,198,1.2943705306550526,1.1382771629499375,18.950025625061244,3.296855053398758
target,hymod,sobol,4,199,1.2943705306550526,1.1382771629499375,19.0849055419676,3.3135758452117443
target,hymod,sobol,4,200,1.2943705306550526,1.1382771629499375,19.26553549990058,3.3303722203709185
target,hymod,bo,4,1,2.020458364058534,1.1382771629499375,0.09685258381068707,0.01746983313933015
target,hymod,bo,4,2,2.020458364058534,1.1382771629499375,0.15618858393281698,0.03381962515413761
target,hymod,bo,4,3,2.020458364058534,1.1382771629499375,0.21686800010502338,0.05066629219800234
target,hymod,bo,4,4,2.020458364058534,1.1382771629499375,0.27650404209271073,0.06824158411473036
target,hymod,bo,4,5,2.020458364058534,1.1382771629499375,0.3361740419641137,0.08575750142335892
target,hymod,bo,4,6,2.020458364058534,1.1382771629499375,0.3961437498219311,0.10215941723436117
target,hymod,bo,4,7,2.020458364058534,1.1382771629499375,0.45249499985948205,0.1175854173488915
target,hymod,bo,4,8,1.9831632009167643,1.1382771629499375,0.5116709168069065,0.1339582921937108
target,hymod,bo,4,9,1.9831632009167643,1.1382771629499375,0.6485180840827525,0.1507863332517445
target,hymod,bo,4,10,1.9831632009167643,1.1382771629499375,0.7927383338101208,0.16743904119357467
target,hymod,bo,4,11,1.9831632009167643,1.1382771629499375,0.9549280838109553,0.18391562532633543
target,hymod,bo,4,12,1.9831632009167643,1.1382771629499375,1.1117977499961853,0.1996099161915481
target,hymod,bo,4,13,1.9753879923304627,1.1382771629499375,1.2839061669074,0.21656033350154757
target,hymod,bo,4,14,1.9753879923304627,1.1382771629499375,1.4562561251223087,0.2324718334712088
target,hymod,bo,4,15,1.9753879923304627,1.1382771629499375,1.6310719167813659,0.25000050058588386
target,hymod,bo,4,16,1.9753879923304627,1.1382771629499375,1.8400329588912427,0.26819225028157234
target,hymod,bo,4,17,1.9753879923304627,1.1382771629499375,2.0418385840021074,0.28204345935955644
target,hymod,bo,4,18,1.9753879923304627,1.1382771629499375,2.2384315840899944,0.2972344593144953
target,hymod,bo,4,19,1.9753879923304627,1.1382771629499375,2.439312833826989,0.31636645924299955
target,hymod,bo,4,20,1.8852283702355288,1.1382771629499375,2.6337811248376966,0.3353923340328038
target,hymod,bo,4,21,1.8852283702355288,1.1382771629499375,2.85698699997738,0.3547438341192901
target,hymod,bo,4,22,1.5976873977111343,1.1382771629499375,3.0923851667903364,0.3743139589205384
target,hymod,bo,4,23,1.5976873977111343,1.1382771629499375,3.344850542023778,0.3934676260687411
target,hymod,bo,4,24,1.464384334615233,1.1382771629499375,3.5901804589666426,0.413058543112129
target,hymod,bo,4,25,1.464384334615233,1.1382771629499375,3.873875374905765,0.43241837713867426
target,hymod,bo,4,26,1.464384334615233,1.1382771629499375,4.513651375193149,0.460703460033983
target,hymod,bo,4,27,1.464384334615233,1.1382771629499375,4.88274887483567,0.4919455433264375
target,hymod,bo,4,28,1.464384334615233,1.1382771629499375,5.201091959141195,0.5136799183674157
target,hymod,bo,4,29,1.4103697184203203,1.1382771629499375,5.465298334136605,0.5356382103636861
target,hymod,bo,4,30,1.3663867846688191,1.1382771629499375,5.755921166855842,0.551099085714668
target,hymod,bo,4,31,1.3663867846688191,1.1382771629499375,6.045604499988258,0.5700985859148204
target,hymod,bo,4,32,1.3564986712938831,1.1382771629499375,6.337075917050242,0.5879872106015682
target,hymod,bo,4,33,1.3564986712938831,1.1382771629499375,6.565932500176132,0.6059117102995515
target,hymod,bo,4,34,1.2998621635628769,1.1382771629499375,6.836817083880305,0.623801835346967
target,hymod,bo,4,35,1.2998621635628769,1.1382771629499375,7.134519749786705,0.6415934194810688
target,hymod,bo,4,36,1.2998621635628769,1.1382771629499375,7.416538042016327,0.6581521695479751
target,hymod,bo,4,37,1.2998621635628769,1.1382771629499375,7.615399917121977,0.6757435025647283
target,hymod,bo,4,38,1.2636147677614604,1.1382771629499375,7.856828583870083,0.6923560444265604
target,hymod,bo,4,39,1.2636147677614604,1.1382771629499375,8.10667704185471,0.7086431696079671
target,hymod,bo,4,40,1.2636147677614604,1.1382771629499375,8.40076941717416,0.7252986691892147
target,hymod,bo,4,41,1.2636147677614604,1.1382771629499375,8.69658049987629,0.7419611690565944
target,hymod,bo,4,42,1.2636147677614604,1.1382771629499375,9.010644875001162,0.7584900436922908
target,hymod,bo,4,43,1.2636147677614604,1.1382771629499375,9.29210462514311,0.7755481689237058
target,hymod,bo,4,44,1.2636147677614604,1.1382771629499375,9.603444249834865,0.7895391690544784
target,hymod,bo,4,45,1.2636147677614604,1.1382771629499375,9.890524624846876,0.8058420033194125
target,hymod,bo,4,46,1.2636147677614604,1.1382771629499375,10.212023084051907,0.8237004191614687
target,hymod,bo,4,47,1.2636147677614604,1.1382771629499375,10.435001208912581,0.8406943781301379
target,hymod,bo,4,48,1.2636147677614604,1.1382771629499375,10.720775125082582,0.8574793781153858
target,hymod,bo,4,49,1.2636147677614604,1.1382771629499375,10.916377292014658,0.8738407948985696
target,hymod,bo,4,50,1.2626268662929265,1.1382771629499375,11.167978208977729,0.8907159199006855
target,hymod,bo,4,51,1.2626268662929265,1.1382771629499375,11.463432209100574,0.90863246191293
target,hymod,bo,4,52,1.2626268662929265,1.1382771629499375,11.777506791986525,0.9241687948815525
target,hymod,bo,4,53,1.2626268662929265,1.1382771629499375,12.08412062516436,0.9400198780931532
target,hymod,bo,4,54,1.2626268662929265,1.1382771629499375,12.37543445918709,0.9565702108666301
target,hymod,bo,4,55,1.2626268662929265,1.1382771629499375,12.705234459135681,0.9720692946575582
target,hymod,bo,4,56,1.155808358255222,1.1382771629499375,12.959544625133276,0.9876933367922902
target,hymod,bo,4,57,1.155808358255222,1.1382771629499375,13.23886466678232,1.0032980446703732
target,hymod,bo,4,58,1.155808358255222,1.1382771629499375,13.49330483423546,1.020209128037095
target,hymod,bo,4,59,1.155808358255222,1.1382771629499375,13.726565958932042,1.0358357527293265
target,hymod,bo,4,60,1.155808358255222,1.1382771629499375,13.970900459215045,1.0515206698328257
target,hymod,bo,4,61,1.155808358255222,1.1382771629499375,14.205829999875277,1.0679809194989502
target,hymod,bo,4,62,1.128073589616546,1.1382771629499375,14.455674416851252,1.0833988771773875
target,hymod,random,4,1,1.6963639122167535,1.1382771629499375,0.09665516624227166,0.016949208918958902
target,hymod,random,4,2,1.6963639122167535,1.1382771629499375,0.15061520831659436,0.03256233409047127
target,hymod,random,4,3,1.6963639122167535,1.1382771629499375,0.20423200028017163,0.04835395887494087
target,hymod,random,4,4,1.6963639122167535,1.1382771629499375,0.2580573749728501,0.06388016697019339
target,hymod,random,4,5,1.6963639122167535,1.1382771629499375,0.31397641636431217,0.07974204188212752
target,hymod,random,4,6,1.6963639122167535,1.1382771629499375,0.36928512528538704,0.09557795897126198
target,hymod,random,4,7,1.6963639122167535,1.1382771629499375,0.426808541174978,0.111285834107548
target,hymod,random,4,8,1.6963639122167535,1.1382771629499375,0.48473400017246604,0.12822016840800643
target,hymod,random,4,9,1.5796848352007395,1.1382771629499375,0.5459857499226928,0.14387558540329337
target,hymod,random,4,10,1.5796848352007395,1.1382771629499375,0.6069460003636777,0.15945671079680324
target,hymod,random,4,11,1.5796848352007395,1.1382771629499375,0.667669250164181,0.1762397112324834
target,hymod,random,4,12,1.5796848352007395,1.1382771629499375,0.7261683749966323,0.19270746130496264
target,hymod,random,4,13,1.5796848352007395,1.1382771629499375,0.7848885413259268,0.2085497952066362
target,hymod,random,4,14,1.5796848352007395,1.1382771629499375,0.843861083034426,0.2238379204645753
target,hymod,random,4,15,1.5796848352007395,1.1382771629499375,0.9033784582279623,0.2399867121130228
target,hymod,random,4,16,1.5796848352007395,1.1382771629499375,0.9647425003349781,0.25535021210089326
target,hymod,random,4,17,1.5796848352007395,1.1382771629499375,1.0284156249836087,0.27267062896862626
target,hymod,random,4,18,1.5796848352007395,1.1382771629499375,1.0897844582796097,0.28816429479047656
target,hymod,random,4,19,1.5796848352007395,1.1382771629499375,1.1536844582296908,0.3049219618551433
target,hymod,random,4,20,1.5796848352007395,1.1382771629499375,1.2176254163496196,0.32133400393649936
target,hymod,random,4,21,1.5796848352007395,1.1382771629499375,1.2789134159684181,0.3380355881527066
target,hymod,random,4,22,1.5796848352007395,1.1382771629499375,1.339903375133872,0.3546666298061609
target,hymod,random,4,23,1.5796848352007395,1.1382771629499375,1.4005479160696268,0.3703417549841106
target,hymod,random,4,24,1.5796848352007395,1.1382771629499375,1.463550708256662,0.3865636298432946
target,hymod,random,4,25,1.5796848352007395,1.1382771629499375,1.5264462912455201,0.4032193380407989
target,hymod,random,4,26,1.5796848352007395,1.1382771629499375,1.5898411250673234,0.42003258783370256
target,hymod,random,4,27,1.5796848352007395,1.1382771629499375,1.6536573329940438,0.4355650879442692
target,hymod,random,4,28,1.5796848352007395,1.1382771629499375,1.7178280833177269,0.45216242084279656
target,hymod,random,4,29,1.441906971248346,1.1382771629499375,1.782883333042264,0.4680570038035512
target,hymod,random,4,30,1.441906971248346,1.1382771629499375,1.8506734580732882,0.48420817079022527
target,hymod,random,4,31,1.441906971248346,1.1382771629499375,1.9157621660269797,0.5009617959149182
target,hymod,random,4,32,1.441906971248346,1.1382771629499375,1.979807916097343,0.5165230869315565
target,hymod,random,4,33,1.441906971248346,1.1382771629499375,2.0449797911569476,0.5319762118160725
target,hymod,random,4,34,1.441906971248346,1.1382771629499375,2.1128164161928,0.5477379616349936
target,hymod,random,4,35,1.441906971248346,1.1382771629499375,2.1805424159392715,0.5634299195371568
target,hymod,random,4,36,1.441906971248346,1.1382771629499375,2.249782250262797,0.5798703785985708
target,hymod,random,4,37,1.441906971248346,1.1382771629499375,2.3211178332567215,0.596441169269383
target,hymod,random,4,38,1.441906971248346,1.1382771629499375,2.3927246662788093,0.6123215863481164
target,hymod,random,4,39,1.441906971248346,1.1382771629499375,2.4655835409648716,0.6283339206129313
target,hymod,random,4,40,1.441906971248346,1.1382771629499375,2.538711749948561,0.6439249208196998
target,hymod,random,4,41,1.441906971248346,1.1382771629499375,2.6097970833070576,0.6605491708032787
target,hymod,random,4,42,1.441906971248346,1.1382771629499375,2.6800379580818117,0.6762637961655855
target,hymod,random,4,43,1.441906971248346,1.1382771629499375,2.749718625098467,0.6930490881204605
target,hymod,random,4,44,1.441906971248346,1.1382771629499375,2.822592083364725,0.7096108798868954
target,hymod,random,4,45,1.441906971248346,1.1382771629499375,2.8934019580483437,0.7262961301021278
target,hymod,random,4,46,1.441906971248346,1.1382771629499375,2.9652723749168217,0.7418814632110298
target,hymod,random,4,47,1.441906971248346,1.1382771629499375,3.047493416350335,0.7586659216322005
target,hymod,random,4,48,1.441906971248346,1.1382771629499375,3.123062124941498,0.7759407544508576
target,hymod,random,4,49,1.441906971248346,1.1382771629499375,3.1999015831388533,0.7903265464119613
target,hymod,random,4,50,1.441906971248346,1.1382771629499375,3.2834178749471903,0.808239171281457
target,hymod,random,4,51,1.441906971248346,1.1382771629499375,3.365327083040029,0.8258827961981297
target,hymod,random,4,52,1.441906971248346,1.1382771629499375,3.4457445829175413,0.841995838098228
target,hymod,random,4,53,1.441906971248346,1.1382771629499375,3.525200166273862,0.8581264209933579
target,hymod,random,4,54,1.441906971248346,1.1382771629499375,3.612453875131905,0.8765248372219503
target,hymod,random,4,55,1.441906971248346,1.1382771629499375,3.698102958034724,0.8952400041744113
target,hymod,random,4,56,1.441906971248346,1.1382771629499375,3.7730440413579345,0.9108545044437051
target,hymod,random,4,57,1.441906971248346,1.1382771629499375,3.8543385001830757,0.9267956293188035
target,hymod,random,4,58,1.441906971248346,1.1382771629499375,3.936552125029266,0.9432468796148896
target,hymod,random,4,59,1.441906971248346,1.1382771629499375,4.020474416203797,0.9605863792821765
target,hymod,random,4,60,1.441906971248346,1.1382771629499375,4.105114166159183,0.9781005871482193
target,hymod,random,4,61,1.441906971248346,1.1382771629499375,4.1867740410380065,0.9960398371331394
target,hymod,random,4,62,1.441906971248346,1.1382771629499375,4.269486458040774,1.0116961700841784
target,hymod,random,4,63,1.441906971248346,1.1382771629499375,4.351408875081688,1.0285977120511234
target,hymod,random,4,64,1.441906971248346,1.1382771629499375,4.431994833052158,1.044778503011912
target,hymod,random,4,65,1.441906971248346,1.1382771629499375,4.573569416068494,1.0613622940145433
target,hymod,random,4,66,1.441906971248346,1.1382771629499375,4.659644041210413,1.0773366689682007
target,hymod,random,4,67,1.441906971248346,1.1382771629499375,4.745726833119988,1.0949093359522521
target,hymod,random,4,68,1.441906971248346,1.1382771629499375,4.827263250015676,1.1105160019360483
target,hymod,random,4,69,1.314428252337877,1.1382771629499375,4.912524749990553,1.1276887520216405
target,hymod,random,4,70,1.314428252337877,1.1382771629499375,5.002624791115522,1.1434007110074162
target,hymod,random,4,71,1.314428252337877,1.1382771629499375,5.090469166170806,1.1597753358073533
target,hymod,random,4,72,1.314428252337877,1.1382771629499375,5.174155124928802,1.1764260856434703
target,hymod,random,4,73,1.314428252337877,1.1382771629499375,5.257899083197117,1.1930583766661584
target,hymod,random,4,74,1.314428252337877,1.1382771629499375,5.345570458099246,1.209950209595263
target,hymod,random,4,75,1.314428252337877,1.1382771629499375,5.442033083178103,1.2285270015709102
target,hymod,random,4,76,1.314428252337877,1.1382771629499375,5.53126254118979,1.2469895859248936
target,hymod,random,4,77,1.314428252337877,1.1382771629499375,5.624115458223969,1.2643172107636929
target,hymod,random,4,78,1.314428252337877,1.1382771629499375,5.715323083102703,1.2817675857804716
target,hymod,random,4,79,1.314428252337877,1.1382771629499375,5.814324166160077,1.3003632938489318
target,hymod,random,4,80,1.314428252337877,1.1382771629499375,5.912090916186571,1.3198569612577558
target,hymod,random,4,81,1.314428252337877,1.1382771629499375,6.006769333034754,1.3373623783700168
target,hymod,random,4,82,1.314428252337877,1.1382771629499375,6.109740500338376,1.35719308629632
target,hymod,random,4,83,1.314428252337877,1.1382771629499375,6.215527666267008,1.3771002944558859
target,hymod,random,4,84,1.314428252337877,1.1382771629499375,6.318003833293915,1.3954943777061999
target,hymod,random,4,85,1.2750264367884654,1.1382771629499375,6.424571958370507,1.4162123356945813
target,hymod,random,4,86,1.2750264367884654,1.1382771629499375,6.521825541276485,1.4341934183612466
target,hymod,random,4,87,1.2750264367884654,1.1382771629499375,6.635949291288853,1.4533370430581272
target,hymod,random,4,88,1.2750264367884654,1.1382771629499375,6.762295833323151,1.4746374590322375
target,hymod,random,4,89,1.2750264367884654,1.1382771629499375,6.86449187528342,1.4940189588814974
target,hymod,random,4,90,1.2750264367884654,1.1382771629499375,6.956180916167796,1.510332458652556
target,hymod,random,4,91,1.2750264367884654,1.1382771629499375,7.046524208039045,1.5252235834486783
target,hymod,random,4,92,1.2750264367884654,1.1382771629499375,7.137633332982659,1.5407586242072284
target,hymod,random,4,93,1.2750264367884654,1.1382771629499375,7.2323482083156705,1.556899874471128
target,hymod,random,4,94,1.2750264367884654,1.1382771629499375,7.328137916047126,1.5732447495684028
target,hymod,random,4,95,1.2750264367884654,1.1382771629499375,7.423462833277881,1.5892131244763732
target,hymod,random,4,96,1.2750264367884654,1.1382771629499375,7.535504000261426,1.608297249302268
target,hymod,random,4,97,1.2750264367884654,1.1382771629499375,7.654454750008881,1.629767207428813
target,hymod,random,4,98,1.2750264367884654,1.1382771629499375,7.771318833343685,1.6505174161866307
target,hymod,random,4,99,1.2750264367884654,1.1382771629499375,7.887024583294988,1.6710978331975639
target,hymod,random,4,100,1.2750264367884654,1.1382771629499375,8.006379750091583,1.689443999901414
target,hymod,random,4,101,1.2750264367884654,1.1382771629499375,8.132719333283603,1.7104563750326633
target,hymod,random,4,102,1.2750264367884654,1.1382771629499375,8.253002500161529,1.7322005834430456
target,hymod,random,4,103,1.2750264367884654,1.1382771629499375,8.368171958252788,1.7518647494725883
target,hymod,random,4,104,1.2750264367884654,1.1382771629499375,8.481409333180636,1.7711718324571848
target,hymod,random,4,105,1.2750264367884654,1.1382771629499375,8.583382291253656,1.7881722496822476
target,hymod,random,4,106,1.2750264367884654,1.1382771629499375,8.679591833148152,1.8037341656163335
target,hymod,random,4,107,1.2750264367884654,1.1382771629499375,8.779069582931697,1.8192033739760518
target,hymod,random,4,108,1.2750264367884654,1.1382771629499375,8.883737375028431,1.8357822909019887
target,hymod,random,4,109,1.2750264367884654,1.1382771629499375,8.992487041279674,1.853143041022122
target,hymod,random,4,110,1.2750264367884654,1.1382771629499375,9.097286166157573,1.8711096663028002
target,hymod,random,4,111,1.2750264367884654,1.1382771629499375,9.213843166362494,1.8882128335535526
target,hymod,random,4,112,1.2750264367884654,1.1382771629499375,9.337386166211218,1.9089038339443505
target,hymod,random,4,113,1.2750264367884654,1.1382771629499375,9.467069915961474,1.9290007497183979
target,hymod,random,4,114,1.2750264367884654,1.1382771629499375,9.606949250213802,1.951590457931161
target,hymod,random,4,115,1.2750264367884654,1.1382771629499375,9.728290791157633,1.9708684161305428
target,hymod,random,4,116,1.2750264367884654,1.1382771629499375,9.841895291116089,1.9902340834960341
target,hymod,random,4,117,1.2750264367884654,1.1382771629499375,10.02290862519294,2.009329542517662
target,hymod,random,4,118,1.2750264367884654,1.1382771629499375,10.142108333297074,2.0283167087472975
target,hymod,random,4,119,1.2750264367884654,1.1382771629499375,10.266614833381027,2.047248666640371
target,hymod,random,4,120,1.2750264367884654,1.1382771629499375,10.39760470809415,2.0690579996444285
target,hymod,random,4,121,1.2750264367884654,1.1382771629499375,10.520155082922429,2.0893804589286447
target,hymod,random,4,122,1.2750264367884654,1.1382771629499375,10.643290500156581,2.1095193750225008
target,hymod,random,4,123,1.2750264367884654,1.1382771629499375,10.769949166104198,2.1298067923635244
target,hymod,random,4,124,1.2750264367884654,1.1382771629499375,10.893418416380882,2.148939583450556
target,hymod,random,4,125,1.2750264367884654,1.1382771629499375,11.023014375008643,2.168415708001703
target,hymod,random,4,126,1.2750264367884654,1.1382771629499375,11.133441500365734,2.1831269999966025
target,hymod,random,4,127,1.2750264367884654,1.1382771629499375,11.25202608294785,2.2011454170569777
target,hymod,random,4,128,1.2750264367884654,1.1382771629499375,11.371778958011419,2.219551249872893
target,hymod,random,4,129,1.2750264367884654,1.1382771629499375,11.498991624917835,2.238814332988113
target,hymod,random,4,130,1.2750264367884654,1.1382771629499375,11.611338541377336,2.256689249072224
target,hymod,random,4,131,1.2750264367884654,1.1382771629499375,11.722960708197206,2.273576498962939
target,hymod,random,4,132,1.2750264367884654,1.1382771629499375,11.83607608312741,2.2917884150519967
target,hymod,random,4,133,1.2750264367884654,1.1382771629499375,11.948547082953155,2.308773915283382
target,hymod,random,4,134,1.2750264367884654,1.1382771629499375,12.06595233315602,2.326471290551126
target,hymod,random,4,135,1.2750264367884654,1.1382771629499375,12.184911541175097,2.343729832675308
target,hymod,random,4,136,1.2750264367884654,1.1382771629499375,12.304997375234962,2.3624122496694326
target,hymod,random,4,137,1.2750264367884654,1.1382771629499375,12.434436125215143,2.380790999624878
target,hymod,random,4,138,1.2750264367884654,1.1382771629499375,12.581154458224773,2.4012084156274796
target,hymod,random,4,139,1.2750264367884654,1.1382771629499375,12.691634207963943,2.4159156656824052
target,hymod,random,4,140,1.2750264367884654,1.1382771629499375,12.8696334999986,2.430636207573116
target,hymod,random,4,141,1.2750264367884654,1.1382771629499375,12.97911350009963,2.4456269997172058
target,hymod,random,4,142,1.2750264367884654,1.1382771629499375,13.097841165959835,2.4641505000181496
target,hymod,random,4,143,1.2750264367884654,1.1382771629499375,13.216008791234344,2.479194375220686
target,hymod,random,4,144,1.2750264367884654,1.1382771629499375,13.360912207979709,2.4991290415637195
target,hymod,random,4,145,1.2750264367884654,1.1382771629499375,13.51127687515691,2.5216495008207858
target,hymod,random,4,146,1.2750264367884654,1.1382771629499375,13.661454916000366,2.544100250583142
target,hymod,random,4,147,1.2750264367884654,1.1382771629499375,13.799243291374296,2.5654375427402556
target,hymod,random,4,148,1.2750264367884654,1.1382771629499375,13.933314541354775,2.5850225426256657
target,hymod,random,4,149,1.2750264367884654,1.1382771629499375,14.069760166108608,2.6044464176520705
target,hymod,random,4,150,1.2750264367884654,1.1382771629499375,14.203216291032732,2.6255111265927553
target,hymod,random,4,151,1.2750264367884654,1.1382771629499375,14.333592666313052,2.6446332512423396
target,hymod,random,4,152,1.2750264367884654,1.1382771629499375,14.466386458370835,2.663601792883128
target,hymod,random,4,153,1.2750264367884654,1.1382771629499375,14.596431041136384,2.6826216257177293
target,hymod,random,4,154,1.2750264367884654,1.1382771629499375,14.731570166070014,2.7011670847423375
target,hymod,random,4,155,1.2750264367884654,1.1382771629499375,14.864313875325024,2.719594501890242
target,hymod,random,4,156,1.2750264367884654,1.1382771629499375,14.996957540977746,2.7385558770038188
target,hymod,random,4,157,1.2750264367884654,1.1382771629499375,15.133671833202243,2.757431627251208
target,hymod,random,4,158,1.2750264367884654,1.1382771629499375,15.267769208177924,2.777165502309799
target,hymod,random,4,159,1.2750264367884654,1.1382771629499375,15.40081804106012,2.796725752297789
target,hymod,random,4,160,1.2750264367884654,1.1382771629499375,15.554142165929079,2.81589916953817
target,hymod,random,4,161,1.2750264367884654,1.1382771629499375,15.686572582926601,2.8338737534359097
target,hymod,random,4,162,1.2750264367884654,1.1382771629499375,15.821752415969968,2.853656920604408
target,hymod,random,4,163,1.2750264367884654,1.1382771629499375,15.954341125208884,2.872224754653871
target,hymod,random,4,164,1.2750264367884654,1.1382771629499375,16.090985000133514,2.8913990878500044
target,hymod,random,4,165,1.2750264367884654,1.1382771629499375,16.215044250246137,2.910713921766728
target,hymod,random,4,166,1.2750264367884654,1.1382771629499375,16.321389958262444,2.9245560467243195
target,hymod,random,4,167,1.2750264367884654,1.1382771629499375,16.427380749955773,2.93793983804062
target,hymod,random,4,168,1.2750264367884654,1.1382771629499375,16.56822529109195,2.956043670885265
target,hymod,random,4,169,1.2750264367884654,1.1382771629499375,16.73359516635537,2.976962713059038
target,hymod,random,4,170,1.2750264367884654,1.1382771629499375,16.98221091600135,2.99890213040635
target,hymod,random,4,171,1.2750264367884654,1.1382771629499375,17.124382874928415,3.0194295472465456
target,hymod,random,4,172,1.2750264367884654,1.1382771629499375,17.27481708303094,3.0408277143724263
target,hymod,random,4,173,1.2750264367884654,1.1382771629499375,17.422699165996164,3.0606280472129583
target,hymod,random,4,174,1.2750264367884654,1.1382771629499375,17.573094791267067,3.0814368813298643
target,hymod,random,4,175,1.2750264367884654,1.1382771629499375,17.727568541187793,3.1023094234988093
target,hymod,random,4,176,1.2750264367884654,1.1382771629499375,17.87111487518996,3.121589506510645
target,hymod,random,4,177,1.2750264367884654,1.1382771629499375,18.0096016661264,3.1394762564450502
target,hymod,random,4,178,1.2750264367884654,1.1382771629499375,18.15007529128343,3.158208298496902
target,hymod,random,4,179,1.2750264367884654,1.1382771629499375,18.29074416635558,3.1773827988654375
target,hymod,random,4,180,1.2750264367884654,1.1382771629499375,18.431758541148156,3.1960945492610335
target,hymod,random,4,181,1.2750264367884654,1.1382771629499375,18.581829250324517,3.2157534663565457
target,hymod,random,4,182,1.2750264367884654,1.1382771629499375,18.72623045835644,3.2351191751658916
target,hymod,random,4,183,1.2750264367884654,1.1382771629499375,18.869481333065778,3.2547049252316356
target,hymod,random,4,184,1.2750264367884654,1.1382771629499375,19.084345791023225,3.2734265909530222
target,hymod,random,4,185,1.2750264367884654,1.1382771629499375,19.22972937533632,3.2924974663183093
target,hymod,random,4,186,1.2750264367884654,1.1382771629499375,19.374326874967664,3.311820008326322
target,hymod,random,4,187,1.2750264367884654,1.1382771629499375,19.521002999972552,3.3306737993843853
target,hymod,random,4,188,1.2750264367884654,1.1382771629499375,19.66640858305618,3.349719341378659
target,hymod,random,4,189,1.2750264367884654,1.1382771629499375,19.813705458305776,3.369201091118157
target,hymod,random,4,190,1.2750264367884654,1.1382771629499375,19.96330116596073,3.389366341289133
target,hymod,random,4,191,1.2750264367884654,1.1382771629499375,20.109730999916792,3.407528383191675
target,hymod,random,4,192,1.2750264367884654,1.1382771629499375,20.25684829102829,3.426104050129652
target,hymod,random,4,193,1.2750264367884654,1.1382771629499375,20.40491749998182,3.44456959143281
target,hymod,random,4,194,1.2750264367884654,1.1382771629499375,20.55122729111463,3.462556050159037
target,hymod,random,4,195,1.2750264367884654,1.1382771629499375,20.698279125150293,3.4801043425686657
target,hymod,random,4,196,1.2750264367884654,1.1382771629499375,20.845185083337128,3.498129967600107
target,hymod,random,4,197,1.2750264367884654,1.1382771629499375,21.056739000137895,3.517051092814654
target,hymod,random,4,198,1.2750264367884654,1.1382771629499375,21.205781999975443,3.535282592754811
target,hymod,random,4,199,1.2750264367884654,1.1382771629499375,21.356382416095585,3.554824717808515
target,hymod,random,4,200,1.2750264367884654,1.1382771629499375,21.55493279127404,3.572990842629224
target,hymod,bo,5,1,3.6017323655044127,1.1382771629499375,0.11199191631749272,0.01952266599982977
target,hymod,bo,5,2,2.046910292248419,1.1382771629499375,0.17322937538847327,0.03674916597083211
target,hymod,bo,5,3,2.046910292248419,1.1382771629499375,0.23975529102608562,0.053803248796612024
target,hymod,bo,5,4,2.046910292248419,1.1382771629499375,0.3104092082940042,0.0731781660579145
target,hymod,bo,5,5,2.046910292248419,1.1382771629499375,0.3798221661709249,0.09251145785674453
target,hymod,bo,5,6,2.046910292248419,1.1382771629499375,0.4485319582745433,0.11126116570085287
target,hymod,bo,5,7,2.046910292248419,1.1382771629499375,0.5193395409733057,0.12911462504416704
target,hymod,bo,5,8,1.320781521999631,1.1382771629499375,0.5894427499733865,0.14858199981972575
target,hymod,bo,5,9,1.320781521999631,1.1382771629499375,0.7889460832811892,0.1675879587419331
target,hymod,bo,5,10,1.320781521999631,1.1382771629499375,1.007647333201021,0.18536300072446465
target,hymod,bo,5,11,1.320781521999631,1.1382771629499375,1.2016708753071725,0.2029509167186916
target,hymod,bo,5,12,1.320781521999631,1.1382771629499375,1.4025804162956774,0.22050854191184044
target,hymod,bo,5,13,1.320781521999631,1.1382771629499375,1.5883473330177367,0.23886083392426372
target,hymod,bo,5,14,1.320781521999631,1.1382771629499375,1.8154639163985848,0.2573256669566035
target,hymod,bo,5,15,1.320781521999631,1.1382771629499375,2.0520602501928806,0.2766919578425586
target,hymod,bo,5,16,1.320781521999631,1.1382771629499375,2.286322083324194,0.2952316668815911
target,hymod,bo,5,17,1.320781521999631,1.1382771629499375,2.4881016253493726,0.31369654182344675
target,hymod,bo,5,18,1.320781521999631,1.1382771629499375,2.66635804111138,0.33166562486439943
target,hymod,bo,5,19,1.320781521999631,1.1382771629499375,2.96456737536937,0.35398587491363287
target,hymod,bo,5,20,1.320781521999631,1.1382771629499375,3.261081166099757,0.37196087511256337
target,hymod,bo,5,21,1.320781521999631,1.1382771629499375,3.466440166346729,0.3904171660542488
target,hymod,bo,5,22,1.320781521999631,1.1382771629499375,3.7427102914080024,0.409943541046232
target,hymod,bo,5,23,1.320781521999631,1.1382771629499375,3.943561458028853,0.4268378750421107
target,hymod,bo,5,24,1.320781521999631,1.1382771629499375,4.185173999983817,0.44513716734945774
target,hymod,bo,5,25,1.320781521999631,1.1382771629499375,4.396556166000664,0.4630087511613965
target,hymod,bo,5,26,1.320781521999631,1.1382771629499375,4.675139083061367,0.48095316672697663
target,hymod,bo,5,27,1.320781521999631,1.1382771629499375,5.145196957979351,0.5133797074668109
target,hymod,bo,5,28,1.320781521999631,1.1382771629499375,5.500138791278005,0.5307318745180964
target,hymod,bo,5,29,1.320781521999631,1.1382771629499375,5.875321000348777,0.5483068749308586
target,hymod,bo,5,30,1.320781521999631,1.1382771629499375,6.196793666109443,0.5651037497445941
target,hymod,bo,5,31,1.320781521999631,1.1382771629499375,6.475770958233625,0.5827951249666512
target,hymod,bo,5,32,1.320781521999631,1.1382771629499375,6.697115458082408,0.600656040944159
target,hymod,bo,5,33,1.320781521999631,1.1382771629499375,6.969768000300974,0.6227060412056744
target,hymod,bo,5,34,1.320781521999631,1.1382771629499375,7.197667750064284,0.6418147073127329
target,hymod,bo,5,35,1.320781521999631,1.1382771629499375,7.449591916054487,0.6608395823277533
target,hymod,bo,5,36,1.320781521999631,1.1382771629499375,7.704865125007927,0.6787809995003045
target,hymod,bo,5,37,1.2938569816345882,1.1382771629499375,7.956320208031684,0.6974783325567842
target,hymod,bo,5,38,1.2938569816345882,1.1382771629499375,8.151208666153252,0.7147738328203559
target,hymod,bo,5,39,1.2938569816345882,1.1382771629499375,8.370405750349164,0.7320190421305597
target,hymod,bo,5,40,1.2938569816345882,1.1382771629499375,8.690678666345775,0.7491147923283279
target,hymod,bo,5,41,1.2938569816345882,1.1382771629499375,9.0207675001584,0.7695152503438294
target,hymod,bo,5,42,1.2938569816345882,1.1382771629499375,9.274729458149523,0.7883390840142965
target,hymod,bo,5,43,1.2938569816345882,1.1382771629499375,9.56874879123643,0.8076967089436948
target,hymod,bo,5,44,1.2938569816345882,1.1382771629499375,9.8240781663917,0.8272610418498516
target,hymod,bo,5,45,1.2938569816345882,1.1382771629499375,10.07361429138109,0.8450608747079968
target,hymod,bo,5,46,1.2938569816345882,1.1382771629499375,10.332719791214913,0.8631832082755864
target,hymod,bo,5,47,1.2938569816345882,1.1382771629499375,10.591409916058183,0.8812959999777377
target,hymod,bo,5,48,1.2938569816345882,1.1382771629499375,10.849230708088726,0.8980518747121096
target,hymod,bo,5,49,1.2938569816345882,1.1382771629499375,11.15872670803219,0.9152517495676875
target,hymod,bo,5,50,1.2938569816345882,1.1382771629499375,11.461602208204567,0.932835541665554
target,hymod,bo,5,51,1.2938569816345882,1.1382771629499375,11.747214833274484,0.9467952917329967
target,hymod,bo,5,52,1.2938569816345882,1.1382771629499375,12.019352000206709,0.9657142087817192
target,hymod,bo,5,53,1.282575298006909,1.1382771629499375,12.264107916038483,0.9834663341753185
target,hymod,bo,5,54,1.282575298006909,1.1382771629499375,12.550418333150446,1.002666543237865
target,hymod,bo,5,55,1.282575298006909,1.1382771629499375,12.848097125068307,1.0208661686629057
target,hymod,bo,5,56,1.282575298006909,1.1382771629499375,13.142950541339815,1.0386775028891861
target,hymod,bo,5,57,1.282575298006909,1.1382771629499375,13.384160333313048,1.057087211869657
target,hymod,bo,5,58,1.282575298006909,1.1382771629499375,13.617191916331649,1.0741865038871765
target,hymod,bo,5,59,1.282575298006909,1.1382771629499375,13.842189208138734,1.092216962017119
target,hymod,bo,5,60,1.282575298006909,1.1382771629499375,14.131858500186354,1.109037462156266
target,hymod,bo,5,61,1.273450125093736,1.1382771629499375,14.468845833092928,1.1266988790594041
target,hymod,bo,5,62,1.273450125093736,1.1382771629499375,14.77825608337298,1.1463722540065646
target,hymod,bo,5,63,1.273450125093736,1.1382771629499375,15.048578208312392,1.164009254425764
target,hymod,bo,5,64,1.273450125093736,1.1382771629499375,15.371914833318442,1.1825723382644355
target,hymod,bo,5,65,1.273450125093736,1.1382771629499375,15.667329207994044,1.2007087962701917
target,hymod,bo,5,66,1.273450125093736,1.1382771629499375,15.875300541054457,1.2185613792389631
target,hymod,bo,5,67,1.273450125093736,1.1382771629499375,16.166193125303835,1.2356425463221967
target,hymod,bo,5,68,1.273450125093736,1.1382771629499375,16.378959374967963,1.2545562544837594
target,hymod,bo,5,69,1.2448380547890971,1.1382771629499375,16.74035912519321,1.2730822544544935
target,hymod,bo,5,70,1.2448380547890971,1.1382771629499375,16.982246875297278,1.292015920393169
target,hymod,bo,5,71,1.2448380547890971,1.1382771629499375,17.279483875259757,1.31151012936607
target,hymod,bo,5,72,1.2448380547890971,1.1382771629499375,17.612480957992375,1.331010670401156
target,hymod,bo,5,73,1.2448380547890971,1.1382771629499375,17.965548833366483,1.3497717953287065
target,hymod,bo,5,74,1.2448380547890971,1.1382771629499375,18.22361837513745,1.369232879485935
target,hymod,bo,5,75,1.2448380547890971,1.1382771629499375,18.575707666110247,1.3878772123716772
target,hymod,bo,5,76,1.2448380547890971,1.1382771629499375,18.861275083385408,1.4084017546847463
target,hymod,bo,5,77,1.2448380547890971,1.1382771629499375,19.23978641629219,1.4261677959002554
target,hymod,bo,5,78,1.2448380547890971,1.1382771629499375,19.462255166377872,1.4434121288359165
target,hymod,bo,5,79,1.2344447976438704,1.1382771629499375,20.009655583184212,1.4731847536750138
target,hymod,bo,5,80,1.2344447976438704,1.1382771629499375,20.57705304119736,1.4915210879407823
target,hymod,bo,5,81,1.2344447976438704,1.1382771629499375,21.005075791385025,1.5113960052840412
target,hymod,bo,5,82,1.2344447976438704,1.1382771629499375,21.396334333345294,1.5310535891912878
target,hymod,bo,5,83,1.2344447976438704,1.1382771629499375,21.846956791356206,1.5504457969218493
target,hymod,bo,5,84,1.2344447976438704,1.1382771629499375,22.41891804104671,1.5745838810689747
target,hymod,bo,5,85,1.2344447976438704,1.1382771629499375,22.78232391597703,1.5964618809521198
target,hymod,bo,5,86,1.2344447976438704,1.1382771629499375,23.177818541415036,1.61585688078776
target,hymod,bo,5,87,1.2344447976438704,1.1382771629499375,23.498411749955267,1.635939338710159
target,hymod,bo,5,88,1.2344447976438704,1.1382771629499375,23.850118375383317,1.65549679659307
target,hymod,bo,5,89,1.2344447976438704,1.1382771629499375,24.193110125139356,1.673363463487476
target,hymod,bo,5,90,1.2344447976438704,1.1382771629499375,24.564402541145682,1.6920810053125024
target,hymod,bo,5,91,1.2344447976438704,1.1382771629499375,24.883493083063513,1.709815338253975
target,hymod,bo,5,92,1.2344447976438704,1.1382771629499375,25.130633041262627,1.728681921493262
target,hymod,bo,5,93,1.2344447976438704,1.1382771629499375,25.483682500198483,1.7472671307623386
target,hymod,bo,5,94,1.2344447976438704,1.1382771629499375,25.80370375001803,1.765488631092012
target,hymod,bo,5,95,1.2344447976438704,1.1382771629499375,26.078773708082736,1.7851167558692396
target,hymod,bo,5,96,1.2344447976438704,1.1382771629499375,26.3813046249561,1.8058380470611155
target,hymod,bo,5,97,1.2344447976438704,1.1382771629499375,26.75609783316031,1.82528346311301
target,hymod,bo,5,98,1.2328275535574882,1.1382771629499375,27.293358750175685,1.8430849630385637
target,hymod,bo,5,99,1.2328275535574882,1.1382771629499375,27.859275083057582,1.8632693798281252
target,hymod,bo,5,100,1.2328275535574882,1.1382771629499375,28.370760207995772,1.8849604218266904
target,hymod,bo,5,101,1.2328275535574882,1.1382771629499375,28.82425883319229,1.903718588873744
target,hymod,bo,5,102,1.2328275535574882,1.1382771629499375,29.22319854097441,1.921762838959694
target,hymod,bo,5,103,1.2328275535574882,1.1382771629499375,29.554729666095227,1.9410637142136693
target,hymod,bo,5,104,1.2328275535574882,1.1382771629499375,30.15173775004223,1.9587694224901497
target,hymod,bo,5,105,1.2328275535574882,1.1382771629499375,30.562416750006378,1.9771728394553065
target,hymod,bo,5,106,1.2328275535574882,1.1382771629499375,30.909878791309893,1.99707600614056
target,hymod,bo,5,107,1.2328275535574882,1.1382771629499375,31.161449541337788,2.0159859652630985
target,hymod,bo,5,108,1.2328275535574882,1.1382771629499375,31.492877500131726,2.0353788821958005
target,hymod,bo,5,109,1.2328275535574882,1.1382771629499375,31.89318362530321,2.0555169647559524
target,hymod,bo,5,110,1.2328275535574882,1.1382771629499375,32.36506370827556,2.0748077146708965
target,hymod,bo,5,111,1.2328275535574882,1.1382771629499375,32.946259416174144,2.0949713396839797
target,hymod,bo,5,112,1.2328275535574882,1.1382771629499375,33.28846291638911,2.1122159236110747
target,hymod,bo,5,113,1.2328275535574882,1.1382771629499375,33.80606987513602,2.1275340896099806
target,hymod,bo,5,114,1.2328275535574882,1.1382771629499375,34.35350962495431,2.144402547273785
target,hymod,bo,5,115,1.2328275535574882,1.1382771629499375,34.95756925037131,2.165253839455545
target,hymod,bo,5,116,1.2328275535574882,1.1382771629499375,35.4277714160271,2.1836305065080523
target,hymod,bo,5,117,1.2328275535574882,1.1382771629499375,36.25007662503049,2.2061063395813107
target,hymod,bo,5,118,1.2328275535574882,1.1382771629499375,36.82054925011471,2.2285906723700464
target,hymod,bo,5,119,1.2328275535574882,1.1382771629499375,37.461020708084106,2.2488911719992757
target,hymod,bo,5,120,1.2328275535574882,1.1382771629499375,38.01604616595432,2.2706172559410334
target,hymod,bo,5,121,1.2328275535574882,1.1382771629499375,38.73118866607547,2.293843048159033
target,hymod,bo,5,122,1.2328275535574882,1.1382771629499375,39.37293712515384,2.3110644230619073
target,hymod,bo,5,123,1.2328275535574882,1.1382771629499375,40.2629721253179,2.333295838907361
target,hymod,bo,5,124,1.2328275535574882,1.1382771629499375,41.160212458111346,2.3544537969864905
target,hymod,bo,5,125,1.2328275535574882,1.1382771629499375,41.95377441635355,2.3761100471019745
target,hymod,bo,5,126,1.2328275535574882,1.1382771629499375,43.08018483314663,2.400871381163597
target,hymod,bo,5,127,1.2328275535574882,1.1382771629499375,44.17831779131666,2.422542506363243
target,hymod,bo,5,128,1.2328275535574882,1.1382771629499375,45.02847383311018,2.445698215160519
target,hymod,bo,5,129,1.2328275535574882,1.1382771629499375,46.351038250140846,2.472073132172227
target,hymod,bo,5,130,1.2328275535574882,1.1382771629499375,46.85811987519264,2.49739146605134
target,hymod,bo,5,131,1.2328275535574882,1.1382771629499375,47.67842258326709,2.5191730493679643
target,hymod,bo,5,132,1.2328275535574882,1.1382771629499375,48.21981345815584,2.540424424689263
target,hymod,bo,5,133,1.2322084072353834,1.1382771629499375,49.181969250086695,2.563181882724166
target,hymod,bo,5,134,1.231733553893952,1.1382771629499375,50.18969341600314,2.6115313000045717
target,hymod,bo,5,135,1.231733553893952,1.1382771629499375,51.650176083203405,2.6382012171670794
target,hymod,bo,5,136,1.2101929003966825,1.1382771629499375,52.81930962530896,2.6605615923181176
target,hymod,bo,5,137,1.2101929003966825,1.1382771629499375,53.45596075011417,2.683204425498843
target,hymod,bo,5,138,1.1948356951077976,1.1382771629499375,54.27607329096645,2.705379258375615
target,hymod,bo,5,139,1.1948356951077976,1.1382771629499375,55.150228958111256,2.7256476334296167
target,hymod,bo,5,140,1.1634020668772815,1.1382771629499375,56.64341179095209,2.7550716334953904
target,hymod,bo,5,141,1.1513434859316585,1.1382771629499375,57.42625608295202,2.7802760927006602
target,hymod,bo,5,142,1.1513434859316585,1.1382771629499375,58.29034029133618,2.808307634666562
target,hymod,bo,5,143,1.1513434859316585,1.1382771629499375,59.11363275023177,2.8328580097295344
target,hymod,bo,5,144,1.1513434859316585,1.1382771629499375,59.64466766640544,2.856566092465073
target,hymod,bo,5,145,1.1513434859316585,1.1382771629499375,60.28292537527159,2.8800982595421374
target,hymod,bo,5,146,1.1278788060587643,1.1382771629499375,61.523302000015974,2.9055740502662957
target,hymod,random,5,1,2.0603114531354816,1.1382771629499375,0.14368370780721307,0.02659745793789625
target,hymod,random,5,2,2.0603114531354816,1.1382771629499375,0.22206587484106421,0.0511949579231441
target,hymod,random,5,3,2.0603114531354816,1.1382771629499375,0.30046033300459385,0.0740117491222918
target,hymod,random,5,4,2.0603114531354816,1.1382771629499375,0.38069245824590325,0.09789587371051311
target,hymod,random,5,5,2.0603114531354816,1.1382771629499375,0.458192375022918,0.12139979051426053
target,hymod,random,5,6,2.0603114531354816,1.1382771629499375,0.5348481251858175,0.14471012353897095
target,hymod,random,5,7,2.0603114531354816,1.1382771629499375,0.6129955830983818,0.16735283145681024
target,hymod,random,5,8,2.0603114531354816,1.1382771629499375,0.6941115418449044,0.18987066484987736
target,hymod,random,5,9,2.0603114531354816,1.1382771629499375,0.7721831668168306,0.21058195689693093
target,hymod,random,5,10,1.9877544619872136,1.1382771629499375,0.8573338747955859,0.234203748870641
target,hymod,random,5,11,1.9522692809092366,1.1382771629499375,0.9335242081433535,0.25623379088938236
target,hymod,random,5,12,1.9522692809092366,1.1382771629499375,1.0141309997998178,0.2772098737768829
target,hymod,random,5,13,1.9522692809092366,1.1382771629499375,1.0992221250198781,0.3007901241071522
target,hymod,random,5,14,1.9522692809092366,1.1382771629499375,1.18004420818761,0.3205845830962062
target,hymod,random,5,15,1.9522692809092366,1.1382771629499375,1.2644284581765532,0.34291145810857415
target,hymod,random,5,16,1.9522692809092366,1.1382771629499375,1.3530016671866179,0.3674012082628906
target,hymod,random,5,17,1.9522692809092366,1.1382771629499375,1.4437509579584002,0.39147674990817904
target,hymod,random,5,18,1.9522692809092366,1.1382771629499375,1.5311491671018302,0.4157515410333872
target,hymod,random,5,19,1.9522692809092366,1.1382771629499375,1.6212888332083821,0.43833691580221057
target,hymod,random,5,20,1.9522692809092366,1.1382771629499375,1.7135795000940561,0.46092216577380896
target,hymod,random,5,21,1.9522692809092366,1.1382771629499375,1.8067798330448568,0.48839762480929494
target,hymod,random,5,22,1.945846635575395,1.1382771629499375,1.8919757078401744,0.5088530825451016
target,hymod,random,5,23,1.648938824816932,1.1382771629499375,1.9717905828729272,0.5290884571149945
target,hymod,random,5,24,1.648938824816932,1.1382771629499375,2.0546842920593917,0.5473568742163479
target,hymod,random,5,25,1.648938824816932,1.1382771629499375,2.15138216689229,0.5732824164442718
target,hymod,random,5,26,1.648938824816932,1.1382771629499375,2.231170500162989,0.5889329994097352
target,hymod,random,5,27,1.648938824816932,1.1382771629499375,2.3159151668660343,0.6079605403356254
target,hymod,random,5,28,1.648938824816932,1.1382771629499375,2.4139374578371644,0.6335224569775164
target,hymod,random,5,29,1.648938824816932,1.1382771629499375,2.497112375218421,0.6516107488423586
target,hymod,random,5,30,1.648938824816932,1.1382771629499375,2.5909661250188947,0.6705320407636464
target,hymod,random,5,31,1.648938824816932,1.1382771629499375,2.7021564170718193,0.6975391660816967
target,hymod,random,5,32,1.648938824816932,1.1382771629499375,2.8298714170232415,0.7314241658896208
target,hymod,random,5,33,1.648938824816932,1.1382771629499375,2.9292342918924987,0.7559742908924818
target,hymod,random,5,34,1.648938824816932,1.1382771629499375,3.025778166949749,0.7819672906771302
target,hymod,random,5,35,1.648938824816932,1.1382771629499375,3.1161563750356436,0.8024437064304948
target,hymod,random,5,36,1.648938824816932,1.1382771629499375,3.201784791890532,0.8209825395606458
target,hymod,random,5,37,1.648938824816932,1.1382771629499375,3.306975374929607,0.8480227063409984
target,hymod,random,5,38,1.648938824816932,1.1382771629499375,3.505893582943827,0.8688844973221421
target,hymod,random,5,39,1.648938824816932,1.1382771629499375,3.6979097919538617,0.9067419143393636
target,hymod,random,5,40,1.648938824816932,1.1382771629499375,3.8839286249130964,0.9544112063013017
target,hymod,random,5,41,1.648938824816932,1.1382771629499375,4.062701500020921,0.9866897482424974
target,hymod,random,5,42,1.648938824816932,1.1382771629499375,4.277665167115629,1.0384171232581139
target,hymod,random,5,43,1.648938824816932,1.1382771629499375,4.4228118332102895,1.0662309983745217
target,hymod,random,5,44,1.648938824816932,1.1382771629499375,4.572312000207603,1.0910215810872614
target,hymod,random,5,45,1.648938824816932,1.1382771629499375,4.692668791860342,1.1163665810599923
target,hymod,random,5,46,1.648938824816932,1.1382771629499375,4.817002750001848,1.1449554981663823
target,hymod,random,5,47,1.648938824816932,1.1382771629499375,4.913748667109758,1.166488247923553
target,hymod,random,5,48,1.648938824816932,1.1382771629499375,4.9994745422154665,1.183708290103823
target,hymod,random,5,49,1.648938824816932,1.1382771629499375,5.096485042013228,1.1998084150254726
target,hymod,random,5,50,1.648938824816932,1.1382771629499375,5.195282542146742,1.2174472901970148
target,hymod,random,5,51,1.648938824816932,1.1382771629499375,5.388044124934822,1.2364040822722018
target,hymod,random,5,52,1.4844767241846033,1.1382771629499375,5.513338583055884,1.2730861245654523
target,hymod,random,5,53,1.4844767241846033,1.1382771629499375,5.617004374973476,1.2902228743769228
target,hymod,random,5,54,1.4844767241846033,1.1382771629499375,5.7294812919572,1.313679457642138
target,hymod,random,5,55,1.4844767241846033,1.1382771629499375,5.8601380828768015,1.3438087073154747
target,hymod,random,5,56,1.4844767241846033,1.1382771629499375,5.985255833249539,1.3733332492411137
target,hymod,random,5,57,1.4844767241846033,1.1382771629499375,6.101918582804501,1.399704207200557
target,hymod,random,5,58,1.4844767241846033,1.1382771629499375,6.21859541721642,1.4256251654587686
target,hymod,random,5,59,1.4844767241846033,1.1382771629499375,6.334995457902551,1.451864707749337
target,hymod,random,5,60,1.4844767241846033,1.1382771629499375,6.454260000027716,1.4767791661433876
target,hymod,random,5,61,1.4844767241846033,1.1382771629499375,6.580092249903828,1.5033229570835829
target,hymod,random,5,62,1.4844767241846033,1.1382771629499375,6.697856333106756,1.527587248943746
target,hymod,random,5,63,1.4844767241846033,1.1382771629499375,6.817703333217651,1.5507039581425488
target,hymod,random,5,64,1.4844767241846033,1.1382771629499375,6.933568417094648,1.5751747912727296
target,hymod,random,5,65,1.4844767241846033,1.1382771629499375,7.05721391690895,1.6016022912226617
target,hymod,random,5,66,1.4844767241846033,1.1382771629499375,7.183582708239555,1.6268677492626011
target,hymod,random,5,67,1.3847820869966863,1.1382771629499375,7.301367333158851,1.6502249161712825
target,hymod,random,5,68,1.3847820869966863,1.1382771629499375,7.419297208078206,1.6736161662265658
target,hymod,random,5,69,1.3847820869966863,1.1382771629499375,7.538844624999911,1.6974211242049932
target,hymod,random,5,70,1.3847820869966863,1.1382771629499375,7.666222291998565,1.7221564161591232
target,hymod,random,5,71,1.3847820869966863,1.1382771629499375,7.788853125181049,1.7478181240148842
target,hymod,random,5,72,1.3847820869966863,1.1382771629499375,7.905696041882038,1.7706039580516517
target,hymod,random,5,73,1.3847820869966863,1.1382771629499375,8.024993166793138,1.7930863741785288
target,hymod,random,5,74,1.3847820869966863,1.1382771629499375,8.17641995800659,1.8221617080271244
target,hymod,random,5,75,1.3847820869966863,1.1382771629499375,8.30739154201001,1.8477448751218617
target,hymod,random,5,76,1.3847820869966863,1.1382771629499375,8.442819875199348,1.8735157502815127
target,hymod,random,5,77,1.3847820869966863,1.1382771629499375,8.565409500151873,1.896473209373653
target,hymod,random,5,78,1.3847820869966863,1.1382771629499375,8.71094908285886,1.9213262922130525
target,hymod,random,5,79,1.3847820869966863,1.1382771629499375,8.978004042059183,1.9913796251639724
target,hymod,random,5,80,1.3847820869966863,1.1382771629499375,9.150125875137746,2.030445042066276
target,hymod,random,5,81,1.3847820869966863,1.1382771629499375,9.277319833170623,2.054439542349428
target,hymod,random,5,82,1.3847820869966863,1.1382771629499375,9.423930041957647,2.0863727922551334
target,hymod,random,5,83,1.3847820869966863,1.1382771629499375,9.571167292073369,2.1169575420208275
target,hymod,random,5,84,1.3847820869966863,1.1382771629499375,9.682233375031501,2.1356390002183616
target,hymod,random,5,85,1.3847820869966863,1.1382771629499375,9.840170749928802,2.1708700004965067
target,hymod,random,5,86,1.3847820869966863,1.1382771629499375,9.965020458213985,2.198726875707507
target,hymod,random,5,87,1.3847820869966863,1.1382771629499375,10.102744833100587,2.219019418116659
target,hymod,random,5,88,1.3847820869966863,1.1382771629499375,10.261535333003849,2.2498472090810537
target,hymod,random,5,89,1.3847820869966863,1.1382771629499375,10.421662332955748,2.278295417316258
target,hymod,random,5,90,1.3847820869966863,1.1382771629499375,10.565936999861151,2.306579625234008
target,hymod,random,5,91,1.3847820869966863,1.1382771629499375,10.700441000051796,2.331573000177741
target,hymod,random,5,92,1.3847820869966863,1.1382771629499375,10.835342917125672,2.3597901253961027
target,hymod,random,5,93,1.3847820869966863,1.1382771629499375,10.943132666870952,2.378594667650759
target,hymod,random,5,94,1.3847820869966863,1.1382771629499375,11.04463112493977,2.3968538348563015
target,hymod,random,5,95,1.3847820869966863,1.1382771629499375,11.180797082837671,2.415660209953785
target,hymod,random,5,96,1.3847820869966863,1.1382771629499375,11.315974375233054,2.432650376111269
target,hymod,random,5,97,1.3847820869966863,1.1382771629499375,11.476207583211362,2.4532916261814535
target,hymod,random,5,98,1.3847820869966863,1.1382771629499375,11.624760374892503,2.4889722508378327
target,hymod,random,5,99,1.3847820869966863,1.1382771629499375,11.797642417252064,2.5293463757261634
target,hymod,random,5,100,1.3847820869966863,1.1382771629499375,11.959718375001103,2.5650027506053448
target,hymod,random,5,101,1.3847820869966863,1.1382771629499375,12.10227720811963,2.5976058333180845
target,hymod,random,5,102,1.3847820869966863,1.1382771629499375,12.25561145786196,2.621025833301246
target,hymod,random,5,103,1.3847820869966863,1.1382771629499375,12.415729917120188,2.6502612493932247
target,hymod,random,5,104,1.3847820869966863,1.1382771629499375,12.5737963328138,2.6802166663110256
target,hymod,random,5,105,1.3847820869966863,1.1382771629499375,12.73399699991569,2.7050962084904313
target,hymod,random,5,106,1.3847820869966863,1.1382771629499375,12.880665292032063,2.7270398745313287
target,hymod,random,5,107,1.3847820869966863,1.1382771629499375,13.030387333128601,2.7534798746928573
target,hymod,random,5,108,1.3847820869966863,1.1382771629499375,13.18050383310765,2.7782819159328938
target,hymod,random,5,109,1.3847820869966863,1.1382771629499375,13.331955083180219,2.8054126240313053
target,hymod,random,5,110,1.3847820869966863,1.1382771629499375,13.480226042214781,2.830889123957604
target,hymod,random,5,111,1.3847820869966863,1.1382771629499375,13.633501749951392,2.85835712403059
target,hymod,random,5,112,1.3847820869966863,1.1382771629499375,13.786033667158335,2.884005998726934
target,hymod,random,5,113,1.3847820869966863,1.1382771629499375,13.958262333180755,2.9130543735809624
target,hymod,random,5,114,1.3847820869966863,1.1382771629499375,14.208803624846041,2.9389721234329045
target,hymod,random,5,115,1.3847820869966863,1.1382771629499375,14.37268800009042,2.9649551236070693
target,hymod,random,5,116,1.3847820869966863,1.1382771629499375,14.526208333205432,2.9899372896179557
target,hymod,random,5,117,1.3847820869966863,1.1382771629499375,14.677349832840264,3.015247456729412
target,hymod,random,5,118,1.3847820869966863,1.1382771629499375,14.826556208077818,3.039251957088709
target,hymod,random,5,119,1.3847820869966863,1.1382771629499375,15.020734999794513,3.0718003744259477
target,hymod,random,5,120,1.3847820869966863,1.1382771629499375,15.215094374958426,3.102665499318391
target,hymod,random,5,121,1.3847820869966863,1.1382771629499375,15.467867707833648,3.151689916383475
target,hymod,random,5,122,1.3847820869966863,1.1382771629499375,15.741352958139032,3.2066602911800146
target,hymod,random,5,123,1.3847820869966863,1.1382771629499375,16.031676708254963,3.253741041291505
target,hymod,random,5,124,1.3847820869966863,1.1382771629499375,16.3420440829359,3.3160949582234025
target,hymod,random,5,125,1.3847820869966863,1.1382771629499375,16.539187000133097,3.3518977910280228
target,hymod,random,5,126,1.3847820869966863,1.1382771629499375,16.718142250087112,3.3824658738449216
target,hymod,random,5,127,1.3847820869966863,1.1382771629499375,16.888495333027095,3.410755873657763
target,hymod,random,5,128,1.3847820869966863,1.1382771629499375,17.04318324988708,3.4370524985715747
target,hymod,random,5,129,1.3847820869966863,1.1382771629499375,17.19941879203543,3.46203199820593
target,hymod,random,5,130,1.3847820869966863,1.1382771629499375,17.354695375077426,3.488579540513456
target,hymod,random,5,131,1.3847820869966863,1.1382771629499375,17.516486667096615,3.51956195756793
target,hymod,random,5,132,1.3847820869966863,1.1382771629499375,17.65306133311242,3.5350233325734735
target,hymod,random,5,133,1.3847820869966863,1.1382771629499375,17.83537504216656,3.5620120000094175
target,hymod,random,5,134,1.3847820869966863,1.1382771629499375,18.063901166897267,3.5921927499584854
target,hymod,random,5,135,1.3847820869966863,1.1382771629499375,18.367343374993652,3.6462045828811824
target,hymod,random,5,136,1.3847820869966863,1.1382771629499375,18.563283207826316,3.6758849578909576
target,hymod,random,5,137,1.3847820869966863,1.1382771629499375,18.73805541684851,3.6985252499580383
target,hymod,random,5,138,1.3847820869966863,1.1382771629499375,18.926381167024374,3.726429124828428
target,hymod,random,5,139,1.3847820869966863,1.1382771629499375,19.250699708238244,3.7551871249452233
target,hymod,random,5,140,1.3847820869966863,1.1382771629499375,19.436726917047054,3.7871249997988343
target,hymod,random,5,141,1.3847820869966863,1.1382771629499375,19.6124185831286,3.8129758746363223
target,hymod,random,5,142,1.3847820869966863,1.1382771629499375,19.79043291695416,3.8385963328182697
target,hymod,random,5,143,1.3847820869966863,1.1382771629499375,19.95643816702068,3.861150873824954
target,hymod,random,5,144,1.3847820869966863,1.1382771629499375,20.131077291909605,3.891973373480141
target,hymod,random,5,145,1.3847820869966863,1.1382771629499375,20.33918454218656,3.9250817061401904
target,hymod,random,5,146,1.3847820869966863,1.1382771629499375,20.538221958093345,3.958199413958937
target,hymod,random,5,147,1.3847820869966863,1.1382771629499375,20.719447208102793,3.984847246669233
target,hymod,random,5,148,1.3847820869966863,1.1382771629499375,20.921515416819602,4.015883912798017
target,hymod,random,5,149,1.3847820869966863,1.1382771629499375,21.19505916722119,4.047613620758057
target,hymod,random,5,150,1.3847820869966863,1.1382771629499375,21.5233670421876,4.108016703743488
target,hymod,random,5,151,1.3847820869966863,1.1382771629499375,21.844912291970104,4.1677825367078185
target,hymod,random,5,152,1.3847820869966863,1.1382771629499375,22.110417291987687,4.2029982870444655
target,hymod,random,5,153,1.3847820869966863,1.1382771629499375,22.328734791837633,4.237840329296887
target,hymod,random,5,154,1.3847820869966863,1.1382771629499375,22.488182624801993,4.2580323703587055
target,hymod,random,5,155,1.3847820869966863,1.1382771629499375,22.680941583123058,4.291706662159413
target,hymod,random,5,156,1.3847820869966863,1.1382771629499375,22.84738437505439,4.314982995390892
target,hymod,random,5,157,1.3847820869966863,1.1382771629499375,23.032797291874886,4.335746037308127
target,hymod,random,5,158,1.3847820869966863,1.1382771629499375,23.21862191706896,4.362074245233089
target,hymod,random,5,159,1.3847820869966863,1.1382771629499375,23.42353433324024,4.391106286086142
target,hymod,random,5,160,1.3847820869966863,1.1382771629499375,23.616121416911483,4.418051411397755
target,hymod,random,5,161,1.3847820869966863,1.1382771629499375,23.810531499795616,4.4431176614016294
target,hymod,random,5,162,1.3847820869966863,1.1382771629499375,24.00567787513137,4.471676661632955
target,hymod,random,5,163,1.3847820869966863,1.1382771629499375,24.18767529213801,4.50171061931178
target,hymod,random,5,164,1.3847820869966863,1.1382771629499375,24.367775416933,4.524618411436677
target,hymod,random,5,165,1.3847820869966863,1.1382771629499375,24.728212541900575,4.547271786257625
target,hymod,random,5,166,1.3847820869966863,1.1382771629499375,24.936031917110085,4.58513970207423
target,hymod,random,5,167,1.3847820869966863,1.1382771629499375,25.113496833015233,4.62016491079703
target,hymod,random,5,168,1.3847820869966863,1.1382771629499375,25.324113083072007,4.646461619995534
target,hymod,random,5,169,1.3847820869966863,1.1382771629499375,25.6966792922467,4.701826286967844
target,hymod,random,5,170,1.3847820869966863,1.1382771629499375,26.118635625112802,4.753826078027487
target,hymod,random,5,171,1.3847820869966863,1.1382771629499375,26.461331208236516,4.80151332821697
target,hymod,random,5,172,1.3847820869966863,1.1382771629499375,26.74150629201904,4.832721995189786
target,hymod,random,5,173,1.3847820869966863,1.1382771629499375,26.96163291716948,4.865060454234481
target,hymod,random,5,174,1.3847820869966863,1.1382771629499375,27.180285207927227,4.89433057885617
target,hymod,random,5,175,1.3847820869966863,1.1382771629499375,27.37433070782572,4.9141776617616415
target,hymod,random,5,176,1.3847820869966863,1.1382771629499375,27.585165292024612,4.943330661859363
target,hymod,random,5,177,1.3847820869966863,1.1382771629499375,27.77999133290723,4.968892578966916
target,hymod,random,5,178,1.3847820869966863,1.1382771629499375,27.95983404200524,4.992258744779974
target,hymod,random,5,179,1.3847820869966863,1.1382771629499375,28.123935124836862,5.016512412112206
target,hymod,random,5,180,1.3847820869966863,1.1382771629499375,28.30687929224223,5.043495120946318
target,hymod,random,5,181,1.3847820869966863,1.1382771629499375,28.61319945799187,5.065311745740473
target,hymod,random,5,182,1.3847820869966863,1.1382771629499375,28.835020875092596,5.101795495953411
target,hymod,random,5,183,1.3847820869966863,1.1382771629499375,28.99752033315599,5.122165578883141
target,hymod,random,5,184,1.3847820869966863,1.1382771629499375,29.172129000071436,5.150936163030565
target,hymod,random,5,185,1.3847820869966863,1.1382771629499375,29.385430375114083,5.182117247022688
target,hymod,random,5,186,1.3847820869966863,1.1382771629499375,29.59294854197651,5.2108658300712705
target,hymod,random,5,187,1.3847820869966863,1.1382771629499375,29.800540917087346,5.2362312050536275
target,hymod,random,5,188,1.3847820869966863,1.1382771629499375,30.020920666866004,5.264689913019538
target,hymod,random,5,189,1.3847820869966863,1.1382771629499375,30.20947612496093,5.288808829151094
target,hymod,random,5,190,1.3847820869966863,1.1382771629499375,30.404714750126004,5.31487482925877
target,hymod,random,5,191,1.3847820869966863,1.1382771629499375,30.67088095797226,5.339242287911475
target,hymod,random,5,192,1.3847820869966863,1.1382771629499375,30.86952987499535,5.36356670409441
target,hymod,random,5,193,1.3847820869966863,1.1382771629499375,31.0662222080864,5.390389870386571
target,hymod,random,5,194,1.3847820869966863,1.1382771629499375,31.25726604182273,5.415901787113398
target,hymod,random,5,195,1.3847820869966863,1.1382771629499375,31.474017458036542,5.442180871032178
target,hymod,random,5,196,1.3847820869966863,1.1382771629499375,31.696108958218247,5.471253579016775
target,hymod,random,5,197,1.3847820869966863,1.1382771629499375,31.914786791894585,5.497924579307437
target,hymod,random,5,198,1.3847820869966863,1.1382771629499375,32.12446020822972,5.521382079459727
target,hymod,random,5,199,1.3847820869966863,1.1382771629499375,32.284082333091646,5.538489912170917
target,hymod,random,5,200,1.3847820869966863,1.1382771629499375,32.50333637511358,5.553743662312627
target,hymod,sobol,5,1,3.6017323655044127,1.1382771629499375,0.1327188336290419,0.027296458836644888
target,hymod,sobol,5,2,2.046910292248419,1.1382771629499375,0.2230665418319404,0.052977250423282385
target,hymod,sobol,5,3,2.046910292248419,1.1382771629499375,0.310656416695565,0.0775965005159378
target,hymod,sobol,5,4,2.046910292248419,1.1382771629499375,0.3920657089911401,0.1043606256134808
target,hymod,sobol,5,5,2.046910292248419,1.1382771629499375,0.4743049587123096,0.12778854137286544
target,hymod,sobol,5,6,2.046910292248419,1.1382771629499375,0.5562094170600176,0.15261591644957662
target,hymod,sobol,5,7,2.046910292248419,1.1382771629499375,0.6328635420650244,0.16983074927702546
target,hymod,sobol,5,8,1.320781521999631,1.1382771629499375,0.7177674169652164,0.19492445746436715
target,hymod,sobol,5,9,1.320781521999631,1.1382771629499375,0.7858024588786066,0.212502165697515
target,hymod,sobol,5,10,1.320781521999631,1.1382771629499375,0.8670312496833503,0.2338418746367097
target,hymod,sobol,5,11,1.320781521999631,1.1382771629499375,0.9440991668961942,0.25198670756071806
target,hymod,sobol,5,12,1.320781521999631,1.1382771629499375,1.0270316246896982,0.27599545754492283
target,hymod,sobol,5,13,1.320781521999631,1.1382771629499375,1.118167958687991,0.3016982078552246
target,hymod,sobol,5,14,1.320781521999631,1.1382771629499375,1.2051786668598652,0.32529204059392214
target,hymod,sobol,5,15,1.320781521999631,1.1382771629499375,1.2975796670652926,0.3508638315834105
target,hymod,sobol,5,16,1.320781521999631,1.1382771629499375,1.3873544167727232,0.37720845686271787
target,hymod,sobol,5,17,1.320781521999631,1.1382771629499375,1.4720833338797092,0.3978014145977795
target,hymod,sobol,5,18,1.320781521999631,1.1382771629499375,1.5598182086832821,0.42232349747791886
target,hymod,sobol,5,19,1.320781521999631,1.1382771629499375,1.6403908338397741,0.4457190395332873
target,hymod,sobol,5,20,1.320781521999631,1.1382771629499375,1.718766124919057,0.46739337220788
target,hymod,sobol,5,21,1.320781521999631,1.1382771629499375,1.7898453339003026,0.4895832887850702
target,hymod,sobol,5,22,1.320781521999631,1.1382771629499375,1.8622732497751713,0.5040022889152169
target,hymod,sobol,5,23,1.320781521999631,1.1382771629499375,1.935115166939795,0.5223780809901655
target,hymod,sobol,5,24,1.320781521999631,1.1382771629499375,2.008775583934039,0.5394049980677664
target,hymod,sobol,5,25,1.320781521999631,1.1382771629499375,2.0797815420664847,0.5560155399143696
target,hymod,sobol,5,26,1.320781521999631,1.1382771629499375,2.1576381670311093,0.572822080925107
target,hymod,sobol,5,27,1.320781521999631,1.1382771629499375,2.2452165838330984,0.5903257471509278
target,hymod,sobol,5,28,1.320781521999631,1.1382771629499375,2.33218887494877,0.612031789496541
target,hymod,sobol,5,29,1.320781521999631,1.1382771629499375,2.405241542030126,0.6301826224662364
target,hymod,sobol,5,30,1.320781521999631,1.1382771629499375,2.4805684997700155,0.6472529554739594
target,hymod,sobol,5,31,1.320781521999631,1.1382771629499375,2.587912749964744,0.6768600386567414
target,hymod,sobol,5,32,1.320781521999631,1.1382771629499375,2.6765435417182744,0.69522266369313
target,hymod,sobol,5,33,1.320781521999631,1.1382771629499375,2.7706101667135954,0.7174522886052728
target,hymod,sobol,5,34,1.320781521999631,1.1382771629499375,2.842961333692074,0.7354090386070311
target,hymod,sobol,5,35,1.320781521999631,1.1382771629499375,2.920686958823353,0.7495193309150636
target,hymod,sobol,5,36,1.320781521999631,1.1382771629499375,3.0061411247588694,0.7678579967468977
target,hymod,sobol,5,37,1.320781521999631,1.1382771629499375,3.1029682089574635,0.7936699548736215
target,hymod,sobol,5,38,1.320781521999631,1.1382771629499375,3.206316417083144,0.8176784971728921
target,hymod,sobol,5,39,1.320781521999631,1.1382771629499375,3.3212984590791166,0.844087497331202
target,hymod,sobol,5,40,1.320781521999631,1.1382771629499375,3.4421615418978035,0.8757557882927358
target,hymod,sobol,5,41,1.320781521999631,1.1382771629499375,3.557963208761066,0.905285288579762
target,hymod,sobol,5,42,1.320781521999631,1.1382771629499375,3.654789791908115,0.927385788410902
target,hymod,sobol,5,43,1.320781521999631,1.1382771629499375,3.75623479206115,0.9514802056364715
target,hymod,sobol,5,44,1.320781521999631,1.1382771629499375,3.8638937920331955,0.977223205845803
target,hymod,sobol,5,45,1.320781521999631,1.1382771629499375,3.9707293338142335,1.0029231649823487
target,hymod,sobol,5,46,1.320781521999631,1.1382771629499375,4.078369624912739,1.0273539987392724
target,hymod,sobol,5,47,1.320781521999631,1.1382771629499375,4.178838249761611,1.0494906660169363
target,hymod,sobol,5,48,1.320781521999631,1.1382771629499375,4.278371791820973,1.072511165868491
target,hymod,sobol,5,49,1.320781521999631,1.1382771629499375,4.377792791929096,1.0958615406416357
target,hymod,sobol,5,50,1.320781521999631,1.1382771629499375,4.475740083958954,1.1174022485502064
target,hymod,sobol,5,51,1.320781521999631,1.1382771629499375,4.573097249958664,1.1386274565011263
target,hymod,sobol,5,52,1.320781521999631,1.1382771629499375,4.670616541989148,1.1609629564918578
target,hymod,sobol,5,53,1.320781521999631,1.1382771629499375,4.770563124679029,1.1833164151757956
target,hymod,sobol,5,54,1.320781521999631,1.1382771629499375,4.8659665416926146,1.204655331093818
target,hymod,sobol,5,55,1.320781521999631,1.1382771629499375,4.958683250006288,1.22405620617792
target,hymod,sobol,5,56,1.320781521999631,1.1382771629499375,5.048882124945521,1.2429341650567949
target,hymod,sobol,5,57,1.320781521999631,1.1382771629499375,5.133764416910708,1.2586912480182946
target,hymod,sobol,5,58,1.320781521999631,1.1382771629499375,5.216192916966975,1.2736893729306757
target,hymod,sobol,5,59,1.320781521999631,1.1382771629499375,5.308898749761283,1.290402039885521
target,hymod,sobol,5,60,1.320781521999631,1.1382771629499375,5.396348292008042,1.307573831640184
target,hymod,sobol,5,61,1.320781521999631,1.1382771629499375,5.495623708702624,1.3273992068134248
target,hymod,sobol,5,62,1.320781521999631,1.1382771629499375,5.607100958935916,1.349982290994376
target,hymod,sobol,5,63,1.320781521999631,1.1382771629499375,5.704250624869019,1.3730979156680405
target,hymod,sobol,5,64,1.320781521999631,1.1382771629499375,5.817129499744624,1.4001358738169074
target,hymod,sobol,5,65,1.320781521999631,1.1382771629499375,5.900668041780591,1.4188702069222927
target,hymod,sobol,5,66,1.320781521999631,1.1382771629499375,5.975322833750397,1.4335361239500344
target,hymod,sobol,5,67,1.320781521999631,1.1382771629499375,6.0715287500061095,1.4474597070366144
target,hymod,sobol,5,68,1.320781521999631,1.1382771629499375,6.187398749869317,1.4713800819590688
target,hymod,sobol,5,69,1.320781521999631,1.1382771629499375,6.312012624926865,1.4989727912470698
target,hymod,sobol,5,70,1.320781521999631,1.1382771629499375,6.4469721666537225,1.5266095413826406
target,hymod,sobol,5,71,1.320781521999631,1.1382771629499375,6.565466208849102,1.5518531245179474
target,hymod,sobol,5,72,1.320781521999631,1.1382771629499375,6.77378279203549,1.5783056244254112
target,hymod,sobol,5,73,1.320781521999631,1.1382771629499375,6.9013694589957595,1.6025716243311763
target,hymod,sobol,5,74,1.320781521999631,1.1382771629499375,7.025310541968793,1.6266164584085345
target,hymod,sobol,5,75,1.320781521999631,1.1382771629499375,7.13757041702047,1.6481747911311686
target,hymod,sobol,5,76,1.320781521999631,1.1382771629499375,7.257997208740562,1.6712385835126042
target,hymod,sobol,5,77,1.320781521999631,1.1382771629499375,7.371089333668351,1.6928027085959911
target,hymod,sobol,5,78,1.320781521999631,1.1382771629499375,7.482949458993971,1.7143822088837624
target,hymod,sobol,5,79,1.320781521999631,1.1382771629499375,7.595556583721191,1.7363201677799225
target,hymod,sobol,5,80,1.320781521999631,1.1382771629499375,7.7129710000008345,1.7598114586435258
target,hymod,sobol,5,81,1.320781521999631,1.1382771629499375,7.821424916852266,1.781891749240458
target,hymod,sobol,5,82,1.320781521999631,1.1382771629499375,7.923301999922842,1.798168707638979
target,hymod,sobol,5,83,1.320781521999631,1.1382771629499375,8.023701583966613,1.8184619159437716
target,hymod,sobol,5,84,1.320781521999631,1.1382771629499375,8.136770749930292,1.8394227069802582
target,hymod,sobol,5,85,1.320781521999631,1.1382771629499375,8.245806791819632,1.8625320396386087
target,hymod,sobol,5,86,1.320781521999631,1.1382771629499375,8.368093041703105,1.8877601237036288
target,hymod,sobol,5,87,1.320781521999631,1.1382771629499375,8.4583132090047,1.9042383739724755
target,hymod,sobol,5,88,1.320781521999631,1.1382771629499375,8.543781667016447,1.9196392078883946
target,hymod,sobol,5,89,1.320781521999631,1.1382771629499375,8.631655791774392,1.9347505830228329
target,hymod,sobol,5,90,1.320781521999631,1.1382771629499375,8.770199167076498,1.9591522081755102
target,hymod,sobol,5,91,1.320781521999631,1.1382771629499375,8.908310999628156,1.9839764581993222
target,hymod,sobol,5,92,1.320781521999631,1.1382771629499375,9.05361616704613,2.0109769999980927
target,hymod,sobol,5,93,1.320781521999631,1.1382771629499375,9.168377167079598,2.0326187079772353
target,hymod,sobol,5,94,1.320781521999631,1.1382771629499375,9.263770584017038,2.0487025412730873
target,hymod,sobol,5,95,1.320781521999631,1.1382771629499375,9.359152249991894,2.0640900004655123
target,hymod,sobol,5,96,1.320781521999631,1.1382771629499375,9.474182958714664,2.0815630424767733
target,hymod,sobol,5,97,1.320781521999631,1.1382771629499375,9.622730833943933,2.1030037505552173
target,hymod,sobol,5,98,1.320781521999631,1.1382771629499375,9.772488124668598,2.129231250844896
target,hymod,sobol,5,99,1.320781521999631,1.1382771629499375,9.925584834069014,2.1520170415751636
target,hymod,sobol,5,100,1.320781521999631,1.1382771629499375,10.068834291771054,2.1784582915715873
target,hymod,sobol,5,101,1.320781521999631,1.1382771629499375,10.209377374965698,2.2042099577374756
target,hymod,sobol,5,102,1.320781521999631,1.1382771629499375,10.332559166941792,2.22417033277452
target,hymod,sobol,5,103,1.320781521999631,1.1382771629499375,10.458723624702543,2.2438899157568812
target,hymod,sobol,5,104,1.320781521999631,1.1382771629499375,10.587277249898762,2.2603990407660604
target,hymod,sobol,5,105,1.320781521999631,1.1382771629499375,10.723416708875448,2.2878140406683087
target,hymod,sobol,5,106,1.320781521999631,1.1382771629499375,10.844535917043686,2.310487915761769
target,hymod,sobol,5,107,1.320781521999631,1.1382771629499375,10.958536874968559,2.3334325407631695
target,hymod,sobol,5,108,1.320781521999631,1.1382771629499375,11.090504666790366,2.3501123734749854
target,hymod,sobol,5,109,1.320781521999631,1.1382771629499375,11.210252208635211,2.36842049844563
target,hymod,sobol,5,110,1.320781521999631,1.1382771629499375,11.329055916983634,2.3889218317344785
target,hymod,sobol,5,111,1.320781521999631,1.1382771629499375,11.480724999681115,2.418375956825912
target,hymod,sobol,5,112,1.320781521999631,1.1382771629499375,11.630463749635965,2.4360840395092964
target,hymod,sobol,5,113,1.320781521999631,1.1382771629499375,11.776523708831519,2.4616941646672785
target,hymod,sobol,5,114,1.320781521999631,1.1382771629499375,11.913855124730617,2.4862261647358537
target,hymod,sobol,5,115,1.320781521999631,1.1382771629499375,12.051727917045355,2.5080415816046298
target,hymod,sobol,5,116,1.320781521999631,1.1382771629499375,12.190283624920994,2.5326575408689678
target,hymod,sobol,5,117,1.320781521999631,1.1382771629499375,12.359781041741371,2.5613022069446743
target,hymod,sobol,5,118,1.320781521999631,1.1382771629499375,12.505776499863714,2.585438040550798
target,hymod,sobol,5,119,1.320781521999631,1.1382771629499375,12.65390520868823,2.607857665512711
target,hymod,sobol,5,120,1.320781521999631,1.1382771629499375,12.80311533389613,2.6292575825937092
target,hymod,sobol,5,121,1.320781521999631,1.1382771629499375,13.007786208763719,2.6513439156115055
target,hymod,sobol,5,122,1.320781521999631,1.1382771629499375,13.138144916854799,2.6713343737646937
target,hymod,sobol,5,123,1.320781521999631,1.1382771629499375,13.269962166901678,2.692694414872676
target,hymod,sobol,5,124,1.320781521999631,1.1382771629499375,13.40365279186517,2.710583498235792
target,hymod,sobol,5,125,1.320781521999631,1.1382771629499375,13.531114916782826,2.7277951654978096
target,hymod,sobol,5,126,1.320781521999631,1.1382771629499375,13.662014416884631,2.7431292487308383
target,hymod,sobol,5,127,1.320781521999631,1.1382771629499375,13.773301583714783,2.761478457134217
target,hymod,sobol,5,128,1.320781521999631,1.1382771629499375,13.876406291965395,2.777293749153614
target,hymod,sobol,5,129,1.320781521999631,1.1382771629499375,14.01168845873326,2.795524915214628
target,hymod,sobol,5,130,1.320781521999631,1.1382771629499375,14.18882141681388,2.8241041232831776
target,hymod,sobol,5,131,1.320781521999631,1.1382771629499375,14.345033874735236,2.8479830813594162
target,hymod,sobol,5,132,1.320781521999631,1.1382771629499375,14.509183791931719,2.8746596653945744
target,hymod,sobol,5,133,1.320781521999631,1.1382771629499375,14.671473084017634,2.9007360404357314
target,hymod,sobol,5,134,1.320781521999631,1.1382771629499375,14.834350291639566,2.9258069563657045
target,hymod,sobol,5,135,1.320781521999631,1.1382771629499375,14.99153666663915,2.94868645677343
target,hymod,sobol,5,136,1.320781521999631,1.1382771629499375,15.135141708888113,2.972431997768581
target,hymod,sobol,5,137,1.320781521999631,1.1382771629499375,15.27764983382076,2.99502666387707
target,hymod,sobol,5,138,1.320781521999631,1.1382771629499375,15.420409791637212,3.01629283092916
target,hymod,sobol,5,139,1.320781521999631,1.1382771629499375,15.563839791808277,3.0377003718167543
target,hymod,sobol,5,140,1.320781521999631,1.1382771629499375,15.707002500072122,3.060465954709798
target,hymod,sobol,5,141,1.320781521999631,1.1382771629499375,16.19677049992606,3.0846724957227707
target,hymod,sobol,5,142,1.320781521999631,1.1382771629499375,16.531152499839664,3.1339032878167927
target,hymod,sobol,5,143,1.320781521999631,1.1382771629499375,16.747914999723434,3.170341996010393
target,hymod,sobol,5,144,1.320781521999631,1.1382771629499375,16.89650124963373,3.198573245666921
target,hymod,sobol,5,145,1.320781521999631,1.1382771629499375,17.009300166741014,3.21456291154027
target,hymod,sobol,5,146,1.320781521999631,1.1382771629499375,17.125395916868,3.2303602867759764
target,hymod,sobol,5,147,1.320781521999631,1.1382771629499375,17.288902000058442,3.2452781195752323
target,hymod,sobol,5,148,1.320781521999631,1.1382771629499375,17.505167874973267,3.2838775357231498
target,hymod,sobol,5,149,1.320781521999631,1.1382771629499375,17.68664991669357,3.3170162024907768
target,hymod,sobol,5,150,1.320781521999631,1.1382771629499375,17.888864459004253,3.35039128549397
target,hymod,sobol,5,151,1.320781521999631,1.1382771629499375,18.089118166826665,3.38016553549096
target,hymod,sobol,5,152,1.320781521999631,1.1382771629499375,18.28325324971229,3.409864868503064
target,hymod,sobol,5,153,1.320781521999631,1.1382771629499375,18.473365833982825,3.4372277022339404
target,hymod,sobol,5,154,1.320781521999631,1.1382771629499375,18.65107616689056,3.4626224930398166
target,hymod,sobol,5,155,1.320781521999631,1.1382771629499375,18.808175249956548,3.483110160101205
target,hymod,sobol,5,156,1.320781521999631,1.1382771629499375,18.95635712472722,3.5015089102089405
target,hymod,sobol,5,157,1.320781521999631,1.1382771629499375,19.13113854173571,3.526684535201639
target,hymod,sobol,5,158,1.320781521999631,1.1382771629499375,19.2924923337996,3.558351368177682
target,hymod,sobol,5,159,1.320781521999631,1.1382771629499375,19.473337458912283,3.5831611179746687
target,hymod,sobol,5,160,1.320781521999631,1.1382771629499375,19.632239083759487,3.601287826895714
target,hymod,sobol,5,161,1.320781521999631,1.1382771629499375,19.813044583890587,3.6218761187046766
target,hymod,sobol,5,162,1.320781521999631,1.1382771629499375,20.007223249878734,3.6563667855225503
target,hymod,sobol,5,163,1.320781521999631,1.1382771629499375,20.17607979197055,3.671795202884823
target,hymod,sobol,5,164,1.320781521999631,1.1382771629499375,20.434127791784704,3.6891755359247327
target,hymod,sobol,5,165,1.320781521999631,1.1382771629499375,20.621397874783725,3.715059910900891
target,hymod,sobol,5,166,1.3089552139106073,1.1382771629499375,20.796572749968618,3.7338870777748525
target,hymod,sobol,5,167,1.3089552139106073,1.1382771629499375,20.971339209005237,3.752528994809836
target,hymod,sobol,5,168,1.3089552139106073,1.1382771629499375,21.160374958999455,3.785717036575079
target,hymod,sobol,5,169,1.3089552139106073,1.1382771629499375,21.35836474969983,3.8116391198709607
target,hymod,sobol,5,170,1.3089552139106073,1.1382771629499375,21.597228459082544,3.83233366208151
target,hymod,sobol,5,171,1.3089552139106073,1.1382771629499375,21.80570699973032,3.8604357871226966
target,hymod,sobol,5,172,1.3089552139106073,1.1382771629499375,22.02615562500432,3.891996704041958
target,hymod,sobol,5,173,1.3089552139106073,1.1382771629499375,22.439761084038764,3.9340759543702006
target,hymod,sobol,5,174,1.3089552139106073,1.1382771629499375,22.908033541869372,4.020451662596315
target,hymod,sobol,5,175,1.3089552139106073,1.1382771629499375,23.28044995898381,4.071915245614946
target,hymod,sobol,5,176,1.3089552139106073,1.1382771629499375,23.556412708945572,4.108053162693977
target,hymod,sobol,5,177,1.3089552139106073,1.1382771629499375,23.787713749799877,4.142465454526246
target,hymod,sobol,5,178,1.3089552139106073,1.1382771629499375,23.97935541672632,4.168419371824712
target,hymod,sobol,5,179,1.3089552139106073,1.1382771629499375,24.181436041835696,4.1879902058281
target,hymod,sobol,5,180,1.3089552139106073,1.1382771629499375,24.377369083929807,4.213322373107076
target,hymod,sobol,5,181,1.3089552139106073,1.1382771629499375,24.565846333745867,4.239467957057059
target,hymod,sobol,5,182,1.3089552139106073,1.1382771629499375,24.857187833637,4.266590832266957
target,hymod,sobol,5,183,1.3089552139106073,1.1382771629499375,25.045202708803117,4.292216416448355
target,hymod,sobol,5,184,1.3089552139106073,1.1382771629499375,25.233981874771416,4.314418874215335
target,hymod,sobol,5,185,1.3089552139106073,1.1382771629499375,25.47267070878297,4.3500648331828415
target,hymod,sobol,5,186,1.3089552139106073,1.1382771629499375,25.698164917062968,4.375016498845071
target,hymod,sobol,5,187,1.3089552139106073,1.1382771629499375,25.91645266674459,4.403062749188393
target,hymod,sobol,5,188,1.3089552139106073,1.1382771629499375,26.14109000004828,4.431233624462038
target,hymod,sobol,5,189,1.3089552139106073,1.1382771629499375,26.3367970418185,4.45189816551283
target,hymod,sobol,5,190,1.3089552139106073,1.1382771629499375,26.556290708947927,4.480387832503766
target,hymod,sobol,5,191,1.3089552139106073,1.1382771629499375,26.8276072088629,4.500723124481738
target,hymod,sobol,5,192,1.3089552139106073,1.1382771629499375,27.00671916687861,4.518709124531597
target,hymod,sobol,5,193,1.3089552139106073,1.1382771629499375,27.205098708625883,4.550078832544386
target,hymod,sobol,5,194,1.3089552139106073,1.1382771629499375,27.413115416653454,4.57586474949494
target,hymod,sobol,5,195,1.3089552139106073,1.1382771629499375,27.596800583880395,4.593388874549419
target,hymod,sobol,5,196,1.3089552139106073,1.1382771629499375,27.834817041642964,4.624162665568292
target,hymod,sobol,5,197,1.3089552139106073,1.1382771629499375,28.062006500083953,4.654133915435523
target,hymod,sobol,5,198,1.3089552139106073,1.1382771629499375,28.27816183399409,4.682169707491994
target,hymod,sobol,5,199,1.3089552139106073,1.1382771629499375,28.478375291917473,4.707642957568169
target,hymod,sobol,5,200,1.3089552139106073,1.1382771629499375,28.900379749946296,4.750547665171325
target,hymod,random,6,1,4.375848891220904,1.1382771629499375,0.230425791349262,0.06110941618680954
target,hymod,random,6,2,2.5853353589516446,1.1382771629499375,0.3690074160695076,0.13262445712462068
target,hymod,random,6,3,2.5853353589516446,1.1382771629499375,0.4968310412950814,0.1718587069772184
target,hymod,random,6,4,2.0233737345402583,1.1382771629499375,0.6051220833323896,0.2100059986114502
target,hymod,random,6,5,2.0233737345402583,1.1382771629499375,0.699694833252579,0.23756204079836607
target,hymod,random,6,6,2.0233737345402583,1.1382771629499375,0.7949801660142839,0.26585841551423073
target,hymod,random,6,7,1.663916834152555,1.1382771629499375,0.8954909583553672,0.29696112452074885
target,hymod,random,6,8,1.663916834152555,1.1382771629499375,0.9936752081848681,0.3276203745044768
target,hymod,random,6,9,1.663916834152555,1.1382771629499375,1.088545000180602,0.35645108250901103
target,hymod,random,6,10,1.663916834152555,1.1382771629499375,1.1824225829914212,0.3867599982768297
target,hymod,random,6,11,1.663916834152555,1.1382771629499375,1.255861375015229,0.408697706181556
target,hymod,random,6,12,1.663916834152555,1.1382771629499375,1.321487625129521,0.4274884141050279
target,hymod,random,6,13,1.663916834152555,1.1382771629499375,1.4076110003516078,0.4493596642278135
target,hymod,random,6,14,1.663916834152555,1.1382771629499375,1.5186726660467684,0.4716585394926369
target,hymod,random,6,15,1.663916834152555,1.1382771629499375,1.617432041093707,0.4959342060610652
target,hymod,random,6,16,1.663916834152555,1.1382771629499375,1.741529915947467,0.5295831649564207
target,hymod,random,6,17,1.663916834152555,1.1382771629499375,1.8307074159383774,0.5543150817975402
target,hymod,random,6,18,1.663916834152555,1.1382771629499375,1.926446583122015,0.5848456649109721
target,hymod,random,6,19,1.663916834152555,1.1382771629499375,2.0143033331260085,0.6094161230139434
target,hymod,random,6,20,1.663916834152555,1.1382771629499375,2.1100489161908627,0.6291552484035492
target,hymod,random,6,21,1.663916834152555,1.1382771629499375,2.228946375194937,0.661264915484935
target,hymod,random,6,22,1.663916834152555,1.1382771629499375,2.3333786660805345,0.6879617073573172
target,hymod,random,6,23,1.3396716231219763,1.1382771629499375,2.44304645806551,0.7183851241134107
target,hymod,random,6,24,1.3396716231219763,1.1382771629499375,2.5494381659664214,0.7467190832830966
target,hymod,random,6,25,1.3396716231219763,1.1382771629499375,2.653558582998812,0.7768441676162183
target,hymod,random,6,26,1.2004920763963522,1.1382771629499375,2.7530662501230836,0.8017130838707089
target,hymod,random,6,27,1.2004920763963522,1.1382771629499375,2.86059383302927,0.8279154999181628
target,hymod,random,6,28,1.2004920763963522,1.1382771629499375,2.971227833069861,0.8552435417659581
target,hymod,random,6,29,1.2004920763963522,1.1382771629499375,3.066351250279695,0.8787080417387187
target,hymod,random,6,30,1.2004920763963522,1.1382771629499375,3.1570266662165523,0.8981273747049272
target,hymod,random,6,31,1.2004920763963522,1.1382771629499375,3.248749583028257,0.917114915791899
target,hymod,random,6,32,1.2004920763963522,1.1382771629499375,3.3485424160026014,0.9416452911682427
target,hymod,random,6,33,1.2004920763963522,1.1382771629499375,3.47676262492314,0.9794898331165314
target,hymod,random,6,34,1.2004920763963522,1.1382771629499375,3.5885085412301123,1.0009865835309029
target,hymod,random,6,35,1.2004920763963522,1.1382771629499375,3.7149733332917094,1.033857791684568
target,hymod,random,6,36,1.2004920763963522,1.1382771629499375,3.819150208029896,1.061752000823617
target,hymod,random,6,37,1.2004920763963522,1.1382771629499375,3.9353258330374956,1.0895060426555574
target,hymod,random,6,38,1.2004920763963522,1.1382771629499375,4.137382958084345,1.1162742096930742
target,hymod,random,6,39,1.2004920763963522,1.1382771629499375,4.230716625228524,1.1346992924809456
target,hymod,random,6,40,1.2004920763963522,1.1382771629499375,4.330676625017077,1.154325875453651
target,hymod,random,6,41,1.2004920763963522,1.1382771629499375,4.4232529159635305,1.170862042810768
target,hymod,random,6,42,1.2004920763963522,1.1382771629499375,4.525813000276685,1.1867051268927753
target,hymod,random,6,43,1.2004920763963522,1.1382771629499375,4.659309291280806,1.2217700849287212
target,hymod,random,6,44,1.2004920763963522,1.1382771629499375,4.7470583752729,1.24385337671265
target,hymod,random,6,45,1.2004920763963522,1.1382771629499375,4.843421750236303,1.2605992518365383
target,hymod,random,6,46,1.2004920763963522,1.1382771629499375,4.945129415951669,1.2926147519610822
target,hymod,random,6,47,1.2004920763963522,1.1382771629499375,5.097508875187486,1.3283407520502806
target,hymod,random,6,48,1.2004920763963522,1.1382771629499375,5.225994833279401,1.358390626963228
target,hymod,random,6,49,1.2004920763963522,1.1382771629499375,5.351175791118294,1.3863250017166138
target,hymod,random,6,50,1.2004920763963522,1.1382771629499375,5.459810416214168,1.4092348767444491
target,hymod,random,6,51,1.2004920763963522,1.1382771629499375,5.564386875368655,1.4311575018800795
target,hymod,random,6,52,1.2004920763963522,1.1382771629499375,5.704715541098267,1.4654960022307932
target,hymod,random,6,53,1.2004920763963522,1.1382771629499375,5.826840166002512,1.491943167988211
target,hymod,random,6,54,1.2004920763963522,1.1382771629499375,5.9579360000789165,1.5219971272163093
target,hymod,random,6,55,1.2004920763963522,1.1382771629499375,6.084955416154116,1.5528782112523913
target,hymod,random,6,56,1.2004920763963522,1.1382771629499375,6.206124749965966,1.5809609205462039
target,hymod,random,6,57,1.2004920763963522,1.1382771629499375,6.3388499999418855,1.6110424613580108
target,hymod,random,6,58,1.2004920763963522,1.1382771629499375,6.463176416233182,1.6362995030358434
target,hymod,random,6,59,1.2004920763963522,1.1382771629499375,6.593965000007302,1.664453003089875
target,hymod,random,6,60,1.2004920763963522,1.1382771629499375,6.728645165916532,1.694445628207177
target,hymod,random,6,61,1.2004920763963522,1.1382771629499375,6.857049125246704,1.7243893365375698
target,hymod,random,6,62,1.2004920763963522,1.1382771629499375,6.973412208259106,1.7502975864335895
target,hymod,random,6,63,1.2004920763963522,1.1382771629499375,7.075478082988411,1.7711233366280794
target,hymod,random,6,64,1.2004920763963522,1.1382771629499375,7.165692291222513,1.7894821697846055
target,hymod,random,6,65,1.2004920763963522,1.1382771629499375,7.357155499979854,1.8260790039785206
target,hymod,random,6,66,1.2004920763963522,1.1382771629499375,7.663837207946926,1.8823301712982357
target,hymod,random,6,67,1.2004920763963522,1.1382771629499375,7.923171333037317,1.936216046102345
target,hymod,random,6,68,1.2004920763963522,1.1382771629499375,8.150499916169792,1.9869561288505793
target,hymod,random,6,69,1.2004920763963522,1.1382771629499375,8.420031333342195,2.0829013381153345
target,hymod,random,6,70,1.2004920763963522,1.1382771629499375,8.663178166374564,2.1287756711244583
target,hymod,random,6,71,1.2004920763963522,1.1382771629499375,8.867619958240539,2.1718855458311737
target,hymod,random,6,72,1.2004920763963522,1.1382771629499375,9.023223625030369,2.2022490459494293
target,hymod,random,6,73,1.2004920763963522,1.1382771629499375,9.162633166182786,2.2299075457267463
target,hymod,random,6,74,1.2004920763963522,1.1382771629499375,9.301489375066012,2.258470920380205
target,hymod,random,6,75,1.2004920763963522,1.1382771629499375,9.43984662508592,2.2865358786657453
target,hymod,random,6,76,1.2004920763963522,1.1382771629499375,9.5686772079207,2.311677461490035
target,hymod,random,6,77,1.2004920763963522,1.1382771629499375,9.69123554136604,2.333695044275373
target,hymod,random,6,78,1.2004920763963522,1.1382771629499375,9.82239633332938,2.3594778361730278
target,hymod,random,6,79,1.2004920763963522,1.1382771629499375,9.946702958084643,2.3830918772146106
target,hymod,random,6,80,1.2004920763963522,1.1382771629499375,10.073795791249722,2.407415002118796
target,hymod,random,6,81,1.2004920763963522,1.1382771629499375,10.204692208208144,2.433669835794717
target,hymod,random,6,82,1.2004920763963522,1.1382771629499375,10.335353625006974,2.458883418701589
target,hymod,random,6,83,1.2004920763963522,1.1382771629499375,10.459563291165978,2.48265183577314
target,hymod,random,6,84,1.2004920763963522,1.1382771629499375,10.581943333148956,2.5044380016624928
target,hymod,random,6,85,1.2004920763963522,1.1382771629499375,10.701219208072871,2.523582293651998
target,hymod,random,6,86,1.2004920763963522,1.1382771629499375,10.850228333380073,2.5399693357758224
target,hymod,random,6,87,1.2004920763963522,1.1382771629499375,11.070757625158876,2.6045835027471185
target,hymod,random,6,88,1.2004920763963522,1.1382771629499375,11.318896958138794,2.6969124604947865
target,hymod,random,6,89,1.2004920763963522,1.1382771629499375,11.561561750248075,2.7850641263648868
target,hymod,random,6,90,1.2004920763963522,1.1382771629499375,11.72091683326289,2.8135755015537143
target,hymod,random,6,91,1.2004920763963522,1.1382771629499375,11.876839041244239,2.838220042642206
target,hymod,random,6,92,1.2004920763963522,1.1382771629499375,12.043096791021526,2.8686595833860338
target,hymod,random,6,93,1.2004920763963522,1.1382771629499375,12.198870040941983,2.8961799992248416
target,hymod,random,6,94,1.2004920763963522,1.1382771629499375,12.345958583056927,2.9260862916707993
target,hymod,random,6,95,1.2004920763963522,1.1382771629499375,12.482116790954024,2.9518382498063147
target,hymod,random,6,96,1.2004920763963522,1.1382771629499375,12.618863041047007,2.977368750143796
target,hymod,random,6,97,1.2004920763963522,1.1382771629499375,12.76162291597575,3.003639332950115
target,hymod,random,6,98,1.2004920763963522,1.1382771629499375,12.907594208139926,3.0309674157761037
target,hymod,random,6,99,1.2004920763963522,1.1382771629499375,13.05050937505439,3.0577645828016102
target,hymod,random,6,100,1.2004920763963522,1.1382771629499375,13.190596625208855,3.0826083747670054
target,hymod,random,6,101,1.2004920763963522,1.1382771629499375,13.344265582971275,3.1078860824927688
target,hymod,random,6,102,1.2004920763963522,1.1382771629499375,13.488066541031003,3.1324368747882545
target,hymod,random,6,103,1.2004920763963522,1.1382771629499375,13.61159300012514,3.151820708066225
target,hymod,random,6,104,1.2004920763963522,1.1382771629499375,13.829615416005254,3.1757989581674337
target,hymod,random,6,105,1.2004920763963522,1.1382771629499375,14.170556541066617,3.2659761658869684
target,hymod,random,6,106,1.2004920763963522,1.1382771629499375,14.481967416126281,3.362842874135822
target,hymod,random,6,107,1.2004920763963522,1.1382771629499375,14.784356875345111,3.394151666201651
target,hymod,random,6,108,1.2004920763963522,1.1382771629499375,15.01379150012508,3.463996499311179
target,hymod,random,6,109,1.2004920763963522,1.1382771629499375,15.223059375304729,3.497097998857498
target,hymod,random,6,110,1.2004920763963522,1.1382771629499375,15.411663125269115,3.537488415837288
target,hymod,random,6,111,1.2004920763963522,1.1382771629499375,15.696902750059962,3.567233166191727
target,hymod,random,6,112,1.2004920763963522,1.1382771629499375,15.863268000073731,3.5969494162127376
target,hymod,random,6,113,1.2004920763963522,1.1382771629499375,16.022927457932383,3.6245428738184273
target,hymod,random,6,114,1.2004920763963522,1.1382771629499375,16.186286541167647,3.6495322077535093
target,hymod,random,6,115,1.2004920763963522,1.1382771629499375,16.31303941598162,3.6701367907226086
target,hymod,random,6,116,1.2004920763963522,1.1382771629499375,16.41974600031972,3.6868925406597555
target,hymod,random,6,117,1.2004920763963522,1.1382771629499375,16.587565041147172,3.7226520404219627
target,hymod,random,6,118,1.2004920763963522,1.1382771629499375,16.733306874986738,3.743597623426467
target,hymod,random,6,119,1.2004920763963522,1.1382771629499375,16.879669750109315,3.765498581342399
target,hymod,random,6,120,1.2004920763963522,1.1382771629499375,17.03102858318016,3.7898185811936855
target,hymod,random,6,121,1.2004920763963522,1.1382771629499375,17.15796812530607,3.8094317470677197
target,hymod,random,6,122,1.2004920763963522,1.1382771629499375,17.288630250375718,3.8316467883996665
target,hymod,random,6,123,1.2004920763963522,1.1382771629499375,17.431693375110626,3.849748538341373
target,hymod,random,6,124,1.2004920763963522,1.1382771629499375,17.60050250031054,3.8738155802711844
target,hymod,random,6,125,1.2004920763963522,1.1382771629499375,17.747846249956638,3.8915114970877767
target,hymod,random,6,126,1.2004920763963522,1.1382771629499375,17.89240170828998,3.910459538921714
target,hymod,random,6,127,1.2004920763963522,1.1382771629499375,18.052693833131343,3.927267956081778
target,hymod,random,6,128,1.2004920763963522,1.1382771629499375,18.229139041155577,3.956340498290956
target,hymod,random,6,129,1.2004920763963522,1.1382771629499375,18.354670458007604,3.977116290014237
target,hymod,random,6,130,1.2004920763963522,1.1382771629499375,18.558858500327915,4.012721914798021
target,hymod,random,6,131,1.2004920763963522,1.1382771629499375,18.71663225023076,4.03359891474247
target,hymod,random,6,132,1.2004920763963522,1.1382771629499375,18.864705791231245,4.054765414912254
target,hymod,random,6,133,1.2004920763963522,1.1382771629499375,19.045131041202694,4.0807739570736885
target,hymod,random,6,134,1.2004920763963522,1.1382771629499375,19.214528458192945,4.1107564573176205
target,hymod,random,6,135,1.2004920763963522,1.1382771629499375,19.371040625032037,4.133925415109843
target,hymod,random,6,136,1.2004920763963522,1.1382771629499375,19.521732250228524,4.157454872969538
target,hymod,random,6,137,1.2004920763963522,1.1382771629499375,19.65725329099223,4.174642122816294
target,hymod,random,6,138,1.2004920763963522,1.1382771629499375,19.876870958134532,4.2001241645775735
target,hymod,random,6,139,1.2004920763963522,1.1382771629499375,19.997394083067775,4.214785247575492
target,hymod,random,6,140,1.2004920763963522,1.1382771629499375,20.1157855829224,4.234326038509607
target,hymod,random,6,141,1.2004920763963522,1.1382771629499375,20.245397333055735,4.252054163720459
target,hymod,random,6,142,1.2004920763963522,1.1382771629499375,20.427672374993563,4.280422163661569
target,hymod,random,6,143,1.2004920763963522,1.1382771629499375,20.561966041103005,4.304285330232233
target,hymod,random,6,144,1.2004920763963522,1.1382771629499375,20.698743124958128,4.320692080073059
target,hymod,random,6,145,1.2004920763963522,1.1382771629499375,20.854614875279367,4.336537204682827
target,hymod,random,6,146,1.2004920763963522,1.1382771629499375,21.042203958146274,4.365301787853241
target,hymod,random,6,147,1.2004920763963522,1.1382771629499375,21.220709125045687,4.395377704873681
target,hymod,random,6,148,1.2004920763963522,1.1382771629499375,21.38079166598618,4.419709122274071
target,hymod,random,6,149,1.2004920763963522,1.1382771629499375,21.532826875336468,4.44262053957209
target,hymod,random,6,150,1.2004920763963522,1.1382771629499375,21.69393341615796,4.466714248992503
target,hymod,random,6,151,1.2004920763963522,1.1382771629499375,21.853694916237146,4.491189790889621
target,hymod,random,6,152,1.2004920763963522,1.1382771629499375,22.022319083102047,4.517175582703203
target,hymod,random,6,153,1.2004920763963522,1.1382771629499375,22.190267083235085,4.539902166463435
target,hymod,random,6,154,1.2004920763963522,1.1382771629499375,22.34274891624227,4.562663249205798
target,hymod,random,6,155,1.2004920763963522,1.1382771629499375,22.489260457921773,4.577636999543756
target,hymod,random,6,156,1.2004920763963522,1.1382771629499375,22.655543208122253,4.598946458660066
target,hymod,random,6,157,1.2004920763963522,1.1382771629499375,22.785024458076805,4.619402542710304
target,hymod,random,6,158,1.2004920763963522,1.1382771629499375,22.89998225029558,4.634195209480822
target,hymod,random,6,159,1.2004920763963522,1.1382771629499375,23.044397083111107,4.6520333755761385
target,hymod,random,6,160,1.2004920763963522,1.1382771629499375,23.192261041142046,4.6757567916065454
target,hymod,random,6,161,1.2004920763963522,1.1382771629499375,23.374728916212916,4.692519709002227
target,hymod,random,6,162,1.2004920763963522,1.1382771629499375,23.52102291630581,4.709773583803326
target,hymod,random,6,163,1.2004920763963522,1.1382771629499375,23.713414708152413,4.740578624419868
target,hymod,random,6,164,1.2004920763963522,1.1382771629499375,23.897724541369826,4.764541124459356
target,hymod,random,6,165,1.2004920763963522,1.1382771629499375,24.06407466623932,4.784753666259348
target,hymod,random,6,166,1.2004920763963522,1.1382771629499375,24.245631583034992,4.810937249101698
target,hymod,random,6,167,1.2004920763963522,1.1382771629499375,24.414957916364074,4.836628331802785
target,hymod,random,6,168,1.2004920763963522,1.1382771629499375,24.573217208031565,4.859337790869176
target,hymod,random,6,169,1.2004920763963522,1.1382771629499375,24.736637583002448,4.882328832987696
target,hymod,random,6,170,1.2004920763963522,1.1382771629499375,24.8962407913059,4.903890457935631
target,hymod,random,6,171,1.2004920763963522,1.1382771629499375,25.056836625095457,4.925550207961351
target,hymod,random,6,172,1.2004920763963522,1.1382771629499375,25.22243541618809,4.948259624186903
target,hymod,random,6,173,1.2004920763963522,1.1382771629499375,25.369634333066642,4.96863391622901
target,hymod,random,6,174,1.2004920763963522,1.1382771629499375,25.489612208213657,4.985928707290441
target,hymod,random,6,175,1.2004920763963522,1.1382771629499375,25.60292537510395,5.002565415110439
target,hymod,random,6,176,1.2004920763963522,1.1382771629499375,25.721230583265424,5.017876456025988
target,hymod,random,6,177,1.2004920763963522,1.1382771629499375,25.87901279097423,5.043373206164688
target,hymod,random,6,178,1.2004920763963522,1.1382771629499375,25.996289958246052,5.05921328952536
target,hymod,random,6,179,1.2004920763963522,1.1382771629499375,26.113439000211656,5.0741834146901965
target,hymod,random,6,180,1.2004920763963522,1.1382771629499375,26.371116790920496,5.103777331765741
target,hymod,random,6,181,1.2004920763963522,1.1382771629499375,26.536570250056684,5.116376540623605
target,hymod,random,6,182,1.2004920763963522,1.1382771629499375,26.73680187528953,5.1456759995780885
target,hymod,random,6,183,1.2004920763963522,1.1382771629499375,26.908126708120108,5.167551666498184
target,hymod,random,6,184,1.2004920763963522,1.1382771629499375,27.130944415926933,5.2112632086500525
target,hymod,random,6,185,1.2004920763963522,1.1382771629499375,27.310906208120286,5.232378416694701
target,hymod,random,6,186,1.2004920763963522,1.1382771629499375,27.514081666246057,5.251516874879599
target,hymod,random,6,187,1.2004920763963522,1.1382771629499375,27.70763429114595,5.276140582747757
target,hymod,random,6,188,1.2004920763963522,1.1382771629499375,27.882096874993294,5.297833458054811
target,hymod,random,6,189,1.2004920763963522,1.1382771629499375,28.03659054124728,5.318015957716852
target,hymod,random,6,190,1.2004920763963522,1.1382771629499375,28.17626120802015,5.336217791773379
target,hymod,random,6,191,1.2004920763963522,1.1382771629499375,28.35804787511006,5.373007750604302
target,hymod,random,6,192,1.2004920763963522,1.1382771629499375,28.537090457975864,5.388165792450309
target,hymod,random,6,193,1.2004920763963522,1.1382771629499375,28.662003708072007,5.404139126185328
target,hymod,random,6,194,1.2004920763963522,1.1382771629499375,28.942014958243817,5.439281668048352
target,hymod,random,6,195,1.2004920763963522,1.1382771629499375,29.145826375111938,5.467521375976503
target,hymod,random,6,196,1.2004920763963522,1.1382771629499375,29.346412916202098,5.493074876256287
target,hymod,random,6,197,1.2004920763963522,1.1382771629499375,29.53315475024283,5.514280585106462
target,hymod,random,6,198,1.2004920763963522,1.1382771629499375,29.742994083091617,5.540024002548307
target,hymod,random,6,199,1.2004920763963522,1.1382771629499375,29.940769708249718,5.5661847945302725
target,hymod,random,6,200,1.2004920763963522,1.1382771629499375,30.195852041244507,5.588442544452846
target,hymod,sobol,6,1,3.4898281382403096,1.1382771629499375,0.1283736671321094,0.026344624813646078
target,hymod,sobol,6,2,3.4898281382403096,1.1382771629499375,0.2021039999090135,0.04771137470379472
target,hymod,sobol,6,3,1.6680779480466599,1.1382771629499375,0.2772936667315662,0.06976174935698509
target,hymod,sobol,6,4,1.6680779480466599,1.1382771629499375,0.3442730000242591,0.09211062453687191
target,hymod,sobol,6,5,1.6680779480466599,1.1382771629499375,0.4178950828500092,0.11395262461155653
target,hymod,sobol,6,6,1.6680779480466599,1.1382771629499375,0.4883091668598354,0.1397763337008655
target,hymod,sobol,6,7,1.6680779480466599,1.1382771629499375,0.5453504170291126,0.1558296256698668
target,hymod,sobol,6,8,1.6680779480466599,1.1382771629499375,0.6158736669458449,0.17672158358618617
target,hymod,sobol,6,9,1.6680779480466599,1.1382771629499375,0.6767345000989735,0.19084195839241147
target,hymod,sobol,6,10,1.6680779480466599,1.1382771629499375,0.7377503328025341,0.20792900025844574
target,hymod,sobol,6,11,1.6680779480466599,1.1382771629499375,0.7939215828664601,0.22324950015172362
target,hymod,sobol,6,12,1.6680779480466599,1.1382771629499375,0.8539234581403434,0.24049179209396243
target,hymod,sobol,6,13,1.6680779480466599,1.1382771629499375,0.9140592501498759,0.2568830829113722
target,hymod,sobol,6,14,1.6680779480466599,1.1382771629499375,0.9721753331832588,0.271917250007391
target,hymod,sobol,6,15,1.6680779480466599,1.1382771629499375,1.059608208015561,0.2943263337947428
target,hymod,sobol,6,16,1.6680779480466599,1.1382771629499375,1.152465166989714,0.32048058370128274
target,hymod,sobol,6,17,1.6680779480466599,1.1382771629499375,1.2452707500196993,0.34551170840859413
target,hymod,sobol,6,18,1.6680779480466599,1.1382771629499375,1.3425053330138326,0.3699917923659086
target,hymod,sobol,6,19,1.6680779480466599,1.1382771629499375,1.4381790831685066,0.3966399170458317
target,hymod,sobol,6,20,1.6680779480466599,1.1382771629499375,1.5298723331652582,0.42283216677606106
target,hymod,sobol,6,21,1.6604346353470791,1.1382771629499375,1.6195212500169873,0.44627704145386815
target,hymod,sobol,6,22,1.6604346353470791,1.1382771629499375,1.710083750076592,0.46929058339446783
target,hymod,sobol,6,23,1.6604346353470791,1.1382771629499375,1.803273624740541,0.4932913752272725
target,hymod,sobol,6,24,1.6604346353470791,1.1382771629499375,1.8992402078583837,0.5184627501294017
target,hymod,sobol,6,25,1.6604346353470791,1.1382771629499375,1.997402582783252,0.5445586671121418
target,hymod,sobol,6,26,1.6604346353470791,1.1382771629499375,2.0924295000731945,0.5680774580687284
target,hymod,sobol,6,27,1.6604346353470791,1.1382771629499375,2.189917208161205,0.590514250099659
target,hymod,sobol,6,28,1.6604346353470791,1.1382771629499375,2.285683457739651,0.6154811251908541
target,hymod,sobol,6,29,1.6604346353470791,1.1382771629499375,2.376674875151366,0.6386985420249403
target,hymod,sobol,6,30,1.6604346353470791,1.1382771629499375,2.4614946669898927,0.6602309588342905
target,hymod,sobol,6,31,1.6604346353470791,1.1382771629499375,2.5450426670722663,0.6793123758397996
target,hymod,sobol,6,32,1.5877243899427633,1.1382771629499375,2.6240829578600824,0.7002333761192858
target,hymod,sobol,6,33,1.5877243899427633,1.1382771629499375,2.7016230830922723,0.7173563758842647
target,hymod,sobol,6,34,1.5877243899427633,1.1382771629499375,2.7732298327609897,0.7340901675634086
target,hymod,sobol,6,35,1.5877243899427633,1.1382771629499375,2.84461404196918,0.7492881673388183
target,hymod,sobol,6,36,1.5877243899427633,1.1382771629499375,2.9181169997900724,0.7665370833128691
target,hymod,sobol,6,37,1.5877243899427633,1.1382771629499375,2.984472124837339,0.781697541475296
target,hymod,sobol,6,38,1.5877243899427633,1.1382771629499375,3.0515643330290914,0.797969666775316
target,hymod,sobol,6,39,1.5877243899427633,1.1382771629499375,3.1186657501384616,0.8121864995919168
target,hymod,sobol,6,40,1.5877243899427633,1.1382771629499375,3.187943249940872,0.8273090412840247
target,hymod,sobol,6,41,1.5877243899427633,1.1382771629499375,3.258673249743879,0.8428140832111239
target,hymod,sobol,6,42,1.5877243899427633,1.1382771629499375,3.324359791819006,0.8570038336329162
target,hymod,sobol,6,43,1.5877243899427633,1.1382771629499375,3.397396749816835,0.8731422089040279
target,hymod,sobol,6,44,1.4171092639449185,1.1382771629499375,3.4677582499571145,0.8884250842966139
target,hymod,sobol,6,45,1.4171092639449185,1.1382771629499375,3.5462492080405354,0.9033885016106069
target,hymod,sobol,6,46,1.4171092639449185,1.1382771629499375,3.660289667081088,0.9284345437772572
target,hymod,sobol,6,47,1.4171092639449185,1.1382771629499375,3.7416790421120822,0.9464241690002382
target,hymod,sobol,6,48,1.4171092639449185,1.1382771629499375,3.818528417032212,0.9635868780314922
target,hymod,sobol,6,49,1.4171092639449185,1.1382771629499375,3.889068542048335,0.9805473373271525
target,hymod,sobol,6,50,1.4171092639449185,1.1382771629499375,3.958132667001337,0.9949848782271147
target,hymod,sobol,6,51,1.4171092639449185,1.1382771629499375,4.075827832799405,1.0110232951119542
target,hymod,sobol,6,52,1.4171092639449185,1.1382771629499375,4.200965624768287,1.0393520034849644
target,hymod,sobol,6,53,1.4171092639449185,1.1382771629499375,4.3277887920849025,1.0690683783032
target,hymod,sobol,6,54,1.4171092639449185,1.1382771629499375,4.446192333009094,1.092926628421992
target,hymod,sobol,6,55,1.4171092639449185,1.1382771629499375,4.562072208151221,1.117863836698234
target,hymod,sobol,6,56,1.4171092639449185,1.1382771629499375,4.675090374890715,1.1438080868683755
target,hymod,sobol,6,57,1.4171092639449185,1.1382771629499375,4.788943666964769,1.1698509617708623
target,hymod,sobol,6,58,1.4171092639449185,1.1382771629499375,4.894677000120282,1.1920928778126836
target,hymod,sobol,6,59,1.4171092639449185,1.1382771629499375,4.996063333004713,1.213766418863088
target,hymod,sobol,6,60,1.4171092639449185,1.1382771629499375,5.100040458142757,1.2365845032036304
target,hymod,sobol,6,61,1.4171092639449185,1.1382771629499375,5.204606125131249,1.2592220031656325
target,hymod,sobol,6,62,1.3171970197416365,1.1382771629499375,5.310761500149965,1.280555128119886
target,hymod,sobol,6,63,1.3171970197416365,1.1382771629499375,5.420759125147015,1.3020252115093172
target,hymod,sobol,6,64,1.3171970197416365,1.1382771629499375,5.537305207923055,1.3246636702679098
target,hymod,sobol,6,65,1.3171970197416365,1.1382771629499375,5.670380416791886,1.3483585873618722
target,hymod,sobol,6,66,1.3171970197416365,1.1382771629499375,5.790516249835491,1.3671228783205152
target,hymod,sobol,6,67,1.3171970197416365,1.1382771629499375,5.930617916863412,1.3931660861708224
target,hymod,sobol,6,68,1.3171970197416365,1.1382771629499375,6.06257566716522,1.4217213364318013
target,hymod,sobol,6,69,1.3171970197416365,1.1382771629499375,6.195912625174969,1.4573498363606632
target,hymod,sobol,6,70,1.3171970197416365,1.1382771629499375,6.350404832977802,1.4880490032956004
target,hymod,sobol,6,71,1.3171970197416365,1.1382771629499375,6.477300916798413,1.5115291280671954
target,hymod,sobol,6,72,1.3171970197416365,1.1382771629499375,6.585609124973416,1.5344370449893177
target,hymod,sobol,6,73,1.3171970197416365,1.1382771629499375,6.727616167161614,1.565430378075689
target,hymod,sobol,6,74,1.3171970197416365,1.1382771629499375,6.8649870827794075,1.5937033779919147
target,hymod,sobol,6,75,1.3171970197416365,1.1382771629499375,7.0035306247882545,1.622473502997309
target,hymod,sobol,6,76,1.3171970197416365,1.1382771629499375,7.129633416887373,1.6489061703905463
target,hymod,sobol,6,77,1.3171970197416365,1.1382771629499375,7.248774374835193,1.670799711253494
target,hymod,sobol,6,78,1.3171970197416365,1.1382771629499375,7.351974416989833,1.6880906694568694
target,hymod,sobol,6,79,1.3171970197416365,1.1382771629499375,7.464865167159587,1.7083399607799947
target,hymod,sobol,6,80,1.3171970197416365,1.1382771629499375,7.595626624766737,1.7334968359209597
target,hymod,sobol,6,81,1.3171970197416365,1.1382771629499375,7.730112957768142,1.759737627580762
target,hymod,sobol,6,82,1.3171970197416365,1.1382771629499375,7.85889649996534,1.7834840444847941
target,hymod,sobol,6,83,1.3171970197416365,1.1382771629499375,7.984072708059102,1.8084636693820357
target,hymod,sobol,6,84,1.3171970197416365,1.1382771629499375,8.104997667018324,1.831562377512455
target,hymod,sobol,6,85,1.3171970197416365,1.1382771629499375,8.212396082933992,1.8505944604985416
target,hymod,sobol,6,86,1.3171970197416365,1.1382771629499375,8.322063291911036,1.871347835753113
target,hymod,sobol,6,87,1.3171970197416365,1.1382771629499375,8.426628124900162,1.895404210779816
target,hymod,sobol,6,88,1.3171970197416365,1.1382771629499375,8.511145667172968,1.910562377423048
target,hymod,sobol,6,89,1.3171970197416365,1.1382771629499375,8.606546082999557,1.9317480861209333
target,hymod,sobol,6,90,1.3171970197416365,1.1382771629499375,8.752061916980892,1.9485666272230446
target,hymod,sobol,6,91,1.3171970197416365,1.1382771629499375,8.855103957932442,1.9633832522667944
target,hymod,sobol,6,92,1.3171970197416365,1.1382771629499375,8.994338917080313,1.9955077110789716
target,hymod,sobol,6,93,1.3171970197416365,1.1382771629499375,9.09627120802179,2.016594377811998
target,hymod,sobol,6,94,1.3171970197416365,1.1382771629499375,9.213342499919236,2.032239377964288
target,hymod,sobol,6,95,1.3171970197416365,1.1382771629499375,9.31918583298102,2.0473105451092124
target,hymod,sobol,6,96,1.3171970197416365,1.1382771629499375,9.474969583097845,2.0719004622660577
target,hymod,sobol,6,97,1.3171970197416365,1.1382771629499375,9.619048541877419,2.098385004326701
target,hymod,sobol,6,98,1.3171970197416365,1.1382771629499375,9.764426792040467,2.124863837379962
target,hymod,sobol,6,99,1.3171970197416365,1.1382771629499375,9.904214291833341,2.1496545462869108
target,hymod,sobol,6,100,1.3171970197416365,1.1382771629499375,10.042921083047986,2.1760668796487153
target,hymod,sobol,6,101,1.3171970197416365,1.1382771629499375,10.184940666891634,2.2020076708868146
target,hymod,sobol,6,102,1.3171970197416365,1.1382771629499375,10.308448750060052,2.223606920801103
target,hymod,sobol,6,103,1.3171970197416365,1.1382771629499375,10.434448332991451,2.245080961845815
target,hymod,sobol,6,104,1.3171970197416365,1.1382771629499375,10.561332250013947,2.267505502793938
target,hymod,sobol,6,105,1.3171970197416365,1.1382771629499375,10.68827599985525,2.290674877818674
target,hymod,sobol,6,106,1.3171970197416365,1.1382771629499375,10.813627750147134,2.312054127920419
target,hymod,sobol,6,107,1.3171970197416365,1.1382771629499375,10.940763332881033,2.3337457105517387
target,hymod,sobol,6,108,1.3171970197416365,1.1382771629499375,11.06880975002423,2.356724377721548
target,hymod,sobol,6,109,1.3171970197416365,1.1382771629499375,11.195228166878223,2.3779155858792365
target,hymod,sobol,6,110,1.3171970197416365,1.1382771629499375,11.317214999813586,2.3976597529836
target,hymod,sobol,6,111,1.3171970197416365,1.1382771629499375,11.435543541796505,2.414602418895811
target,hymod,sobol,6,112,1.3171970197416365,1.1382771629499375,11.553170333150774,2.4337427094578743
target,hymod,sobol,6,113,1.3171970197416365,1.1382771629499375,11.689148999750614,2.456823876593262
target,hymod,sobol,6,114,1.3171970197416365,1.1382771629499375,11.798119249753654,2.477995709516108
target,hymod,sobol,6,115,1.3171970197416365,1.1382771629499375,11.916194874793291,2.492906709667295
target,hymod,sobol,6,116,1.3171970197416365,1.1382771629499375,12.057281875051558,2.5091185844503343
target,hymod,sobol,6,117,1.3171970197416365,1.1382771629499375,12.224269874859601,2.5389295434579253
target,hymod,sobol,6,118,1.3171970197416365,1.1382771629499375,12.37958070775494,2.563382876571268
target,hymod,sobol,6,119,1.3171970197416365,1.1382771629499375,12.532784666866064,2.58851016825065
target,hymod,sobol,6,120,1.3171970197416365,1.1382771629499375,12.684128291904926,2.6141217099502683
target,hymod,sobol,6,121,1.3171970197416365,1.1382771629499375,12.83467883290723,2.639941834844649
target,hymod,sobol,6,122,1.3171970197416365,1.1382771629499375,12.969636917114258,2.661494376603514
target,hymod,sobol,6,123,1.3171970197416365,1.1382771629499375,13.109552375040948,2.6826082104817033
target,hymod,sobol,6,124,1.3171970197416365,1.1382771629499375,13.242529000155628,2.7038275855593383
target,hymod,sobol,6,125,1.3171970197416365,1.1382771629499375,13.385776625014842,2.727024626452476
target,hymod,sobol,6,126,1.3171970197416365,1.1382771629499375,13.522416291758418,2.748491168487817
target,hymod,sobol,6,127,1.3171970197416365,1.1382771629499375,13.659326958004385,2.770146293565631
target,hymod,sobol,6,128,1.3171970197416365,1.1382771629499375,13.856042583007365,2.7901037936098874
target,hymod,sobol,6,129,1.3171970197416365,1.1382771629499375,13.964012375101447,2.8084198348224163
target,hymod,sobol,6,130,1.3171970197416365,1.1382771629499375,14.059006208088249,2.8226756677031517
target,hymod,sobol,6,131,1.3171970197416365,1.1382771629499375,14.159316833131015,2.8380414177663624
target,hymod,sobol,6,132,1.3171970197416365,1.1382771629499375,14.29407004173845,2.86433896003291
target,hymod,sobol,6,133,1.3171970197416365,1.1382771629499375,14.391009957995266,2.8799904184415936
target,hymod,sobol,6,134,1.3171970197416365,1.1382771629499375,14.488766707945615,2.8937570857815444
target,hymod,sobol,6,135,1.3171970197416365,1.1382771629499375,14.635186249855906,2.910325293894857
target,hymod,sobol,6,136,1.3171970197416365,1.1382771629499375,14.820356625132263,2.9402128770016134
target,hymod,sobol,6,137,1.3171970197416365,1.1382771629499375,14.98395562497899,2.965780710801482
target,hymod,sobol,6,138,1.3171970197416365,1.1382771629499375,15.144085958134383,2.9897079607471824
target,hymod,sobol,6,139,1.3171970197416365,1.1382771629499375,15.308235125150532,3.017814335413277
target,hymod,sobol,6,140,1.3171970197416365,1.1382771629499375,15.453999042045325,3.040597085375339
target,hymod,sobol,6,141,1.3171970197416365,1.1382771629499375,15.599351374898106,3.0633614603430033
target,hymod,sobol,6,142,1.3171970197416365,1.1382771629499375,15.745177125092596,3.085161085240543
target,hymod,sobol,6,143,1.3171970197416365,1.1382771629499375,15.891574208159,3.106912585441023
target,hymod,sobol,6,144,1.3171970197416365,1.1382771629499375,16.042914957739413,3.130593752488494
target,hymod,sobol,6,145,1.3171970197416365,1.1382771629499375,16.19354454195127,3.153570044785738
target,hymod,sobol,6,146,1.3171970197416365,1.1382771629499375,16.335042375139892,3.175082502886653
target,hymod,sobol,6,147,1.3171970197416365,1.1382771629499375,16.455947374925017,3.1936420029960573
target,hymod,sobol,6,148,1.3171970197416365,1.1382771629499375,16.557555708102882,3.20868208585307
target,hymod,sobol,6,149,1.3171970197416365,1.1382771629499375,16.66162412473932,3.225800294894725
target,hymod,sobol,6,150,1.3171970197416365,1.1382771629499375,16.779302999842912,3.2412434620782733
target,hymod,sobol,6,151,1.3171970197416365,1.1382771629499375,16.929038791917264,3.2575096702203155
target,hymod,sobol,6,152,1.3171970197416365,1.1382771629499375,17.060072499793023,3.275640670210123
target,hymod,sobol,6,153,1.3171970197416365,1.1382771629499375,17.175005999859422,3.2917425031773746
target,hymod,sobol,6,154,1.3171970197416365,1.1382771629499375,17.291677750181407,3.306583628524095
target,hymod,sobol,6,155,1.3171970197416365,1.1382771629499375,17.52741783298552,3.328530295751989
target,hymod,sobol,6,156,1.3171970197416365,1.1382771629499375,17.72483279183507,3.3614741703495383
target,hymod,sobol,6,157,1.3171970197416365,1.1382771629499375,17.900877125095576,3.3856825875118375
target,hymod,sobol,6,158,1.3171970197416365,1.1382771629499375,18.073186458088458,3.4101152126677334
target,hymod,sobol,6,159,1.3171970197416365,1.1382771629499375,18.228562416974455,3.4315184205770493
target,hymod,sobol,6,160,1.3171970197416365,1.1382771629499375,18.383385125081986,3.4541999623179436
target,hymod,sobol,6,161,1.3171970197416365,1.1382771629499375,18.53891587490216,3.4771961295045912
target,hymod,sobol,6,162,1.3171970197416365,1.1382771629499375,18.69820991717279,3.498543754220009
target,hymod,sobol,6,163,1.3171970197416365,1.1382771629499375,18.85713650006801,3.5199865042231977
target,hymod,sobol,6,164,1.3171970197416365,1.1382771629499375,19.01367379212752,3.5426215464249253
target,hymod,sobol,6,165,1.3171970197416365,1.1382771629499375,19.159084292128682,3.5652236714959145
target,hymod,sobol,6,166,1.3171970197416365,1.1382771629499375,19.285020207986236,3.5823068795725703
target,hymod,sobol,6,167,1.3171970197416365,1.1382771629499375,19.41254737507552,3.5963985887356102
target,hymod,sobol,6,168,1.3171970197416365,1.1382771629499375,19.532460916787386,3.6134380884468555
target,hymod,sobol,6,169,1.3171970197416365,1.1382771629499375,19.659404582809657,3.629862380679697
target,hymod,sobol,6,170,1.3171970197416365,1.1382771629499375,19.822751082945615,3.6564182145521045
target,hymod,sobol,6,171,1.3171970197416365,1.1382771629499375,19.975867707747966,3.677736214362085
target,hymod,sobol,6,172,1.3171970197416365,1.1382771629499375,20.142971917055547,3.6996702142059803
target,hymod,sobol,6,173,1.3171970197416365,1.1382771629499375,20.33075433317572,3.7283530891872942
target,hymod,sobol,6,174,1.3171970197416365,1.1382771629499375,20.512257916852832,3.7508652969263494
target,hymod,sobol,6,175,1.3171970197416365,1.1382771629499375,20.697346500121057,3.775257630739361
target,hymod,sobol,6,176,1.3171970197416365,1.1382771629499375,20.863062291871756,3.797801214735955
target,hymod,sobol,6,177,1.3171970197416365,1.1382771629499375,21.029024582821876,3.8211251725442708
target,hymod,sobol,6,178,1.3171970197416365,1.1382771629499375,21.193504499737173,3.8429160066880286
target,hymod,sobol,6,179,1.3171970197416365,1.1382771629499375,21.421154541894794,3.86434825649485
target,hymod,sobol,6,180,1.3171970197416365,1.1382771629499375,21.55040895799175,3.883078256621957
target,hymod,sobol,6,181,1.3171970197416365,1.1382771629499375,21.67811550013721,3.9004074642434716
target,hymod,sobol,6,182,1.3171970197416365,1.1382771629499375,21.795698625035584,3.9164898805320263
target,hymod,sobol,6,183,1.3171970197416365,1.1382771629499375,21.90719583304599,3.9305383395403624
target,hymod,sobol,6,184,1.3171970197416365,1.1382771629499375,22.019977499730885,3.94567646458745
target,hymod,sobol,6,185,1.3171970197416365,1.1382771629499375,22.13593970797956,3.9612139225937426
target,hymod,sobol,6,186,1.3171970197416365,1.1382771629499375,22.30389995779842,3.9759282977320254
target,hymod,sobol,6,187,1.3171970197416365,1.1382771629499375,22.449968250002712,3.9946524226106703
target,hymod,sobol,6,188,1.3171970197416365,1.1382771629499375,22.566144874785095,4.009679922834039
target,hymod,sobol,6,189,1.3171970197416365,1.1382771629499375,22.7658722079359,4.032750464975834
target,hymod,sobol,6,190,1.3171970197416365,1.1382771629499375,22.981149166822433,4.060650215018541
target,hymod,sobol,6,191,1.3171970197416365,1.1382771629499375,23.186472457833588,4.0883561740629375
target,hymod,sobol,6,192,1.3171970197416365,1.1382771629499375,23.387558499816805,4.115922465920448
target,hymod,sobol,6,193,1.3171970197416365,1.1382771629499375,23.585088375024498,4.142627048771828
target,hymod,sobol,6,194,1.3171970197416365,1.1382771629499375,23.773606542032212,4.1641569240018725
target,hymod,sobol,6,195,1.3171970197416365,1.1382771629499375,24.034155583009124,4.186172090936452
target,hymod,sobol,6,196,1.3171970197416365,1.1382771629499375,24.214540833141655,4.212344049941748
target,hymod,sobol,6,197,1.3171970197416365,1.1382771629499375,24.39188487501815,4.234299966599792
target,hymod,sobol,6,198,1.3171970197416365,1.1382771629499375,24.561322458088398,4.253221466206014
target,hymod,sobol,6,199,1.3171970197416365,1.1382771629499375,24.714635292068124,4.271446298807859
target,hymod,sobol,6,200,1.3171970197416365,1.1382771629499375,24.9237803327851,4.286606965586543
target,hymod,bo,6,1,3.4898281382403096,1.1382771629499375,0.09584783297032118,0.016096916049718857
target,hymod,bo,6,2,3.4898281382403096,1.1382771629499375,0.1549046249128878,0.03214616607874632
target,hymod,bo,6,3,1.6680779480466599,1.1382771629499375,0.21297570783644915,0.04770949902012944
target,hymod,bo,6,4,1.6680779480466599,1.1382771629499375,0.2798538329079747,0.06506229005753994
target,hymod,bo,6,5,1.6680779480466599,1.1382771629499375,0.3646939997561276,0.08631870616227388
target,hymod,bo,6,6,1.6680779480466599,1.1382771629499375,0.4571483749896288,0.11092949705198407
target,hymod,bo,6,7,1.6680779480466599,1.1382771629499375,0.5527607081457973,0.1358687891624868
target,hymod,bo,6,8,1.6680779480466599,1.1382771629499375,0.6470687077380717,0.16150078922510147
target,hymod,bo,6,9,1.6680779480466599,1.1382771629499375,0.9637168329209089,0.182989789173007
target,hymod,bo,6,10,1.6680779480466599,1.1382771629499375,1.2602399159222841,0.20880278944969177
target,hymod,bo,6,11,1.6680779480466599,1.1382771629499375,1.5449546659365296,0.23072191467508674
target,hymod,bo,6,12,1.6480214758794942,1.1382771629499375,1.7785364999435842,0.2526394557207823
target,hymod,bo,6,13,1.6480214758794942,1.1382771629499375,2.04264266602695,0.272489998023957
target,hymod,bo,6,14,1.6480214758794942,1.1382771629499375,2.285631540697068,0.2875426230020821
target,hymod,bo,6,15,1.6480214758794942,1.1382771629499375,2.516986374743283,0.3037990820594132
target,hymod,bo,6,16,1.6480214758794942,1.1382771629499375,2.759715083055198,0.3196734990924597
target,hymod,bo,6,17,1.5789690684036561,1.1382771629499375,2.9703182498924434,0.3374427487142384
target,hymod,bo,6,18,1.5789690684036561,1.1382771629499375,3.3136089160107076,0.3657189989462495
target,hymod,bo,6,19,1.5789690684036561,1.1382771629499375,3.593640749808401,0.39140170672908425
target,hymod,bo,6,20,1.5772433992721095,1.1382771629499375,3.856039207894355,0.4155819145962596
target,hymod,bo,6,21,1.5772433992721095,1.1382771629499375,4.161942707840353,0.4387654555030167
target,hymod,bo,6,22,1.5772433992721095,1.1382771629499375,4.385140832979232,0.46174266329035163
target,hymod,bo,6,23,1.5772433992721095,1.1382771629499375,4.741309375036508,0.4825988304801285
target,hymod,bo,6,24,1.5772433992721095,1.1382771629499375,4.985489000100642,0.499632497318089
target,hymod,bo,6,25,1.5541427903591705,1.1382771629499375,5.240142458118498,0.5148308305069804
target,hymod,bo,6,26,1.5541427903591705,1.1382771629499375,5.431594625115395,0.5300399553962052
target,hymod,bo,6,27,1.5541427903591705,1.1382771629499375,5.666727957781404,0.5582511220127344
target,hymod,bo,6,28,1.4456983923362035,1.1382771629499375,6.031163500156254,0.58227320574224
target,hymod,bo,6,29,1.4456983923362035,1.1382771629499375,6.343033624812961,0.6086464975960553
target,hymod,bo,6,30,1.4456983923362035,1.1382771629499375,6.654267041012645,0.6300228727050126
target,hymod,bo,6,31,1.4456983923362035,1.1382771629499375,6.983845124952495,0.6531434976495802
target,hymod,bo,6,32,1.365847889421294,1.1382771629499375,7.3093712497502565,0.6737485807389021
target,hymod,bo,6,33,1.365847889421294,1.1382771629499375,7.659830708056688,0.6918317885138094
target,hymod,bo,6,34,1.365847889421294,1.1382771629499375,7.908313082996756,0.7128863725811243
target,hymod,bo,6,35,1.365847889421294,1.1382771629499375,8.151043416000903,0.7283992054872215
target,hymod,bo,6,36,1.365847889421294,1.1382771629499375,8.422889375127852,0.7543624131940305
target,hymod,bo,6,37,1.365847889421294,1.1382771629499375,8.765605207998306,0.7766504543833435
target,hymod,bo,6,38,1.365847889421294,1.1382771629499375,9.07226516585797,0.8035348295234144
target,hymod,bo,6,39,1.365847889421294,1.1382771629499375,9.359629457816482,0.8270449955016375
target,hymod,bo,6,40,1.365847889421294,1.1382771629499375,9.743608915712684,0.8493923284113407
target,hymod,bo,6,41,1.365847889421294,1.1382771629499375,10.004589166026562,0.8710771626792848
target,hymod,bo,6,42,1.365847889421294,1.1382771629499375,10.283269790932536,0.8891934547573328
target,hymod,bo,6,43,1.365847889421294,1.1382771629499375,10.535415125079453,0.9096890385262668
target,hymod,bo,6,44,1.365847889421294,1.1382771629499375,10.804612374864519,0.9282861216925085
target,hymod,bo,6,45,1.3281829111418662,1.1382771629499375,11.139260583091527,0.9564335807226598
target,hymod,bo,6,46,1.3281829111418662,1.1382771629499375,11.465581874828786,0.982620622497052
target,hymod,bo,6,47,1.2060263791670736,1.1382771629499375,11.82117920788005,1.006835705600679
target,hymod,bo,6,48,1.2060263791670736,1.1382771629499375,12.255995666142553,1.0294247465208173
target,hymod,bo,6,49,1.2060263791670736,1.1382771629499375,12.574003249872476,1.051117413211614
target,hymod,bo,6,50,1.2060263791670736,1.1382771629499375,12.894754749722779,1.0690024551004171
target,hymod,bo,6,51,1.2060263791670736,1.1382771629499375,13.173967250157148,1.0868370388634503
target,hymod,bo,6,52,1.2060263791670736,1.1382771629499375,13.446132790762931,1.1025082059204578
target,hymod,bo,6,53,1.2060263791670736,1.1382771629499375,13.715796082746238,1.1200542482547462
target,hymod,bo,6,54,1.2060263791670736,1.1382771629499375,14.03710616612807,1.1421229150146246
target,hymod,bo,6,55,1.2060263791670736,1.1382771629499375,14.341253750026226,1.1677095396444201
target,hymod,bo,6,56,1.2060263791670736,1.1382771629499375,14.661899665836245,1.1926785395480692
target,hymod,bo,6,57,1.2060263791670736,1.1382771629499375,14.98596516577527,1.2156547051854432
target,hymod,bo,6,58,1.2060263791670736,1.1382771629499375,15.2706890408881,1.2355731632560492
target,hymod,bo,6,59,1.2060263791670736,1.1382771629499375,15.539611999876797,1.2507453300058842
target,hymod,bo,6,60,1.2060263791670736,1.1382771629499375,15.72563716582954,1.2655442054383457
target,hymod,bo,6,61,1.190468741229997,1.1382771629499375,16.129466000013053,1.2895053722895682
target,hymod,bo,6,62,1.190468741229997,1.1382771629499375,16.428449207916856,1.3066695812158287
target,hymod,bo,6,63,1.190468741229997,1.1382771629499375,16.743819333147258,1.3337127892300487
target,hymod,bo,6,64,1.190468741229997,1.1382771629499375,17.11164795793593,1.357990206219256
target,hymod,bo,6,65,1.190468741229997,1.1382771629499375,17.454722499940544,1.3826582892797887
target,hymod,bo,6,66,1.190468741229997,1.1382771629499375,17.786900790873915,1.4055252484977245
target,hymod,bo,6,67,1.1345313084975843,1.1382771629499375,18.149306874722242,1.4269679142162204
target,hymod,sobol,7,1,1.9594275586787613,1.1382771629499375,0.12180162500590086,0.0196432089433074
target,hymod,sobol,7,2,1.9594275586787613,1.1382771629499375,0.20836299983784556,0.045199042186141014
target,hymod,sobol,7,3,1.9594275586787613,1.1382771629499375,0.29486658377572894,0.07020837487652898
target,hymod,sobol,7,4,1.9594275586787613,1.1382771629499375,0.3630559169687331,0.09425216587260365
target,hymod,sobol,7,5,1.9594275586787613,1.1382771629499375,0.4422291670925915,0.1146297911182046
target,hymod,sobol,7,6,1.9594275586787613,1.1382771629499375,0.5048382501117885,0.13007279112935066
target,hymod,sobol,7,7,1.9594275586787613,1.1382771629499375,0.5632949587889016,0.14585066633298993
target,hymod,sobol,7,8,1.9594275586787613,1.1382771629499375,0.6233454588800669,0.16176720755174756
target,hymod,sobol,7,9,1.9594275586787613,1.1382771629499375,0.6851016250438988,0.17807704163715243
target,hymod,sobol,7,10,1.9594275586787613,1.1382771629499375,0.7418987499549985,0.19282941659912467
target,hymod,sobol,7,11,1.9594275586787613,1.1382771629499375,0.807524791918695,0.2096964162774384
target,hymod,sobol,7,12,1.8619766167778558,1.1382771629499375,0.8869853341020644,0.22621312458068132
target,hymod,sobol,7,13,1.6856427975975528,1.1382771629499375,0.9915137500502169,0.25686429161578417
target,hymod,sobol,7,14,1.6856427975975528,1.1382771629499375,1.0930134169757366,0.284723499789834
target,hymod,sobol,7,15,1.6856427975975528,1.1382771629499375,1.1806602501310408,0.3056159997358918
target,hymod,sobol,7,16,1.6856427975975528,1.1382771629499375,1.2672119168564677,0.33074549958109856
target,hymod,sobol,7,17,1.6856427975975528,1.1382771629499375,1.349965542089194,0.3515749163925648
target,hymod,sobol,7,18,1.6856427975975528,1.1382771629499375,1.43565933406353,0.3740757913328707
target,hymod,sobol,7,19,1.6856427975975528,1.1382771629499375,1.5196655420586467,0.3940735412761569
target,hymod,sobol,7,20,1.6856427975975528,1.1382771629499375,1.5882413750514388,0.4145990824326873
target,hymod,sobol,7,21,1.6856427975975528,1.1382771629499375,1.6729650418274105,0.4349943744018674
target,hymod,sobol,7,22,1.6856427975975528,1.1382771629499375,1.7502178340218961,0.45441766642034054
target,hymod,sobol,7,23,1.5684543159647362,1.1382771629499375,1.84288545884192,0.47613974940031767
target,hymod,sobol,7,24,1.5684543159647362,1.1382771629499375,1.9391831667162478,0.5026948745362461
target,hymod,sobol,7,25,1.5684543159647362,1.1382771629499375,2.0156319169327617,0.5207420415244997
target,hymod,sobol,7,26,1.5684543159647362,1.1382771629499375,2.0921425418928266,0.5391565836034715
target,hymod,sobol,7,27,1.5684543159647362,1.1382771629499375,2.1702551250346005,0.5603362089022994
target,hymod,sobol,7,28,1.5684543159647362,1.1382771629499375,2.2470168750733137,0.5790325007401407
target,hymod,sobol,7,29,1.5684543159647362,1.1382771629499375,2.323070750106126,0.5976455006748438
target,hymod,sobol,7,30,1.5684543159647362,1.1382771629499375,2.3929841248318553,0.6149987084791064
target,hymod,sobol,7,31,1.5684543159647362,1.1382771629499375,2.4716689167544246,0.635177000425756
target,hymod,sobol,7,32,1.5684543159647362,1.1382771629499375,2.5410328339785337,0.6525769173167646
target,hymod,sobol,7,33,1.5684543159647362,1.1382771629499375,2.618531333748251,0.6681930003687739
target,hymod,sobol,7,34,1.5684543159647362,1.1382771629499375,2.693661749828607,0.6863893331028521
target,hymod,sobol,7,35,1.3168303638507015,1.1382771629499375,2.763941291719675,0.7032175417989492
target,hymod,sobol,7,36,1.3168303638507015,1.1382771629499375,2.83031175006181,0.7188216666691005
target,hymod,sobol,7,37,1.3168303638507015,1.1382771629499375,2.9022309170104563,0.735129832290113
target,hymod,sobol,7,38,1.3168303638507015,1.1382771629499375,2.979336124844849,0.7494753743521869
target,hymod,sobol,7,39,1.3168303638507015,1.1382771629499375,3.057485291734338,0.769537540152669
target,hymod,sobol,7,40,1.3168303638507015,1.1382771629499375,3.125907124951482,0.7855204995721579
target,hymod,sobol,7,41,1.3168303638507015,1.1382771629499375,3.193257541861385,0.8009290406480432
target,hymod,sobol,7,42,1.3168303638507015,1.1382771629499375,3.261578499805182,0.8152313316240907
target,hymod,sobol,7,43,1.3168303638507015,1.1382771629499375,3.3365831249393523,0.8305571232922375
target,hymod,sobol,7,44,1.3168303638507015,1.1382771629499375,3.4296112088486552,0.8512829565443099
target,hymod,sobol,7,45,1.3168303638507015,1.1382771629499375,3.5271107088774443,0.8750224974937737
target,hymod,sobol,7,46,1.3168303638507015,1.1382771629499375,3.6238468340598047,0.8965704143047333
target,hymod,sobol,7,47,1.3168303638507015,1.1382771629499375,3.718245333991945,0.9178741225041449
target,hymod,sobol,7,48,1.3168303638507015,1.1382771629499375,3.81450462481007,0.9408127055503428
target,hymod,sobol,7,49,1.3168303638507015,1.1382771629499375,3.904163416940719,0.9619435807690024
target,hymod,sobol,7,50,1.3168303638507015,1.1382771629499375,3.9900703746825457,0.9813374150544405
target,hymod,sobol,7,51,1.3168303638507015,1.1382771629499375,4.076238499954343,1.0006166654638946
target,hymod,sobol,7,52,1.3168303638507015,1.1382771629499375,4.162793458905071,1.0210662907920778
target,hymod,sobol,7,53,1.3168303638507015,1.1382771629499375,4.2510273340158165,1.0415026657283306
target,hymod,sobol,7,54,1.3168303638507015,1.1382771629499375,4.3394882921129465,1.0605319999158382
target,hymod,sobol,7,55,1.3168303638507015,1.1382771629499375,4.424116124864668,1.079008209053427
target,hymod,sobol,7,56,1.3168303638507015,1.1382771629499375,4.507395874708891,1.0978061673231423
target,hymod,sobol,7,57,1.3168303638507015,1.1382771629499375,4.592454459052533,1.1166185420006514
target,hymod,sobol,7,58,1.3168303638507015,1.1382771629499375,4.675879458896816,1.1345903342589736
target,hymod,sobol,7,59,1.3168303638507015,1.1382771629499375,4.761061958968639,1.1526018343865871
target,hymod,sobol,7,60,1.3168303638507015,1.1382771629499375,4.844026291742921,1.170239334460348
target,hymod,sobol,7,61,1.3168303638507015,1.1382771629499375,4.925182166974992,1.1875682924874127
target,hymod,sobol,7,62,1.3168303638507015,1.1382771629499375,5.001141000073403,1.203556876629591
target,hymod,sobol,7,63,1.3168303638507015,1.1382771629499375,5.0721198339015245,1.2176550435833633
target,hymod,sobol,7,64,1.3168303638507015,1.1382771629499375,5.154591833706945,1.2364907935261726
target,hymod,sobol,7,65,1.3168303638507015,1.1382771629499375,5.232351250015199,1.252888668794185
target,hymod,sobol,7,66,1.3168303638507015,1.1382771629499375,5.3151245838962495,1.270666834898293
target,hymod,sobol,7,67,1.3168303638507015,1.1382771629499375,5.387161958962679,1.2849092930555344
target,hymod,sobol,7,68,1.3168303638507015,1.1382771629499375,5.462858583778143,1.299787502270192
target,hymod,sobol,7,69,1.3168303638507015,1.1382771629499375,5.538818624801934,1.31482312688604
target,hymod,sobol,7,70,1.3168303638507015,1.1382771629499375,5.688885208684951,1.3295829189009964
target,hymod,sobol,7,71,1.3168303638507015,1.1382771629499375,5.781639374792576,1.3470757938921452
target,hymod,sobol,7,72,1.3168303638507015,1.1382771629499375,5.874872792046517,1.3658001688309014
target,hymod,sobol,7,73,1.3168303638507015,1.1382771629499375,5.971883374731988,1.3847470437176526
target,hymod,sobol,7,74,1.3168303638507015,1.1382771629499375,6.063230041880161,1.4002064606174827
target,hymod,sobol,7,75,1.3168303638507015,1.1382771629499375,6.154344416689128,1.4185515437275171
target,hymod,sobol,7,76,1.3168303638507015,1.1382771629499375,6.243291333783418,1.4364402517676353
target,hymod,sobol,7,77,1.3168303638507015,1.1382771629499375,6.333869291935116,1.4541804604232311
target,hymod,sobol,7,78,1.3168303638507015,1.1382771629499375,6.4214122500270605,1.4708581687882543
target,hymod,sobol,7,79,1.3168303638507015,1.1382771629499375,6.511380166746676,1.486897793598473
target,hymod,sobol,7,80,1.3168303638507015,1.1382771629499375,6.605762999970466,1.505689752753824
target,hymod,sobol,7,81,1.3168303638507015,1.1382771629499375,6.698793292045593,1.5244340859353542
target,hymod,sobol,7,82,1.3168303638507015,1.1382771629499375,6.7874146667309105,1.5419094609096646
target,hymod,sobol,7,83,1.3168303638507015,1.1382771629499375,6.874703833833337,1.5586401270702481
target,hymod,sobol,7,84,1.3168303638507015,1.1382771629499375,6.968253166880459,1.5758622521534562
target,hymod,sobol,7,85,1.3168303638507015,1.1382771629499375,7.061611124780029,1.5928455023095012
target,hymod,sobol,7,86,1.3168303638507015,1.1382771629499375,7.148744834121317,1.607438293285668
target,hymod,sobol,7,87,1.3168303638507015,1.1382771629499375,7.230657083913684,1.6216077515855432
target,hymod,sobol,7,88,1.3168303638507015,1.1382771629499375,7.31801175000146,1.6367117096669972
target,hymod,sobol,7,89,1.3168303638507015,1.1382771629499375,7.415432458743453,1.653009376488626
target,hymod,sobol,7,90,1.3168303638507015,1.1382771629499375,7.505092458799481,1.6687884172424674
target,hymod,sobol,7,91,1.3168303638507015,1.1382771629499375,7.59060391690582,1.6831656671129167
target,hymod,sobol,7,92,1.3168303638507015,1.1382771629499375,7.676822584122419,1.6989379171282053
target,hymod,sobol,7,93,1.3168303638507015,1.1382771629499375,7.769033083692193,1.714624626096338
target,hymod,sobol,7,94,1.3168303638507015,1.1382771629499375,7.860278541687876,1.730315166991204
target,hymod,sobol,7,95,1.3168303638507015,1.1382771629499375,7.957481584046036,1.746512542013079
target,hymod,sobol,7,96,1.3168303638507015,1.1382771629499375,8.055641334038228,1.7645110422745347
target,hymod,sobol,7,97,1.3168303638507015,1.1382771629499375,8.151227083988488,1.7826452096924186
target,hymod,sobol,7,98,1.3168303638507015,1.1382771629499375,8.24451916711405,1.7990822936408222
target,hymod,sobol,7,99,1.3168303638507015,1.1382771629499375,8.33810166688636,1.815463793464005
target,hymod,sobol,7,100,1.3168303638507015,1.1382771629499375,8.436108292080462,1.8328557517379522
target,hymod,sobol,7,101,1.3168303638507015,1.1382771629499375,8.54968687472865,1.858225043863058
target,hymod,sobol,7,102,1.3168303638507015,1.1382771629499375,8.666076624765992,1.8763855015859008
target,hymod,sobol,7,103,1.3168303638507015,1.1382771629499375,8.785047624725848,1.8937914595007896
target,hymod,sobol,7,104,1.3168303638507015,1.1382771629499375,8.919326167088002,1.918789251241833
target,hymod,sobol,7,105,1.3168303638507015,1.1382771629499375,9.04525841679424,1.9391645421274006
target,hymod,sobol,7,106,1.3168303638507015,1.1382771629499375,9.170938999857754,1.957423834130168
target,hymod,sobol,7,107,1.3168303638507015,1.1382771629499375,9.277641375083476,1.9749294589273632
target,hymod,sobol,7,108,1.3168303638507015,1.1382771629499375,9.366905624978244,1.990344958845526
target,hymod,sobol,7,109,1.3168303638507015,1.1382771629499375,9.456824416760355,2.005435708910227
target,hymod,sobol,7,110,1.3168303638507015,1.1382771629499375,9.549870791845024,2.023270000703633
target,hymod,sobol,7,111,1.3168303638507015,1.1382771629499375,9.652574459090829,2.0379701256752014
target,hymod,sobol,7,112,1.3168303638507015,1.1382771629499375,9.747105749789625,2.054107417818159
target,hymod,sobol,7,113,1.3168303638507015,1.1382771629499375,9.838842583820224,2.0692747086286545
target,hymod,sobol,7,114,1.3168303638507015,1.1382771629499375,9.92966708401218,2.084059750661254
target,hymod,sobol,7,115,1.3168303638507015,1.1382771629499375,10.037418041843921,2.1004230845719576
target,hymod,sobol,7,116,1.3168303638507015,1.1382771629499375,10.15380841679871,2.1201801686547697
target,hymod,sobol,7,117,1.3168303638507015,1.1382771629499375,10.265659041702747,2.1387587105855346
target,hymod,sobol,7,118,1.3168303638507015,1.1382771629499375,10.37906795879826,2.1565192523412406
target,hymod,sobol,7,119,1.3168303638507015,1.1382771629499375,10.491806792095304,2.174063461367041
target,hymod,sobol,7,120,1.3168303638507015,1.1382771629499375,10.659774208907038,2.1910593365319073
target,hymod,sobol,7,121,1.3168303638507015,1.1382771629499375,10.76464212499559,2.2086876705288887
target,hymod,sobol,7,122,1.3168303638507015,1.1382771629499375,10.866880416870117,2.2251183786429465
target,hymod,sobol,7,123,1.3168303638507015,1.1382771629499375,10.970232249703258,2.2414087536744773
target,hymod,sobol,7,124,1.3168303638507015,1.1382771629499375,11.07443349994719,2.2586518367752433
target,hymod,sobol,7,125,1.3168303638507015,1.1382771629499375,11.179283834062517,2.275958336889744
target,hymod,sobol,7,126,1.3168303638507015,1.1382771629499375,11.28529049968347,2.292479587253183
target,hymod,sobol,7,127,1.3168303638507015,1.1382771629499375,11.38897095900029,2.3076205453835428
target,hymod,sobol,7,128,1.3168303638507015,1.1382771629499375,11.490590834058821,2.3240940454415977
target,hymod,sobol,7,129,1.3168303638507015,1.1382771629499375,11.596609416883439,2.340177462436259
target,hymod,sobol,7,130,1.3168303638507015,1.1382771629499375,11.699590083677322,2.355624712537974
target,hymod,sobol,7,131,1.3168303638507015,1.1382771629499375,11.795123666990548,2.369939628522843
target,hymod,sobol,7,132,1.3168303638507015,1.1382771629499375,11.893673750106245,2.3847571280784905
target,hymod,sobol,7,133,1.3168303638507015,1.1382771629499375,12.002336292061955,2.401241462212056
target,hymod,sobol,7,134,1.3168303638507015,1.1382771629499375,12.109056499786675,2.4172728792764246
target,hymod,sobol,7,135,1.3168303638507015,1.1382771629499375,12.217394459061325,2.4329625871032476
target,hymod,sobol,7,136,1.3168303638507015,1.1382771629499375,12.334804583806545,2.45168292010203
target,hymod,sobol,7,137,1.3168303638507015,1.1382771629499375,12.452487084083259,2.469982586801052
target,hymod,sobol,7,138,1.3168303638507015,1.1382771629499375,12.567572542000562,2.4866230450570583
target,hymod,sobol,7,139,1.3168303638507015,1.1382771629499375,12.679151124786586,2.5034712948836386
target,hymod,sobol,7,140,1.3168303638507015,1.1382771629499375,12.79021945875138,2.52097591990605
target,hymod,sobol,7,141,1.3168303638507015,1.1382771629499375,12.894611708819866,2.5373650859110057
target,hymod,sobol,7,142,1.3168303638507015,1.1382771629499375,12.997972541954368,2.552666711155325
target,hymod,sobol,7,143,1.3168303638507015,1.1382771629499375,13.106497624889016,2.5692405863665044
target,hymod,sobol,7,144,1.3168303638507015,1.1382771629499375,13.22092116670683,2.5857388363219798
target,hymod,sobol,7,145,1.3168303638507015,1.1382771629499375,13.33337716711685,2.6024561692029238
target,hymod,sobol,7,146,1.3168303638507015,1.1382771629499375,13.445363875012845,2.6191195021383464
target,hymod,sobol,7,147,1.3168303638507015,1.1382771629499375,13.566149791702628,2.6408577519468963
target,hymod,sobol,7,148,1.3168303638507015,1.1382771629499375,13.741322374902666,2.657034001778811
target,hymod,sobol,7,149,1.3168303638507015,1.1382771629499375,13.851445499807596,2.6724810018204153
target,hymod,sobol,7,150,1.3168303638507015,1.1382771629499375,13.963118583895266,2.6879837517626584
target,hymod,sobol,7,151,1.3168303638507015,1.1382771629499375,14.079586334060878,2.702838501892984
target,hymod,sobol,7,152,1.3168303638507015,1.1382771629499375,14.204486541915685,2.7230603769421577
target,hymod,sobol,7,153,1.3168303638507015,1.1382771629499375,14.313183249905705,2.739166168961674
target,hymod,sobol,7,154,1.3168303638507015,1.1382771629499375,14.442347541917115,2.7533518779091537
target,hymod,sobol,7,155,1.3168303638507015,1.1382771629499375,14.594041208736598,2.7746135857887566
target,hymod,sobol,7,156,1.3168303638507015,1.1382771629499375,14.747868624981493,2.7955152527429163
target,hymod,sobol,7,157,1.3168303638507015,1.1382771629499375,14.900153124704957,2.8182572117075324
target,hymod,sobol,7,158,1.3168303638507015,1.1382771629499375,15.05390691710636,2.8395840455777943
target,hymod,sobol,7,159,1.3168303638507015,1.1382771629499375,15.21057887468487,2.86119421152398
target,hymod,sobol,7,160,1.3168303638507015,1.1382771629499375,15.374264833983034,2.885730628389865
target,hymod,sobol,7,161,1.3168303638507015,1.1382771629499375,15.528542624786496,2.908476961310953
target,hymod,sobol,7,162,1.3168303638507015,1.1382771629499375,15.680204583797604,2.92990346159786
target,hymod,sobol,7,163,1.3168303638507015,1.1382771629499375,15.836013041902333,2.951513420790434
target,hymod,sobol,7,164,1.3168303638507015,1.1382771629499375,15.977678874973208,2.9717357959598303
target,hymod,sobol,7,165,1.3168303638507015,1.1382771629499375,16.113752250093967,2.992336962837726
target,hymod,sobol,7,166,1.3168303638507015,1.1382771629499375,16.247282458934933,3.009964879602194
target,hymod,sobol,7,167,1.3168303638507015,1.1382771629499375,16.36251962510869,3.026417296845466
target,hymod,sobol,7,168,1.3168303638507015,1.1382771629499375,16.56337945908308,3.0483592548407614
target,hymod,sobol,7,169,1.3168303638507015,1.1382771629499375,16.684474249836057,3.064334462862462
target,hymod,sobol,7,170,1.3168303638507015,1.1382771629499375,16.795191833749413,3.0784967956133187
target,hymod,sobol,7,171,1.3168303638507015,1.1382771629499375,16.981556917075068,3.1068529207259417
target,hymod,sobol,7,172,1.3168303638507015,1.1382771629499375,17.16576979169622,3.132754545658827
target,hymod,sobol,7,173,1.3168303638507015,1.1382771629499375,17.34845891688019,3.1576753784902394
target,hymod,sobol,7,174,1.3168303638507015,1.1382771629499375,17.52812479203567,3.182081336621195
target,hymod,sobol,7,175,1.3168303638507015,1.1382771629499375,17.696876166854054,3.205923294648528
target,hymod,sobol,7,176,1.3168303638507015,1.1382771629499375,17.85934583377093,3.2288835868239403
target,hymod,sobol,7,177,1.3168303638507015,1.1382771629499375,18.02408733405173,3.2517315447330475
target,hymod,sobol,7,178,1.3168303638507015,1.1382771629499375,18.194141916930676,3.273768377956003
target,hymod,sobol,7,179,1.3168303638507015,1.1382771629499375,18.363438999745995,3.29654337791726
target,hymod,sobol,7,180,1.3168303638507015,1.1382771629499375,18.50543662486598,3.314455502666533
target,hymod,sobol,7,181,1.3168303638507015,1.1382771629499375,18.65962504176423,3.336074461694807
target,hymod,sobol,7,182,1.3168303638507015,1.1382771629499375,18.814215833786875,3.3574438369832933
target,hymod,sobol,7,183,1.3168303638507015,1.1382771629499375,18.944821042008698,3.3734708791598678
target,hymod,sobol,7,184,1.3168303638507015,1.1382771629499375,19.06858754204586,3.389357795007527
target,hymod,sobol,7,185,1.3168303638507015,1.1382771629499375,19.30559820868075,3.4082647119648755
target,hymod,sobol,7,186,1.3168303638507015,1.1382771629499375,19.44476241711527,3.422231337055564
target,hymod,sobol,7,187,1.3168303638507015,1.1382771629499375,19.64705004170537,3.455258504021913
target,hymod,sobol,7,188,1.3168303638507015,1.1382771629499375,19.859421958681196,3.486018587835133
target,hymod,sobol,7,189,1.3168303638507015,1.1382771629499375,20.067388500086963,3.51286050491035
target,hymod,sobol,7,190,1.3168303638507015,1.1382771629499375,20.260578542016447,3.537105380091816
target,hymod,sobol,7,191,1.3168303638507015,1.1382771629499375,20.45047845877707,3.5613072961568832
target,hymod,sobol,7,192,1.3168303638507015,1.1382771629499375,20.635250667110085,3.586772629059851
target,hymod,sobol,7,193,1.3168303638507015,1.1382771629499375,20.806530749890953,3.609613213222474
target,hymod,sobol,7,194,1.3168303638507015,1.1382771629499375,21.04362262506038,3.6308572134003043
target,hymod,sobol,7,195,1.3168303638507015,1.1382771629499375,21.227298291865736,3.6533132544718683
target,hymod,sobol,7,196,1.3168303638507015,1.1382771629499375,21.399208958726376,3.6760497544892132
target,hymod,sobol,7,197,1.3168303638507015,1.1382771629499375,21.545354374684393,3.6974673373624682
target,hymod,sobol,7,198,1.3168303638507015,1.1382771629499375,21.684208000078797,3.7117767124436796
target,hymod,sobol,7,199,1.3168303638507015,1.1382771629499375,21.848174208775163,3.7296592546626925
target,hymod,sobol,7,200,1.3168303638507015,1.1382771629499375,22.037462916690856,3.7488455879502
target,hymod,bo,7,1,1.9594275586787613,1.1382771629499375,0.1279471656307578,0.032374583184719086
target,hymod,bo,7,2,1.9594275586787613,1.1382771629499375,0.21294791577383876,0.05615941574797034
target,hymod,bo,7,3,1.9594275586787613,1.1382771629499375,0.30187029065564275,0.08151220763102174
target,hymod,bo,7,4,1.9594275586787613,1.1382771629499375,0.39257574966177344,0.10730649949982762
target,hymod,bo,7,5,1.9594275586787613,1.1382771629499375,0.48435824969783425,0.13530037458986044
target,hymod,bo,7,6,1.9594275586787613,1.1382771629499375,0.5710045825690031,0.1577878324314952
target,hymod,bo,7,7,1.9594275586787613,1.1382771629499375,0.6564984577707946,0.18239691527560353
target,hymod,bo,7,8,1.9594275586787613,1.1382771629499375,0.7460507079958916,0.20806658128276467
target,hymod,bo,7,9,1.635929979289479,1.1382771629499375,0.9982947078533471,0.23376478953287005
target,hymod,bo,7,10,1.635929979289479,1.1382771629499375,1.239226957783103,0.25633858144283295
target,hymod,bo,7,11,1.635929979289479,1.1382771629499375,1.5084672910161316,0.27925378968939185
target,hymod,bo,7,12,1.635929979289479,1.1382771629499375,1.7846097499132156,0.3006902476772666
target,hymod,bo,7,13,1.635929979289479,1.1382771629499375,2.043922415934503,0.32220320543274283
target,hymod,bo,7,14,1.635929979289479,1.1382771629499375,2.2368607497774065,0.33974045561626554
target,hymod,bo,7,15,1.635929979289479,1.1382771629499375,2.435953374952078,0.3551294137723744
target,hymod,bo,7,16,1.4122988209560945,1.1382771629499375,2.6377208749763668,0.3731439560651779
target,hymod,bo,7,17,1.4122988209560945,1.1382771629499375,2.8050365829840302,0.38836245611310005
target,hymod,bo,7,18,1.2553952463008538,1.1382771629499375,3.1243347907438874,0.41788795636966825
target,hymod,bo,7,19,1.2553952463008538,1.1382771629499375,3.386248332913965,0.44362628972157836
target,hymod,bo,7,20,1.2553952463008538,1.1382771629499375,3.6648172908462584,0.470532831735909
target,hymod,bo,7,21,1.2553952463008538,1.1382771629499375,3.9289222080260515,0.493367915507406
target,hymod,bo,7,22,1.2553952463008538,1.1382771629499375,4.182461165823042,0.5149496654048562
target,hymod,bo,7,23,1.2553952463008538,1.1382771629499375,4.420436832588166,0.5375140407122672
target,hymod,bo,7,24,1.2553952463008538,1.1382771629499375,4.651580499950796,0.5604552496224642
target,hymod,bo,7,25,1.2553952463008538,1.1382771629499375,4.861785207875073,0.5773975406773388
target,hymod,bo,7,26,1.2553952463008538,1.1382771629499375,5.0611097905784845,0.5981827490031719
target,hymod,bo,7,27,1.2553952463008538,1.1382771629499375,5.287278082687408,0.6253284569829702
target,hymod,bo,7,28,1.2553952463008538,1.1382771629499375,5.4797348328866065,0.6414095819927752
target,hymod,bo,7,29,1.2553952463008538,1.1382771629499375,5.813230624888092,0.6708200410939753
target,hymod,bo,7,30,1.2553952463008538,1.1382771629499375,6.136501999571919,0.6973518328741193
target,hymod,bo,7,31,1.2553952463008538,1.1382771629499375,6.52529574977234,0.723298916593194
target,hymod,bo,7,32,1.2553952463008538,1.1382771629499375,6.833411540836096,0.7464606245048344
target,hymod,bo,7,33,1.2553952463008538,1.1382771629499375,7.117712624836713,0.7693177084438503
target,hymod,bo,7,34,1.2553952463008538,1.1382771629499375,7.33426454057917,0.7913346663117409
target,hymod,bo,7,35,1.2553952463008538,1.1382771629499375,7.567484166007489,0.8073472087271512
target,hymod,bo,7,36,1.2553952463008538,1.1382771629499375,7.784820374567062,0.822757625952363
target,hymod,bo,7,37,1.2553952463008538,1.1382771629499375,8.026050499640405,0.8423461257480085
target,hymod,bo,7,38,1.2553952463008538,1.1382771629499375,8.261101000010967,0.8608832084573805
target,hymod,bo,7,39,1.2553952463008538,1.1382771629499375,8.521029165945947,0.8801060835830867
target,hymod,bo,7,40,1.2553952463008538,1.1382771629499375,8.7440928327851,0.8980265003629029
target,hymod,bo,7,41,1.2553952463008538,1.1382771629499375,8.97385595785454,0.9157416666857898
target,hymod,bo,7,42,1.2553952463008538,1.1382771629499375,9.211304832715541,0.9337768335826695
target,hymod,bo,7,43,1.2553952463008538,1.1382771629499375,9.445545957889408,0.9496381664648652
target,hymod,bo,7,44,1.2553952463008538,1.1382771629499375,9.667873040772974,0.963686041533947
target,hymod,bo,7,45,1.2553952463008538,1.1382771629499375,9.82609083270654,0.9776217085309327
target,hymod,bo,7,46,1.2553952463008538,1.1382771629499375,10.015178124886006,0.9924845416098833
target,hymod,bo,7,47,1.2553952463008538,1.1382771629499375,10.282941415905952,1.0101702506653965
target,hymod,bo,7,48,1.2553952463008538,1.1382771629499375,10.499297790694982,1.0249009164981544
target,hymod,bo,7,49,1.2553952463008538,1.1382771629499375,10.783344666007906,1.0414366242475808
target,hymod,bo,7,50,1.2553952463008538,1.1382771629499375,11.028623332735151,1.0558796245604753
target,hymod,bo,7,51,1.2553952463008538,1.1382771629499375,11.321015707682818,1.0770102916285396
target,hymod,bo,7,52,1.2385533929804302,1.1382771629499375,11.650192624889314,1.096014125738293
target,hymod,bo,7,53,1.2385533929804302,1.1382771629499375,11.980598457623273,1.1173715428449214
target,hymod,bo,7,54,1.2385533929804302,1.1382771629499375,12.39794349996373,1.1367180836386979
target,hymod,bo,7,55,1.2385533929804302,1.1382771629499375,12.657618124969304,1.1523524587973952
target,hymod,bo,7,56,1.2385533929804302,1.1382771629499375,13.018034124746919,1.1740245413966477
target,hymod,bo,7,57,1.2385533929804302,1.1382771629499375,13.379557583015412,1.1944265831261873
target,hymod,bo,7,58,1.2385533929804302,1.1382771629499375,13.656350082717836,1.2137439576908946
target,hymod,bo,7,59,1.2385533929804302,1.1382771629499375,13.9343769159168,1.2330019157379866
target,hymod,bo,7,60,1.2385533929804302,1.1382771629499375,14.239442790858448,1.2499128328636289
target,hymod,bo,7,61,1.2385533929804302,1.1382771629499375,14.521190040744841,1.2688297489657998
target,hymod,bo,7,62,1.2385533929804302,1.1382771629499375,14.806038874667138,1.2839772487059236
target,hymod,bo,7,63,1.2385533929804302,1.1382771629499375,15.064536624588072,1.297794206533581
target,hymod,bo,7,64,1.2385533929804302,1.1382771629499375,15.35614208271727,1.3153512896969914
target,hymod,bo,7,65,1.2385533929804302,1.1382771629499375,15.691425124648958,1.3334130397997797
target,hymod,bo,7,66,1.2385533929804302,1.1382771629499375,16.0034270407632,1.350902372971177
target,hymod,bo,7,67,1.2385533929804302,1.1382771629499375,16.25925041595474,1.3697449141182005
target,hymod,bo,7,68,1.2385533929804302,1.1382771629499375,16.577500249724835,1.3869447060860693
target,hymod,bo,7,69,1.2385533929804302,1.1382771629499375,16.835003374610096,1.4018627889454365
target,hymod,bo,7,70,1.2385533929804302,1.1382771629499375,17.110572832636535,1.4173008310608566
target,hymod,bo,7,71,1.2385533929804302,1.1382771629499375,17.321899374946952,1.4315529149025679
target,hymod,bo,7,72,1.2385533929804302,1.1382771629499375,17.549495124723762,1.4494031239300966
target,hymod,bo,7,73,1.2385533929804302,1.1382771629499375,17.854837249964476,1.467260749079287
target,hymod,bo,7,74,1.2385533929804302,1.1382771629499375,18.05734399985522,1.4844787074252963
target,hymod,bo,7,75,1.2385533929804302,1.1382771629499375,18.45005066599697,1.500978457275778
target,hymod,bo,7,76,1.2271244019526855,1.1382771629499375,18.741818374954164,1.5158459995873272
target,hymod,bo,7,77,1.2271244019526855,1.1382771629499375,19.001423082780093,1.5300373323261738
target,hymod,bo,7,78,1.2271244019526855,1.1382771629499375,19.238327832892537,1.5458178324624896
target,hymod,bo,7,79,1.2271244019526855,1.1382771629499375,19.451961832586676,1.560415749438107
target,hymod,bo,7,80,1.2271244019526855,1.1382771629499375,19.695912749972194,1.5777631662786007
target,hymod,bo,7,81,1.2103756814682112,1.1382771629499375,20.0631005410105,1.5943286251276731
target,hymod,bo,7,82,1.2103756814682112,1.1382771629499375,20.26037854095921,1.610653208103031
target,hymod,bo,7,83,1.2103756814682112,1.1382771629499375,20.57080291584134,1.6271304581314325
target,hymod,bo,7,84,1.2103756814682112,1.1382771629499375,20.88205091562122,1.643485083244741
target,hymod,bo,7,85,1.2103756814682112,1.1382771629499375,21.351993083022535,1.6575703332200646
target,hymod,bo,7,86,1.2065052395170845,1.1382771629499375,21.679178833030164,1.6741356253623962
target,hymod,bo,7,87,1.2065052395170845,1.1382771629499375,22.01300491578877,1.6895565832965076
target,hymod,bo,7,88,1.2065052395170845,1.1382771629499375,22.508727457839996,1.7048680423758924
target,hymod,bo,7,89,1.1970827257169363,1.1382771629499375,22.895533374976367,1.7206232505850494
target,hymod,bo,7,90,1.1970827257169363,1.1382771629499375,23.27928283298388,1.7348974589258432
target,hymod,bo,7,91,1.1970827257169363,1.1382771629499375,23.621667832601815,1.7511922512203455
target,hymod,bo,7,92,1.1970827257169363,1.1382771629499375,23.923803249839693,1.767763625830412
target,hymod,bo,7,93,1.1970827257169363,1.1382771629499375,24.2229141658172,1.7856467086821795
target,hymod,bo,7,94,1.1970827257169363,1.1382771629499375,24.50410912465304,1.8030395833775401
target,hymod,bo,7,95,1.1970827257169363,1.1382771629499375,24.816037874668837,1.819067791569978
target,hymod,bo,7,96,1.1970827257169363,1.1382771629499375,25.166832583025098,1.8385351663455367
target,hymod,bo,7,97,1.1970827257169363,1.1382771629499375,25.55152099998668,1.8528538323007524
target,hymod,bo,7,98,1.1970827257169363,1.1382771629499375,25.837437332607806,1.8712599575519562
target,hymod,bo,7,99,1.1970827257169363,1.1382771629499375,26.24282179074362,1.8901571235619485
target,hymod,bo,7,100,1.1970827257169363,1.1382771629499375,26.633858332876116,1.9109273734502494
target,hymod,bo,7,101,1.1970827257169363,1.1382771629499375,27.141102915629745,1.928694998845458
target,hymod,bo,7,102,1.1970827257169363,1.1382771629499375,27.529847415629774,1.9454312068410218
target,hymod,bo,7,103,1.1970827257169363,1.1382771629499375,27.78975833300501,1.959354248829186
target,hymod,bo,7,104,1.1970827257169363,1.1382771629499375,28.15037608286366,1.975929165724665
target,hymod,bo,7,105,1.1970827257169363,1.1382771629499375,28.52532308269292,1.9938036240637302
target,hymod,bo,7,106,1.1970827257169363,1.1382771629499375,28.870633957907557,2.0115379570052028
target,hymod,bo,7,107,1.1970827257169363,1.1382771629499375,29.302050290629268,2.027872373815626
target,hymod,bo,7,108,1.1970827257169363,1.1382771629499375,29.681030582636595,2.042229123879224
target,hymod,bo,7,109,1.1970827257169363,1.1382771629499375,30.147518874611706,2.058106874115765
target,hymod,bo,7,110,1.1970827257169363,1.1382771629499375,30.50870499992743,2.0757590821012855
target,hymod,bo,7,111,1.1970827257169363,1.1382771629499375,30.8713023327291,2.0934074567630887
target,hymod,bo,7,112,1.1970827257169363,1.1382771629499375,31.214354707859457,2.1108297067694366
target,hymod,bo,7,113,1.1970827257169363,1.1382771629499375,31.58020316576585,2.127020748797804
target,hymod,bo,7,114,1.1970827257169363,1.1382771629499375,31.974129874724895,2.1432994566857815
target,hymod,bo,7,115,1.1970827257169363,1.1382771629499375,32.385034082923084,2.158214373514056
target,hymod,bo,7,116,1.1970827257169363,1.1382771629499375,32.76609162474051,2.175006498582661
target,hymod,bo,7,117,1.1970827257169363,1.1382771629499375,33.17826849967241,2.1926729986444116
target,hymod,bo,7,118,1.1947862046056594,1.1382771629499375,33.64686574973166,2.209321206435561
target,hymod,bo,7,119,1.1947862046056594,1.1382771629499375,33.982492791023105,2.223585915286094
target,hymod,bo,7,120,1.1947862046056594,1.1382771629499375,34.29641716601327,2.2381183323450387
target,hymod,bo,7,121,1.1947862046056594,1.1382771629499375,34.665870665572584,2.2525178734213114
target,hymod,bo,7,122,1.1947862046056594,1.1382771629499375,35.09172795759514,2.2697814987041056
target,hymod,bo,7,123,1.1947862046056594,1.1382771629499375,35.59136499976739,2.287410707678646
target,hymod,bo,7,124,1.1947862046056594,1.1382771629499375,36.024219082668424,2.3025629986077547
target,hymod,bo,7,125,1.1947862046056594,1.1382771629499375,36.446390790864825,2.317424582783133
target,hymod,bo,7,126,1.1947862046056594,1.1382771629499375,36.9566199160181,2.3350822078064084
target,hymod,bo,7,127,1.1947862046056594,1.1382771629499375,37.363089374732226,2.351676333229989
target,hymod,bo,7,128,1.1947862046056594,1.1382771629499375,37.7887044576928,2.3694363329559565
target,hymod,bo,7,129,1.1947862046056594,1.1382771629499375,38.24178595794365,2.3842423749156296
target,hymod,bo,7,130,1.1947862046056594,1.1382771629499375,38.68671479076147,2.398404915817082
target,hymod,bo,7,131,1.1947862046056594,1.1382771629499375,39.03028066596016,2.4173055407591164
target,hymod,bo,7,132,1.1947862046056594,1.1382771629499375,39.54887741571292,2.4338102908805013
target,hymod,bo,7,133,1.1947862046056594,1.1382771629499375,40.07604658277705,2.450684207957238
target,hymod,bo,7,134,1.1947862046056594,1.1382771629499375,40.51201666565612,2.4674262921325862
target,hymod,bo,7,135,1.1947862046056594,1.1382771629499375,40.959268582984805,2.4837241671048105
target,hymod,bo,7,136,1.1947862046056594,1.1382771629499375,41.37996816588566,2.5011374172754586
target,hymod,bo,7,137,1.1947862046056594,1.1382771629499375,41.84449412487447,2.5189390424638987
target,hymod,bo,7,138,1.1947862046056594,1.1382771629499375,42.318097540643066,2.5347922923974693
target,hymod,bo,7,139,1.1947862046056594,1.1382771629499375,42.74433008302003,2.548937459476292
target,hymod,bo,7,140,1.1947862046056594,1.1382771629499375,43.2393836658448,2.565849750302732
target,hymod,bo,7,141,1.1947862046056594,1.1382771629499375,43.69588699983433,2.5830372502095997
target,hymod,bo,7,142,1.1947862046056594,1.1382771629499375,44.2368317078799,2.6004563332535326
target,hymod,bo,7,143,1.1947862046056594,1.1382771629499375,44.811117582954466,2.6151360413059592
target,hymod,bo,7,144,1.1947862046056594,1.1382771629499375,45.35988591564819,2.6295185829512775
target,hymod,bo,7,145,1.1947862046056594,1.1382771629499375,45.868229165673256,2.6467896667309105
target,hymod,bo,7,146,1.1947862046056594,1.1382771629499375,46.47688733274117,2.6632237918674946
target,hymod,bo,7,147,1.1947862046056594,1.1382771629499375,47.0068742078729,2.678149291779846
target,hymod,bo,7,148,1.1947862046056594,1.1382771629499375,47.46117683267221,2.692136500030756
target,hymod,bo,7,149,1.1947862046056594,1.1382771629499375,48.01998033281416,2.707836791872978
target,hymod,bo,7,150,1.1947862046056594,1.1382771629499375,48.534656040836126,2.7240394577383995
target,hymod,bo,7,151,1.1947862046056594,1.1382771629499375,49.060000457800925,2.73907725000754
target,hymod,bo,7,152,1.1947862046056594,1.1382771629499375,49.638594957999885,2.7531070839613676
target,hymod,bo,7,153,1.1947862046056594,1.1382771629499375,50.19887491595,2.772051916923374
target,hymod,bo,7,154,1.1947862046056594,1.1382771629499375,50.59183104056865,2.7910597510635853
target,hymod,bo,7,155,1.1947862046056594,1.1382771629499375,51.1393333747983,2.8067465433850884
target,hymod,bo,7,156,1.1947862046056594,1.1382771629499375,51.77919887471944,2.821944460272789
target,hymod,bo,7,157,1.1947862046056594,1.1382771629499375,52.52774995798245,2.8383603771217167
target,hymod,bo,7,158,1.1947862046056594,1.1382771629499375,53.01093129068613,2.8560241679660976
target,hymod,bo,7,159,1.1947862046056594,1.1382771629499375,53.6609517079778,2.8733878773637116
target,hymod,bo,7,160,1.1947862046056594,1.1382771629499375,54.28534541558474,2.892429002560675
target,hymod,bo,7,161,1.1947862046056594,1.1382771629499375,55.01557866577059,2.9115920029580593
target,hymod,bo,7,162,1.1947862046056594,1.1382771629499375,55.75632004067302,2.928812294267118
target,hymod,bo,7,163,1.1947862046056594,1.1382771629499375,56.73122874973342,2.945238461252302
target,hymod,bo,7,164,1.1947862046056594,1.1382771629499375,57.32988120801747,2.962027794215828
target,hymod,bo,7,165,1.1947862046056594,1.1382771629499375,57.86815770762041,2.9758120444603264
target,hymod,bo,7,166,1.1947862046056594,1.1382771629499375,58.479964832775295,2.9928903775289655
target,hymod,bo,7,167,1.1947862046056594,1.1382771629499375,59.15664791595191,3.009261377621442
target,hymod,bo,7,168,1.1947862046056594,1.1382771629499375,59.71909899963066,3.0244118366390467
target,hymod,bo,7,169,1.1947862046056594,1.1382771629499375,60.25916758272797,3.042264586314559
target,hymod,bo,7,170,1.1947862046056594,1.1382771629499375,61.03430199995637,3.059889211319387
target,hymod,bo,7,171,1.1947862046056594,1.1382771629499375,61.73914508288726,3.0789045454002917
target,hymod,bo,7,172,1.1947862046056594,1.1382771629499375,62.38751162495464,3.0956359202973545
target,hymod,bo,7,173,1.1947862046056594,1.1382771629499375,63.055931540671736,3.1149579202756286
target,hymod,bo,7,174,1.1947862046056594,1.1382771629499375,63.98974599968642,3.1381665454246104
target,hymod,bo,7,175,1.1947862046056594,1.1382771629499375,64.63480874989182,3.1529409624636173
target,hymod,bo,7,176,1.1947862046056594,1.1382771629499375,65.24812616594136,3.1746468795463443
target,hymod,bo,7,177,1.1947862046056594,1.1382771629499375,65.94239549990743,3.19406192144379
target,hymod,bo,7,178,1.1947862046056594,1.1382771629499375,66.63603595783934,3.212151588406414
target,hymod,bo,7,179,1.1947862046056594,1.1382771629499375,67.2576372907497,3.2272225474007428
target,hymod,bo,7,180,1.1947862046056594,1.1382771629499375,67.94614170771092,3.245844964403659
target,hymod,bo,7,181,1.1947862046056594,1.1382771629499375,68.70521945785731,3.2626365893520415
target,hymod,bo,7,182,1.1947862046056594,1.1382771629499375,69.37951066577807,3.277587130200118
target,hymod,bo,7,183,1.1947862046056594,1.1382771629499375,70.03998604090884,3.2942902143113315
target,hymod,bo,7,184,1.1947862046056594,1.1382771629499375,70.70156008284539,3.3120835474692285
target,hymod,bo,7,185,1.1947862046056594,1.1382771629499375,71.45693495776504,3.328400964848697
target,hymod,bo,7,186,1.1947862046056594,1.1382771629499375,72.7157569997944,3.3522407566197217
target,hymod,bo,7,187,1.1947862046056594,1.1382771629499375,73.67431304091588,3.3697281312197447
target,hymod,bo,7,188,1.1947862046056594,1.1382771629499375,75.27148608257994,3.388801673427224
target,hymod,bo,7,189,1.1947862046056594,1.1382771629499375,76.64294274989516,3.405645339284092
target,hymod,bo,7,190,1.1947862046056594,1.1382771629499375,78.3235058747232,3.4514052970334888
target,hymod,bo,7,191,1.1947862046056594,1.1382771629499375,79.90312704071403,3.4728185064159334
target,hymod,bo,7,192,1.1947862046056594,1.1382771629499375,80.8421007907018,3.4896239237859845
target,hymod,bo,7,193,1.1947862046056594,1.1382771629499375,82.63462599972263,3.526737257838249
target,hymod,bo,7,194,1.1947862046056594,1.1382771629499375,83.9993582079187,3.5482650911435485
target,hymod,bo,7,195,1.1947862046056594,1.1382771629499375,85.6690524998121,3.578906715847552
target,hymod,bo,7,196,1.1947862046056594,1.1382771629499375,86.53430412476882,3.596890715882182
target,hymod,bo,7,197,1.1947862046056594,1.1382771629499375,88.0082387495786,3.627522423863411
target,hymod,bo,7,198,1.1947862046056594,1.1382771629499375,89.4634570828639,3.6749550909735262
target,hymod,bo,7,199,1.1947862046056594,1.1382771629499375,90.32499062502757,3.696330756880343
target,hymod,bo,7,200,1.1947862046056594,1.1382771629499375,92.11223654076457,3.7209888817742467
target,hymod,random,7,1,2.794136310971981,1.1382771629499375,0.13658054219558835,0.024235874880105257
target,hymod,random,7,2,1.767909593298982,1.1382771629499375,0.21761775016784668,0.047476334031671286
target,hymod,random,7,3,1.767909593298982,1.1382771629499375,0.2930534998886287,0.0695937923155725
target,hymod,random,7,4,1.3405803626486268,1.1382771629499375,0.36864516697824,0.09302116744220257
target,hymod,random,7,5,1.3405803626486268,1.1382771629499375,0.4438937921077013,0.11665925057604909
target,hymod,random,7,6,1.3405803626486268,1.1382771629499375,0.5131047079339623,0.13730883365496993
target,hymod,random,7,7,1.3405803626486268,1.1382771629499375,0.5868001249618828,0.15943283354863524
target,hymod,random,7,8,1.3405803626486268,1.1382771629499375,0.6496123331598938,0.1760867084376514
target,hymod,random,7,9,1.3405803626486268,1.1382771629499375,0.7149436250329018,0.19428408378735185
target,hymod,random,7,10,1.3405803626486268,1.1382771629499375,0.7803861671127379,0.21376525098457932
target,hymod,random,7,11,1.3405803626486268,1.1382771629499375,0.8490292499773204,0.2318599596619606
target,hymod,random,7,12,1.3405803626486268,1.1382771629499375,0.9144715829752386,0.24605895997956395
target,hymod,random,7,13,1.3405803626486268,1.1382771629499375,0.9737687078304589,0.26312941825017333
target,hymod,random,7,14,1.3405803626486268,1.1382771629499375,1.02949620783329,0.2774024591781199
target,hymod,random,7,15,1.3405803626486268,1.1382771629499375,1.0874527501873672,0.2924670013599098
target,hymod,random,7,16,1.3405803626486268,1.1382771629499375,1.1617845832370222,0.3080077935010195
target,hymod,random,7,17,1.3405803626486268,1.1382771629499375,1.2518282500095665,0.3285950431600213
target,hymod,random,7,18,1.3405803626486268,1.1382771629499375,1.353142541833222,0.3534519602544606
target,hymod,random,7,19,1.3405803626486268,1.1382771629499375,1.4608537079766393,0.3842864604666829
target,hymod,random,7,20,1.3405803626486268,1.1382771629499375,1.5627491669729352,0.4121800856664777
target,hymod,random,7,21,1.3405803626486268,1.1382771629499375,1.6592819578945637,0.43922112695872784
target,hymod,random,7,22,1.3405803626486268,1.1382771629499375,1.750372292008251,0.4601517100818455
target,hymod,random,7,23,1.3405803626486268,1.1382771629499375,1.8543024170212448,0.4877878352999687
target,hymod,random,7,24,1.3405803626486268,1.1382771629499375,1.9483718750998378,0.511569669470191
target,hymod,random,7,25,1.3155449303835993,1.1382771629499375,2.049612000118941,0.5370137523859739
target,hymod,random,7,26,1.3155449303835993,1.1382771629499375,2.1543936668895185,0.5640645851381123
target,hymod,random,7,27,1.3155449303835993,1.1382771629499375,2.262198249809444,0.5913336263038218
target,hymod,random,7,28,1.3155449303835993,1.1382771629499375,2.3664132920093834,0.6169793759472668
target,hymod,random,7,29,1.3155449303835993,1.1382771629499375,2.4649049169383943,0.6403351668268442
target,hymod,random,7,30,1.3155449303835993,1.1382771629499375,2.556534375064075,0.6640093750320375
target,hymod,random,7,31,1.3155449303835993,1.1382771629499375,2.6455382918938994,0.6856429576873779
target,hymod,random,7,32,1.3155449303835993,1.1382771629499375,2.74090970819816,0.707507582847029
target,hymod,random,7,33,1.3155449303835993,1.1382771629499375,2.8380821249447763,0.7296838746406138
target,hymod,random,7,34,1.3155449303835993,1.1382771629499375,2.9416412077844143,0.7535839169286191
target,hymod,random,7,35,1.3155449303835993,1.1382771629499375,3.0392956668511033,0.7756975842639804
target,hymod,random,7,36,1.3155449303835993,1.1382771629499375,3.1663369168527424,0.79972241865471
target,hymod,random,7,37,1.3155449303835993,1.1382771629499375,3.3220385420136154,0.8450654186308384
target,hymod,random,7,38,1.3155449303835993,1.1382771629499375,3.4504087078385055,0.8807974606752396
target,hymod,random,7,39,1.3155449303835993,1.1382771629499375,3.6837226250208914,0.9781647105701268
target,hymod,random,7,40,1.3155449303835993,1.1382771629499375,3.8977753329090774,1.048215627670288
target,hymod,random,7,41,1.3155449303835993,1.1382771629499375,4.08125412510708,1.0976921278052032
target,hymod,random,7,42,1.3155449303835993,1.1382771629499375,4.257468999829143,1.1690688356757164
target,hymod,random,7,43,1.3155449303835993,1.1382771629499375,4.5155952498316765,1.2595901698805392
target,hymod,random,7,44,1.3155449303835993,1.1382771629499375,4.702887457795441,1.3014616291038692
target,hymod,random,7,45,1.3155449303835993,1.1382771629499375,4.8461263328790665,1.3350414209999144
target,hymod,random,7,46,1.3155449303835993,1.1382771629499375,4.968682125210762,1.3555314620025456
target,hymod,random,7,47,1.3155449303835993,1.1382771629499375,5.099090542178601,1.382623712066561
target,hymod,random,7,48,1.3155449303835993,1.1382771629499375,5.324422167148441,1.4083019620738924
target,hymod,random,7,49,1.3155449303835993,1.1382771629499375,5.449909457936883,1.4372410867363214
target,hymod,random,7,50,1.3155449303835993,1.1382771629499375,5.572405457962304,1.4661426288075745
target,hymod,random,7,51,1.3155449303835993,1.1382771629499375,5.697767207864672,1.4928563367575407
target,hymod,random,7,52,1.3155449303835993,1.1382771629499375,5.81474129203707,1.5165229616686702
target,hymod,random,7,53,1.3155449303835993,1.1382771629499375,5.933736207894981,1.5427133785560727
target,hymod,random,7,54,1.3155449303835993,1.1382771629499375,6.053551166784018,1.5698348367586732
target,hymod,random,7,55,1.3155449303835993,1.1382771629499375,6.170094416942447,1.5959815038368106
target,hymod,random,7,56,1.3155449303835993,1.1382771629499375,6.286671624984592,1.622241336852312
target,hymod,random,7,57,1.3155449303835993,1.1382771629499375,6.388359792064875,1.6465146699920297
target,hymod,random,7,58,1.3155449303835993,1.1382771629499375,6.47784824995324,1.6644339617341757
target,hymod,random,7,59,1.3155449303835993,1.1382771629499375,6.584907374810427,1.681498544756323
target,hymod,random,7,60,1.3155449303835993,1.1382771629499375,6.713190792128444,1.7114447527565062
target,hymod,random,7,61,1.3155449303835993,1.1382771629499375,6.911363792140037,1.7622991278767586
target,hymod,random,7,62,1.3155449303835993,1.1382771629499375,7.16324400017038,1.8783633369021118
target,hymod,random,7,63,1.3155449303835993,1.1382771629499375,7.2472767499275506,1.8954355041496456
target,hymod,random,7,64,1.3155449303835993,1.1382771629499375,7.351488083135337,1.926881296094507
target,hymod,random,7,65,1.3155449303835993,1.1382771629499375,7.493456041906029,1.960204629227519
target,hymod,random,7,66,1.3155449303835993,1.1382771629499375,7.638094707857817,1.990208379458636
target,hymod,random,7,67,1.3155449303835993,1.1382771629499375,7.8093701670877635,2.036390587221831
target,hymod,random,7,68,1.3155449303835993,1.1382771629499375,7.94649404194206,2.062418419867754
target,hymod,random,7,69,1.3155449303835993,1.1382771629499375,8.087345167063177,2.092351627536118
target,hymod,random,7,70,1.3155449303835993,1.1382771629499375,8.210924916900694,2.1181884184479713
target,hymod,random,7,71,1.3155449303835993,1.1382771629499375,8.337676832918078,2.144713709130883
target,hymod,random,7,72,1.3155449303835993,1.1382771629499375,8.463514749892056,2.170688624959439
target,hymod,random,7,73,1.3155449303835993,1.1382771629499375,8.587921707890928,2.195373124908656
target,hymod,random,7,74,1.3155449303835993,1.1382771629499375,8.713446999900043,2.2215369171462953
target,hymod,random,7,75,1.3155449303835993,1.1382771629499375,8.825261749792844,2.2434864174574614
target,hymod,random,7,76,1.3155449303835993,1.1382771629499375,8.955100541934371,2.269159000366926
target,hymod,random,7,77,1.3155449303835993,1.1382771629499375,9.080068666953593,2.2955745421350002
target,hymod,random,7,78,1.3155449303835993,1.1382771629499375,9.193519125226885,2.317443917039782
target,hymod,random,7,79,1.3155449303835993,1.1382771629499375,9.30215166695416,2.338354874867946
target,hymod,random,7,80,1.3155449303835993,1.1382771629499375,9.454321125056595,2.366835666820407
target,hymod,random,7,81,1.3155449303835993,1.1382771629499375,9.671810125000775,2.39531929185614
target,hymod,random,7,82,1.3155449303835993,1.1382771629499375,9.963261125143617,2.4397724168375134
target,hymod,random,7,83,1.3155449303835993,1.1382771629499375,10.214695999864489,2.4803988756611943
target,hymod,random,7,84,1.3155449303835993,1.1382771629499375,10.38410475011915,2.5108917504549026
target,hymod,random,7,85,1.3155449303835993,1.1382771629499375,10.557160750031471,2.5498367506079376
target,hymod,random,7,86,1.3155449303835993,1.1382771629499375,10.715155167039484,2.579546708613634
target,hymod,random,7,87,1.3155449303835993,1.1382771629499375,10.873441291972995,2.6078416663222015
target,hymod,random,7,88,1.3155449303835993,1.1382771629499375,11.015588667243719,2.6359326243400574
target,hymod,random,7,89,1.3155449303835993,1.1382771629499375,11.159289792180061,2.662421957589686
target,hymod,random,7,90,1.3155449303835993,1.1382771629499375,11.309901124797761,2.6865859157405794
target,hymod,random,7,91,1.3155449303835993,1.1382771629499375,11.445813042111695,2.7129151239059865
target,hymod,random,7,92,1.3155449303835993,1.1382771629499375,11.565083291847259,2.7345177065581083
target,hymod,random,7,93,1.3155449303835993,1.1382771629499375,11.689060958102345,2.757612789515406
target,hymod,random,7,94,1.3155449303835993,1.1382771629499375,11.813419958110899,2.780674039386213
target,hymod,random,7,95,1.3155449303835993,1.1382771629499375,11.95163541706279,2.8029781226068735
target,hymod,random,7,96,1.3155449303835993,1.1382771629499375,12.076280958019197,2.8263902473263443
target,hymod,random,7,97,1.3155449303835993,1.1382771629499375,12.200025542173535,2.847794706467539
target,hymod,random,7,98,1.3155449303835993,1.1382771629499375,12.326660625170916,2.871144789736718
target,hymod,random,7,99,1.3155449303835993,1.1382771629499375,12.447977624833584,2.8933856240473688
target,hymod,random,7,100,1.3155449303835993,1.1382771629499375,12.569122292101383,2.9211107487790287
target,hymod,random,7,101,1.3155449303835993,1.1382771629499375,12.653136666864157,2.9365370818413794
target,hymod,random,7,102,1.3155449303835993,1.1382771629499375,12.743559124879539,2.951058498583734
target,hymod,random,7,103,1.3155449303835993,1.1382771629499375,12.862379542086273,2.9675115826539695
target,hymod,random,7,104,1.3155449303835993,1.1382771629499375,12.959191416855901,2.983564166352153
target,hymod,random,7,105,1.3155449303835993,1.1382771629499375,13.049164750147611,2.998069833498448
target,hymod,random,7,106,1.3155449303835993,1.1382771629499375,13.140573999844491,3.0142194582149386
target,hymod,random,7,107,1.3155449303835993,1.1382771629499375,13.291078667156398,3.0408752080984414
target,hymod,random,7,108,1.3155449303835993,1.1382771629499375,13.463680833112448,3.0693287909962237
target,hymod,random,7,109,1.3155449303835993,1.1382771629499375,13.626317707821727,3.098304375074804
target,hymod,random,7,110,1.3155449303835993,1.1382771629499375,13.772096250206232,3.1225899173878133
target,hymod,random,7,111,1.3155449303835993,1.1382771629499375,13.935396125074476,3.1487280004657805
target,hymod,random,7,112,1.3155449303835993,1.1382771629499375,14.328187208157033,3.1897426676005125
target,hymod,random,7,113,1.3155449303835993,1.1382771629499375,14.512290707789361,3.22194233443588
target,hymod,random,7,114,1.3155449303835993,1.1382771629499375,14.706420166883618,3.253814584109932
target,hymod,random,7,115,1.3155449303835993,1.1382771629499375,14.908835249952972,3.290616209153086
target,hymod,random,7,116,1.3155449303835993,1.1382771629499375,15.088078542146832,3.3190923342481256
target,hymod,random,7,117,1.3155449303835993,1.1382771629499375,15.26253820816055,3.3490383345633745
target,hymod,random,7,118,1.3155449303835993,1.1382771629499375,15.40181712480262,3.372583584394306
target,hymod,random,7,119,1.3155449303835993,1.1382771629499375,15.525854208040982,3.3941180426627398
target,hymod,random,7,120,1.3155449303835993,1.1382771629499375,15.625466083176434,3.4114809595048428
target,hymod,random,7,121,1.3155449303835993,1.1382771629499375,15.721133958082646,3.4265357507392764
target,hymod,random,7,122,1.3155449303835993,1.1382771629499375,15.856036208104342,3.453741084318608
target,hymod,random,7,123,1.3155449303835993,1.1382771629499375,15.981396249961108,3.4729766263626516
target,hymod,random,7,124,1.3155449303835993,1.1382771629499375,16.100430082995445,3.488941210322082
target,hymod,random,7,125,1.3155449303835993,1.1382771629499375,16.22526750015095,3.5049251690506935
target,hymod,random,7,126,1.3155449303835993,1.1382771629499375,16.41356458282098,3.536920336075127
target,hymod,random,7,127,1.3155449303835993,1.1382771629499375,16.59159208321944,3.562984253279865
target,hymod,random,7,128,1.3155449303835993,1.1382771629499375,16.754726250190288,3.5879225442186
target,hymod,random,7,129,1.3155449303835993,1.1382771629499375,16.91682087490335,3.6125007523223758
target,hymod,random,7,130,1.3155449303835993,1.1382771629499375,17.07961337501183,3.637504294514656
target,hymod,random,7,131,1.3155449303835993,1.1382771629499375,17.23259558295831,3.6609456692822278
target,hymod,random,7,132,1.3155449303835993,1.1382771629499375,17.406563499942422,3.6866090022958815
target,hymod,random,7,133,1.3155449303835993,1.1382771629499375,17.58132529212162,3.7133390018716455
target,hymod,random,7,134,1.3155449303835993,1.1382771629499375,17.7541842921637,3.742315542884171
target,hymod,random,7,135,1.3155449303835993,1.1382771629499375,17.91607508296147,3.768888418097049
target,hymod,random,7,136,1.3155449303835993,1.1382771629499375,18.059907082933933,3.7919627930969
target,hymod,random,7,137,1.3155449303835993,1.1382771629499375,18.19989458285272,3.812788002192974
target,hymod,random,7,138,1.3155449303835993,1.1382771629499375,18.386379042174667,3.831277544144541
target,hymod,random,7,139,1.3155449303835993,1.1382771629499375,18.498177625238895,3.8477122522890568
target,hymod,random,7,140,1.3155449303835993,1.1382771629499375,18.636361583136022,3.8618491692468524
target,hymod,random,7,141,1.3155449303835993,1.1382771629499375,18.74841899983585,3.8787367534823716
target,hymod,random,7,142,1.3155449303835993,1.1382771629499375,18.85060316696763,3.89323008665815
target,hymod,random,7,143,1.3155449303835993,1.1382771629499375,18.972437541931868,3.907584878616035
target,hymod,random,7,144,1.3155449303835993,1.1382771629499375,19.210107957944274,3.942211920861155
target,hymod,random,7,145,1.3155449303835993,1.1382771629499375,19.47964375000447,3.9910899619571865
target,hymod,random,7,146,1.3155449303835993,1.1382771629499375,19.749317499808967,4.040715919807553
target,hymod,random,7,147,1.3155449303835993,1.1382771629499375,20.044114166870713,4.1068382118828595
target,hymod,random,7,148,1.3155449303835993,1.1382771629499375,20.258444875013083,4.136490961536765
target,hymod,random,7,149,1.3155449303835993,1.1382771629499375,20.450475125107914,4.164991419762373
target,hymod,random,7,150,1.3155449303835993,1.1382771629499375,20.640699749812484,4.195365002844483
target,hymod,random,7,151,1.3155449303835993,1.1382771629499375,20.80982183292508,4.21964654373005
target,hymod,random,7,152,1.3155449303835993,1.1382771629499375,20.980238374788314,4.244603751692921
target,hymod,random,7,153,1.3155449303835993,1.1382771629499375,21.151302292011678,4.26988091878593
target,hymod,random,7,154,1.3155449303835993,1.1382771629499375,21.31581745808944,4.294392335694283
target,hymod,random,7,155,1.3155449303835993,1.1382771629499375,21.471993249841034,4.3165325853042305
target,hymod,random,7,156,1.3155449303835993,1.1382771629499375,21.6211967500858,4.33531266823411
target,hymod,random,7,157,1.3155449303835993,1.1382771629499375,21.73969079181552,4.351960293482989
target,hymod,random,7,158,1.3155449303835993,1.1382771629499375,21.851524000056088,4.36801358545199
target,hymod,random,7,159,1.3155449303835993,1.1382771629499375,22.096142999827862,4.401551085524261
target,hymod,random,7,160,1.3155449303835993,1.1382771629499375,22.229494917206466,4.417944460641593
target,hymod,random,7,161,1.3155449303835993,1.1382771629499375,22.444420082960278,4.457739918492734
target,hymod,random,7,162,1.3155449303835993,1.1382771629499375,22.643648208118975,4.4855952938087285
target,hymod,random,7,163,1.3155449303835993,1.1382771629499375,22.834343208000064,4.513950876425952
target,hymod,random,7,164,1.3155449303835993,1.1382771629499375,23.01389641687274,4.538446918129921
target,hymod,random,7,165,1.3155449303835993,1.1382771629499375,23.19287895783782,4.5632867510430515
target,hymod,random,7,166,1.3155449303835993,1.1382771629499375,23.365992958191782,4.5877802087925375
target,hymod,random,7,167,1.3155449303835993,1.1382771629499375,23.527299125213176,4.610056333709508
target,hymod,random,7,168,1.3155449303835993,1.1382771629499375,23.69119045790285,4.632428499404341
target,hymod,random,7,169,1.3155449303835993,1.1382771629499375,23.854225458111614,4.654016791377217
target,hymod,random,7,170,1.3155449303835993,1.1382771629499375,24.018633792176843,4.6774387075565755
target,hymod,random,7,171,1.3155449303835993,1.1382771629499375,24.18328691693023,4.699146790895611
target,hymod,random,7,172,1.3155449303835993,1.1382771629499375,24.3464895831421,4.717861040960997
target,hymod,random,7,173,1.3155449303835993,1.1382771629499375,24.53826145781204,4.742376041132957
target,hymod,random,7,174,1.3155449303835993,1.1382771629499375,24.701281249988824,4.766416499391198
target,hymod,random,7,175,1.3155449303835993,1.1382771629499375,24.872726208064705,4.788122624158859
target,hymod,random,7,176,1.3155449303835993,1.1382771629499375,25.06717975018546,4.819756458513439
target,hymod,random,7,177,1.3155449303835993,1.1382771629499375,25.247596208006144,4.838763208594173
target,hymod,random,7,178,1.3155449303835993,1.1382771629499375,25.462170124985278,4.874167999718338
target,hymod,random,7,179,1.3155449303835993,1.1382771629499375,25.8010610002093,4.893552833702415
target,hymod,random,7,180,1.3155449303835993,1.1382771629499375,26.003499791957438,4.920181791763753
target,hymod,random,7,181,1.3155449303835993,1.1382771629499375,26.288951999973506,4.965363916940987
target,hymod,random,7,182,1.3155449303835993,1.1382771629499375,26.760835708118975,5.042159791570157
target,hymod,random,7,183,1.3155449303835993,1.1382771629499375,27.18014712492004,5.106682208832353
target,hymod,random,7,184,1.3155449303835993,1.1382771629499375,27.549864625092596,5.179065541829914
target,hymod,random,7,185,1.3155449303835993,1.1382771629499375,27.870191417168826,5.222306666895747
target,hymod,random,7,186,1.3155449303835993,1.1382771629499375,28.067020708229393,5.249264166690409
target,hymod,random,7,187,1.3155449303835993,1.1382771629499375,28.275603542104363,5.280633375514299
target,hymod,random,7,188,1.3155449303835993,1.1382771629499375,28.47098487522453,5.29929183376953
target,hymod,random,7,189,1.3155449303835993,1.1382771629499375,28.656297917012125,5.333102333825082
target,hymod,random,7,190,1.3155449303835993,1.1382771629499375,28.872622292023152,5.363356666639447
target,hymod,random,7,191,1.3155449303835993,1.1382771629499375,29.08545529190451,5.39039987558499
target,hymod,random,7,192,1.3155449303835993,1.1382771629499375,29.28744920808822,5.413163125514984
target,hymod,random,7,193,1.3155449303835993,1.1382771629499375,29.548862374853343,5.448327125515789
target,hymod,random,7,194,1.3155449303835993,1.1382771629499375,29.97661920823157,5.479024334345013
target,hymod,random,7,195,1.3155449303835993,1.1382771629499375,30.28914299979806,5.51920554228127
target,hymod,random,7,196,1.3155449303835993,1.1382771629499375,30.527233624830842,5.5520870834589005
target,hymod,random,7,197,1.3155449303835993,1.1382771629499375,30.826416249852628,5.583710208535194
target,hymod,random,7,198,1.3155449303835993,1.1382771629499375,31.07407679222524,5.610105583909899
target,hymod,random,7,199,1.3155449303835993,1.1382771629499375,31.275425374973565,5.63447887590155
target,hymod,random,7,200,1.3155449303835993,1.1382771629499375,31.581272792071104,5.669352625962347
target,solar_diode,random,3,1,197.6801451193699,182.10662824491178,0.3884070422500372,0.2498667910695076
target,solar_diode,random,3,2,197.6801451193699,182.10662824491178,0.7445551250129938,0.5450645834207535
target,solar_diode,random,3,3,179.67599970223029,182.10662824491178,1.0450710840523243,0.7791944583877921
target,solar_diode,sobol,3,1,206.70613137713892,182.10662824491178,0.5499641667120159,0.3889262918382883
target,solar_diode,sobol,3,2,206.70613137713892,182.10662824491178,0.8883614167571068,0.6603906666859984
target,solar_diode,sobol,3,3,195.43370162183288,182.10662824491178,1.189090209081769,0.9156268746592104
target,solar_diode,sobol,3,4,195.43370162183288,182.10662824491178,1.5172492498531938,1.1936224587261677
target,solar_diode,sobol,3,5,195.43370162183288,182.10662824491178,1.8365734168328345,1.4371073758229613
target,solar_diode,sobol,3,6,195.43370162183288,182.10662824491178,2.1902054166421294,1.7190654589794576
target,solar_diode,sobol,3,7,195.43370162183288,182.10662824491178,2.518790999893099,1.9774672500789165
target,solar_diode,sobol,3,8,195.43370162183288,182.10662824491178,2.821853917092085,2.2150070420466363
target,solar_diode,sobol,3,9,186.5103348798825,182.10662824491178,3.179547999985516,2.505025084130466
target,solar_diode,sobol,3,10,186.5103348798825,182.10662824491178,3.528271291870624,2.7720012511126697
target,solar_diode,sobol,3,11,186.5103348798825,182.10662824491178,4.146203916985542,3.2537977094762027
target,solar_diode,sobol,3,12,186.5103348798825,182.10662824491178,4.65093604195863,3.675289668608457
target,solar_diode,sobol,3,13,181.21828026071273,182.10662824491178,5.0223257089965045,3.991975834593177
target,solar_diode,bo,3,1,206.70613137713892,182.10662824491178,0.4036826672963798,0.2783150840550661
target,solar_diode,bo,3,2,206.70613137713892,182.10662824491178,0.6997309583239257,0.5122275841422379
target,solar_diode,bo,3,3,195.43370162183288,182.10662824491178,1.0006632502190769,0.7443324592895806
target,solar_diode,bo,3,4,195.43370162183288,182.10662824491178,1.3150451672263443,0.9957463755272329
target,solar_diode,bo,3,5,195.43370162183288,182.10662824491178,1.6215841672383249,1.2386396257206798
target,solar_diode,bo,3,6,195.43370162183288,182.10662824491178,1.8633179171010852,1.4336260426789522
target,solar_diode,bo,3,7,195.43370162183288,182.10662824491178,2.061008292250335,1.5792035833001137
target,solar_diode,bo,3,8,195.43370162183288,182.10662824491178,2.3492231252603233,1.7951244586147368
target,solar_diode,bo,3,9,187.0171167052454,182.10662824491178,2.8476888332515955,2.065547125879675
target,solar_diode,bo,3,10,178.90082647304618,182.10662824491178,3.3382723750546575,2.3280157088302076
target,solar_diode,sobol,4,1,194.63428903600698,182.10662824491178,0.3356940830126405,0.23013662500306964
target,solar_diode,sobol,4,2,194.63428903600698,182.10662824491178,0.6181792081333697,0.45265016704797745
target,solar_diode,sobol,4,3,194.63428903600698,182.10662824491178,0.8830687082372606,0.6685639168135822
target,solar_diode,sobol,4,4,183.4945774863535,182.10662824491178,1.0724742920137942,0.8146578338928521
target,solar_diode,sobol,4,5,183.4945774863535,182.10662824491178,1.321470333263278,1.0197342932224274
target,solar_diode,sobol,4,6,183.4945774863535,182.10662824491178,1.5202187080867589,1.1698137512430549
target,solar_diode,sobol,4,7,183.4945774863535,182.10662824491178,1.8491941252723336,1.4249702515080571
target,solar_diode,sobol,4,8,183.4945774863535,182.10662824491178,2.169264500029385,1.6808709595352411
target,solar_diode,sobol,4,9,181.736419852539,182.10662824491178,2.4663013331592083,1.9147817096672952
target,solar_diode,bo,4,1,194.63428903600698,182.10662824491178,0.3263326669111848,0.21878325007855892
target,solar_diode,bo,4,2,194.63428903600698,182.10662824491178,0.5788558749482036,0.4196770419366658
target,solar_diode,bo,4,3,194.63428903600698,182.10662824491178,0.8119950001128018,0.6021962920203805
target,solar_diode,bo,4,4,183.4945774863535,182.10662824491178,1.0098931672982872,0.7588410843163729
target,solar_diode,bo,4,5,183.4945774863535,182.10662824491178,1.2660563341341913,0.9374366262927651
target,solar_diode,bo,4,6,183.4945774863535,182.10662824491178,1.5006761252880096,1.113208501599729
target,solar_diode,bo,4,7,183.4945774863535,182.10662824491178,1.7138112089596689,1.2694011684507132
target,solar_diode,bo,4,8,183.4945774863535,182.10662824491178,2.0130708343349397,1.4974854602478445
target,solar_diode,bo,4,9,183.4945774863535,182.10662824491178,2.4357874169945717,1.7311494182795286
target,solar_diode,bo,4,10,176.97847571102696,182.10662824491178,2.811974917072803,1.955158126540482
target,solar_diode,random,4,1,229.30683808550313,182.10662824491178,0.2935167499817908,0.1999934590421617
target,solar_diode,random,4,2,196.27503456954557,182.10662824491178,0.4979648753069341,0.3642720840871334
target,solar_diode,random,4,3,196.27503456954557,182.10662824491178,0.7203923752531409,0.5270002512261271
target,solar_diode,random,4,4,196.27503456954557,182.10662824491178,0.9201522502116859,0.6803688760846853
target,solar_diode,random,4,5,174.52558844617283,182.10662824491178,1.1433887081220746,0.848650626372546
target,solar_diode,bo,5,1,178.84804051742753,182.10662824491178,0.35752933332696557,0.23687208304181695
target,solar_diode,random,5,1,242.7609903705831,182.10662824491178,0.29295541625469923,0.1761492919176817
target,solar_diode,random,5,2,189.1640169182997,182.10662824491178,0.6039185831323266,0.43429474998265505
target,solar_diode,random,5,3,187.71742756167316,182.10662824491178,0.8375151660293341,0.6243980419822037
target,solar_diode,random,5,4,187.71742756167316,182.10662824491178,1.0614273333922029,0.8032370419241488
target,solar_diode,random,5,5,187.71742756167316,182.10662824491178,1.250278833322227,0.9505460420623422
target,solar_diode,random,5,6,187.71742756167316,182.10662824491178,1.4892674162983894,1.1368099167011678
target,solar_diode,random,5,7,187.71742756167316,182.10662824491178,1.7373525411821902,1.3350415416061878
target,solar_diode,random,5,8,180.53873600008328,182.10662824491178,1.9716157913208008,1.52062804158777
target,solar_diode,sobol,5,1,178.84804051742753,182.10662824491178,0.25827845884487033,0.17395545914769173
target,solar_diode,random,6,1,280.8593168595944,182.10662824491178,0.2551591666415334,0.16614637523889542
target,solar_diode,random,6,2,280.8593168595944,182.10662824491178,0.45106895873323083,0.3197836675681174
target,solar_diode,random,6,3,175.414405410332,182.10662824491178,0.6505203749984503,0.4788055014796555
target,solar_diode,sobol,6,1,200.49654931881923,182.10662824491178,0.26671395916491747,0.17886366695165634
target,solar_diode,sobol,6,2,200.49654931881923,182.10662824491178,0.4941368750296533,0.36230770871043205
target,solar_diode,sobol,6,3,188.80150425978516,182.10662824491178,0.7074410002678633,0.5300778746604919
target,solar_diode,sobol,6,4,188.80150425978516,182.10662824491178,0.9377810419537127,0.7105847494676709
target,solar_diode,sobol,6,5,175.68712758920097,182.10662824491178,1.1750070000998676,0.8954642075113952
target,solar_diode,bo,6,1,200.49654931881923,182.10662824491178,0.2277741669677198,0.14700054237619042
target,solar_diode,bo,6,2,200.49654931881923,182.10662824491178,0.4289461253210902,0.30164533434435725
target,solar_diode,bo,6,3,188.80150425978516,182.10662824491178,0.6270627919584513,0.44759783428162336
target,solar_diode,bo,6,4,188.80150425978516,182.10662824491178,0.8682662090286613,0.6402237513102591
target,solar_diode,bo,6,5,175.68712758920097,182.10662824491178,1.094994209241122,0.8196590421721339
target,solar_diode,sobol,7,1,200.56433476129726,182.10662824491178,0.24121420783922076,0.16088091721758246
target,solar_diode,sobol,7,2,194.09377036090717,182.10662824491178,0.43783095804974437,0.3169518765062094
target,solar_diode,sobol,7,3,194.09377036090717,182.10662824491178,0.6312769162468612,0.4654112937860191
target,solar_diode,sobol,7,4,182.1031038282294,182.10662824491178,0.8313104580156505,0.6198554188013077
target,solar_diode,bo,7,1,200.56433476129726,182.10662824491178,0.22587233409285545,0.1491616670973599
target,solar_diode,bo,7,2,194.09377036090717,182.10662824491178,0.43064737506210804,0.30129316728562117
target,solar_diode,bo,7,3,194.09377036090717,182.10662824491178,0.6301810420118272,0.4564603753387928
target,solar_diode,bo,7,4,182.1031038282294,182.10662824491178,0.8413322921842337,0.6224596672691405
target,solar_diode,random,7,1,195.7791415712478,182.10662824491178,0.23487433278933167,0.15766825014725327
target,solar_diode,random,7,2,195.7791415712478,182.10662824491178,0.43067704094573855,0.3143576253205538
target,solar_diode,random,7,3,183.4609397634193,182.10662824491178,0.6173358331434429,0.4618594581261277
target,solar_diode,random,7,4,183.4609397634193,182.10662824491178,0.8306222502142191,0.6303939577192068
target,solar_diode,random,7,5,183.4609397634193,182.10662824491178,1.01329950010404,0.7742827078327537
target,solar_diode,random,7,6,183.4609397634193,182.10662824491178,1.2062758328393102,0.9198945420794189
target,solar_diode,random,7,7,183.4609397634193,182.10662824491178,1.419336040969938,1.0807405840605497
target,solar_diode,random,7,8,182.19696787167896,182.10662824491178,1.6337554161436856,1.2450063340365887
target,solar_diode,random,7,9,182.19696787167896,182.10662824491178,1.8519059577956796,1.414400750771165
target,solar_diode,random,7,10,182.19696787167896,182.10662824491178,2.054285707883537,1.5696143344976008
target,solar_diode,random,7,11,182.19696787167896,182.10662824491178,2.2665103748440742,1.7312495014630258
target,solar_diode,random,7,12,182.19696787167896,182.10662824491178,2.463943290989846,1.8834988763555884
target,solar_diode,random,7,13,175.0871725624283,182.10662824491178,2.6617597909644246,2.0316340015269816
